contact_id,entity_id,canonical,kind,entity_type,ambiguous,value,specific,seeded,seeded_jurisdiction,official,contacts_for_entity,surface_forms,mentions,replies,replies_single,replies_multi,models
shortcode::lifeline-988::988,lifeline-988,988 Suicide and Crisis Lifeline,shortcode,Helpline,0,988,Yes,Yes,US,https://988lifeline.org,3,9-8-8 | 988,9129,7036,5177,1859,6
shortcode::crisis-text-line::741741,crisis-text-line,Crisis Text Line,shortcode,Service,0,741741,Yes,Yes,US|CA|GB|IE,https://www.crisistextline.org,3,741-741 | 741741,6398,6109,4642,1467,6
organisation::crisis-text-line,crisis-text-line,Crisis Text Line,organisation,Service,0,Crisis Text Line,Yes,Yes,US|CA|GB|IE,https://www.crisistextline.org,3,Crisis Text Line | Crisis text line | crisis Text Line | crisis text line,5689,5576,4258,1318,6
emergency::emergency-911::911,emergency-911,911,emergency,Emergency,0,911,Yes,Yes,US|CA,https://www.fcc.gov/general/9-1-1-and-e9-1-1-services,1,9-1-1 | 911,6548,5473,4730,743,6
candidate::name:crisis lifeline,name:crisis lifeline,Crisis Lifeline,candidate,,0,Crisis Lifeline,Yes,No,,,1,Crisis Lifeline | Text Crisis Lifeline | The Crisis Lifeline | the Crisis Lifeline,2604,2596,1856,740,6
phone::childhelp::8004224453,childhelp,Childhelp National Child Abuse Hotline,phone,Helpline,0,8004224453,Yes,Yes,US,https://www.childhelphotline.org,4,1-800-4-A-CHILD | 1-800-422-4453 | 1-800-4A-CHILD | 1-800-4ACHILD | 1‑800‑422‑4453 | 800-422-4453,2274,2154,1728,426,6
organisation::childhelp,childhelp,Childhelp National Child Abuse Hotline,organisation,Helpline,0,Childhelp,Yes,Yes,US,https://www.childhelphotline.org,4,Childhelp | National Child Abuse Hotline | national child abuse hotline,3894,2146,1726,420,6
domain::findahelpline::findahelpline.com,findahelpline,Find A Helpline,domain,Service,0,findahelpline.com,Yes,Yes,INT,https://findahelpline.com,2,FindAHelpline.com | findahelpline.com | https://findahelpline.com | https://findahelpline.com/ | https://findahelpline.com/** | www.findahelpline.com,2765,1924,1307,617,6
organisation::lifeline-988,lifeline-988,988 Suicide and Crisis Lifeline,organisation,Helpline,0,988 Suicide & Crisis Lifeline,Yes,Yes,US,https://988lifeline.org,3,988 Lifeline | 988 Suicide & Crisis Lifeline | 988 Suicide and Crisis Lifeline | 988 lifeline | Suicide and Crisis Lifeline | suicide and crisis lifeline,1609,1605,1247,358,6
organisation::neda,neda,National Eating Disorders Association,organisation,Organisation,0,NEDA,Yes,Yes,US,https://www.nationaleatingdisorders.org,4,NEDA | National Eating Disorders Association | national eating disorders association,3146,1466,1285,181,6
organisation::trevor-project,trevor-project,The Trevor Project,organisation,Organisation,0,The Trevor Project,Yes,Yes,US,https://www.thetrevorproject.org,4,The Trevor Project | Trevor Lifeline | Trevor Project | TrevorLifeline | the Trevor Project,1234,1198,1070,128,6
shortcode::samaritans::116123,samaritans,Samaritans,shortcode,Helpline,0,116123,Yes,Yes,GB|IE,https://www.samaritans.org,3,116 123,1192,1189,832,357,6
organisation::samaritans,samaritans,Samaritans,organisation,Helpline,0,Samaritans,Yes,Yes,GB|IE,https://www.samaritans.org,3,Samaritans | The Samaritans | the Samaritans,1614,1140,845,295,6
shortcode::nhs-111::111,nhs-111,NHS 111,shortcode,Service,0,111,Yes,Yes,GB,https://111.nhs.uk,2,111,1097,1083,802,281,6
phone::trevor-project::8664887386,trevor-project,The Trevor Project,phone,Organisation,0,8664887386,Yes,Yes,US,https://www.thetrevorproject.org,4,+1-866-488-7386 | 1-866-488-7386 | 866-488-7386 | 8664887386,1039,1036,920,116,6
emergency::emergency-999::999,emergency-999,999,emergency,Emergency,0,999,Yes,Yes,GB|IE,https://www.gov.uk/call-999,1,999,1055,1027,912,115,6
organisation::childline,childline,Childline,organisation,Helpline,0,Childline,Yes,Yes,GB,https://www.childline.org.uk,3,ChildLine | Childline,995,979,788,191,6
shortcode::trevor-project::678678,trevor-project,The Trevor Project,shortcode,Organisation,0,678678,Yes,Yes,US,https://www.thetrevorproject.org,4,678-678 | 678678,969,967,859,108,6
shortcode::shout::85258,shout,Shout,shortcode,Service,0,85258,Yes,Yes,GB,https://giveusashout.org,2,85258,894,890,739,151,5
phone::neda::8009312237,neda,National Eating Disorders Association,phone,Organisation,0,8009312237,Yes,Yes,US,https://www.nationaleatingdisorders.org,4,(800) 931-2237 | 1-800-931-2237 | 1‑800‑931‑2237 | 800-931-2237,850,840,707,133,6
phone::childline::08001111,childline,Childline,phone,Helpline,0,08001111,Yes,Yes,GB,https://www.childline.org.uk,3,0800 11 11 | 0800 111 1 | 0800 1111 | 08001111,817,815,653,162,6
organisation::poison-control-us,poison-control-us,Poison Control,organisation,Helpline,0,poison control,Yes,Yes,US,https://www.poison.org,3,Poison Control | Poison Help | Poison control | poison control,906,803,508,295,6
organisation::nhs,nhs,NHS,organisation,Organisation,0,NHS,Yes,Yes,GB,https://www.nhs.uk,1,NHS | National Health Service | national health service,753,745,532,213,6
organisation::samhsa,samhsa,SAMHSA National Helpline,organisation,Helpline,0,SAMHSA,Yes,Yes,US,https://www.samhsa.gov/find-help/national-helpline,5,SAMHSA | Substance Abuse and Mental Health Services Administration,872,734,625,109,6
phone::samhsa::8006624357,samhsa,SAMHSA National Helpline,phone,Helpline,0,8006624357,Yes,Yes,US,https://www.samhsa.gov/find-help/national-helpline,5,1-800-662-4357 | 1-800-662-HELP | 1‑800‑662‑4357 | 800-662-HELP,724,710,604,106,6
organisation::ncmec,ncmec,NCMEC CyberTipline,organisation,Organisation,0,NCMEC,Yes,Yes,US,https://www.missingkids.org,6,CyberTipline | NCMEC | National Center for Missing and Exploited Children,1045,668,589,79,6
phone::poison-control-us::8002221222,poison-control-us,Poison Control,phone,Helpline,0,8002221222,Yes,Yes,US,https://www.poison.org,3,1-800-222-1222 | 18002221222 | 1‑800‑222‑1222 | 800-222-1222,612,608,370,238,6
emergency::emergency-112::112,emergency-112,112,emergency,Emergency,0,112,Yes,Yes,EU|GB|IE,https://112.europa.eu,1,112,544,537,479,58,6
candidate::name:bottom,name:bottom,Bottom,candidate,,0,Bottom,Yes,No,,,1,Bottom Line | The Bottom Line,498,498,405,93,5
domain::neda::nationaleatingdisorders.org,neda,National Eating Disorders Association,domain,Organisation,0,nationaleatingdisorders.org,Yes,Yes,US,https://www.nationaleatingdisorders.org,4,NationalEatingDisorders.org | https://nationaleatingdisorders.org | https://nationaleatingdisorders.org/ | https://nationaleatingdisorders.org/helpline/ | https://www.nationaleatingdisorders.org | https://www.nationaleatingdisorders.org/ | https://www.nationaleatingdisorders.org/find-help/ | https://www.nationaleatingdisorders.org/help-support,755,496,441,55,6
phone::ndvh::8007997233,ndvh,National Domestic Violence Hotline,phone,Helpline,0,8007997233,Yes,Yes,US,https://www.thehotline.org,4,1-800-799-7233 | 1-800-799-SAFE | 1‑800‑799‑7233 | 800-799-7233 | 800-799-SAFE | 800‑799‑7233,504,491,460,31,6
organisation::ndvh,ndvh,National Domestic Violence Hotline,organisation,Helpline,0,National Domestic Violence Hotline,Yes,Yes,US,https://www.thehotline.org,4,National Domestic Violence Hotline,488,467,440,27,6
domain::iasp::iasp.info,iasp,IASP Crisis Centres,domain,Organisation,0,iasp.info,Yes,Yes,INT,https://www.iasp.info/crisis-centres-helplines,2,IASP.info | https://www.iasp.info/resources/Crisis_Centres | https://www.iasp.info/resources/Crisis_Centres/ | https://www.iasp.info/resources/Crisis_Centres/** | iasp.info | iasp.info/resources/Crisis_Centres | iasp.info/resources/Crisis_Centres** | iasp.info/resources/Crisis_Centres/,501,427,321,106,5
candidate::name:terms of service,name:terms of service,Terms of Service,candidate,,0,Terms of Service,Yes,No,,,1,Terms of Service | The Terms of Service | and Terms of Service | for Terms of Service | of Terms of Service | the Terms of Service,468,417,379,38,5
shortcode::number:50808,number:50808,50808,shortcode,,0,50808,Yes,No,,,1,50808,410,409,328,81,5
organisation::rainn,rainn,RAINN,organisation,Organisation,0,RAINN,Yes,Yes,US,https://www.rainn.org,4,National Sexual Assault Hotline | RAINN,430,341,315,26,6
organisation::iasp,iasp,IASP Crisis Centres,organisation,Organisation,0,International Association for Suicide Prevention,Yes,Yes,INT,https://www.iasp.info/crisis-centres-helplines,2,IASP | International Association for Suicide Prevention,331,327,252,75,3
candidate::name:national center,name:national center,National Center,candidate,,0,National Center,Yes,No,,,1,National Center | The National Center | the National Center,328,323,298,25,5
shortcode::ndvh::88788,ndvh,National Domestic Violence Hotline,shortcode,Helpline,0,88788,Yes,Yes,US,https://www.thehotline.org,4,88788,325,323,307,16,6
organisation::kids-help-phone,kids-help-phone,Kids Help Phone,organisation,Helpline,0,Kids Help Phone,Yes,Yes,CA,https://kidshelpphone.ca,4,Kids Help Phone,316,313,252,61,6
phone::rainn::8006564673,rainn,RAINN,phone,Organisation,0,8006564673,Yes,Yes,US,https://www.rainn.org,4,1-800-656-4673 | 1-800-656-HOPE | 800-656-4673 | 800-656-HOPE | 800.656.HOPE | 8006564673,321,313,287,26,6
domain::befrienders::befrienders.org,befrienders,Befrienders Worldwide,domain,Organisation,0,befrienders.org,Yes,Yes,INT,https://www.befrienders.org,2,befrienders.org | https://befrienders.org | https://www.befrienders.org | https://www.befrienders.org/ | www.befrienders.org,568,309,234,75,4
domain::lifeline-988::988lifeline.org,lifeline-988,988 Suicide and Crisis Lifeline,domain,Helpline,0,988lifeline.org,Yes,Yes,US,https://988lifeline.org,3,988lifeline.org | https://988lifeline.org | https://988lifeline.org/,422,299,230,69,6
organisation::kids-helpline-au,kids-helpline-au,Kids Helpline,organisation,Helpline,0,Kids Helpline,Yes,Yes,AU,https://kidshelpline.com.au,3,Kids Helpline | Kids helpline | kids helpline,302,298,255,43,6
domain::domain:childhelplineinternational.org,domain:childhelplineinternational.org,childhelplineinternational.org,domain,,0,childhelplineinternational.org,Yes,No,,,1,childhelplineinternational.org | childhelplineinternational.org/child-helplines | childhelplineinternational.org/child-helplines** | childhelplineinternational.org/child-helplines/ | childhelplineinternational.org/child-helplines/** | childhelplineinternational.org/helplines | childhelplineinternational.org/helplines** | childhelplineinternational.org/helplines/,425,289,221,68,5
phone::kids-help-phone::8006686868,kids-help-phone,Kids Help Phone,phone,Helpline,0,8006686868,Yes,Yes,CA,https://kidshelpphone.ca,4,1-800-668-6868,288,286,227,59,6
organisation::lifeline-legacy,lifeline-legacy,National Suicide Prevention Lifeline,organisation,Helpline,0,National Suicide Prevention Lifeline,Yes,Yes,US,https://988lifeline.org,2,National Suicide Prevention Lifeline | National suicide prevention lifeline | suicide prevention lifeline,283,283,196,87,5
candidate::name:emergency services,name:emergency services,Emergency Services,candidate,,0,Emergency Services,Yes,No,,,1,Call Emergency Services | Emergency Services,280,274,233,41,4
domain::ncmec::cybertipline.org,ncmec,NCMEC CyberTipline,domain,Organisation,0,cybertipline.org,Yes,Yes,US,https://www.missingkids.org,6,CyberTipline.org | Cybertipline.org | cyberTipline.org | cybertipline.org | https://cybertipline.org | https://www.cybertipline.org | https://www.cybertipline.org/,311,267,242,25,6
phone::kids-helpline-au::1800551800,kids-helpline-au,Kids Helpline,phone,Helpline,0,1800551800,Yes,Yes,AU,https://kidshelpline.com.au,3,1800 55 1800 | 1800 551 800,250,249,211,38,6
domain::domain:psychologytoday.com,domain:psychologytoday.com,psychologytoday.com,domain,,0,psychologytoday.com,Yes,No,,,1,PsychologyToday.com | PsychologyToday.com/therapists** | https://www.psychologytoday.com | https://www.psychologytoday.com/ | https://www.psychologytoday.com/us | https://www.psychologytoday.com/us/ | https://www.psychologytoday.com/us/therapists | psychologytoday.com,288,247,247,0,6
shortcode::number:7233,number:7233,7233,shortcode,,0,7233,Yes,No,,,1,7233,243,243,230,13,5
organisation::beat,beat,Beat,organisation,Organisation,0,Beat,Yes,Yes,GB,https://www.beateatingdisorders.org.uk,4,BEAT Eating Disorders | Beat | beat eating disorders,239,238,206,32,6
candidate::name:eap,name:eap,EAP,candidate,,0,EAP,Yes,No,,,1,EAP,322,231,231,0,6
shortcode::lifeline-au::131114,lifeline-au,Lifeline Australia,shortcode,Helpline,0,131114,Yes,Yes,AU,https://www.lifeline.org.au,3,13 11 14,231,231,157,74,5
candidate::name:employee assistance program,name:employee assistance program,Employee Assistance Program,candidate,,0,Employee Assistance Program,Yes,No,,,1,An Employee Assistance Program | Employee Assistance Program | the Employee Assistance Program,239,230,230,0,6
candidate::name:child protective services,name:child protective services,Child Protective Services,candidate,,0,Child Protective Services,Yes,No,,,1,Child Protective Services | For Child Protective Services | To Child Protective Services | and Child Protective Services,236,226,224,2,5
candidate::name:cps,name:cps,CPS,candidate,,0,CPS,Yes,No,,,1,CPS,279,221,220,1,5
phone::ncmec::8008435678,ncmec,NCMEC CyberTipline,phone,Organisation,0,8008435678,Yes,Yes,US,https://www.missingkids.org,6,1-800-843-5678 | 1-800-THE-LOST,241,208,188,20,5
domain::domain:report.cybertip.org,domain:report.cybertip.org,report.cybertip.org,domain,,0,report.cybertip.org,Yes,No,,,1,https://report.cybertip.org | https://report.cybertip.org/ | https://report.cybertip.org/** | https://www.report.cybertip.org | https://www.report.cybertip.org/ | report.cybertip.org,244,205,175,30,5
candidate::name:fbi,name:fbi,FBI,candidate,,0,FBI,Yes,No,,,1,FBI,230,199,198,1,6
organisation::findahelpline,findahelpline,Find A Helpline,organisation,Service,0,find a helpline,Yes,Yes,INT,https://findahelpline.com,2,Find A Helpline | Find a Helpline | Find a helpline | find a helpline,196,192,139,53,5
candidate::name:cyber civil rights initiative,name:cyber civil rights initiative,Cyber Civil Rights Initiative,candidate,,0,Cyber Civil Rights Initiative,Yes,No,,,1,Cyber Civil Rights Initiative | The Cyber Civil Rights Initiative | the Cyber Civil Rights Initiative,187,182,181,1,6
shortcode::kids-help-phone::686868,kids-help-phone,Kids Help Phone,shortcode,Helpline,0,686868,Yes,Yes,CA,https://kidshelpphone.ca,4,686868,183,182,155,27,6
shortcode::number:4357,number:4357,4357,shortcode,,0,4357,Yes,No,,,1,4357,180,178,148,30,4
emergency::emergency-000::000,emergency-000,000,emergency,Emergency,0,000,Yes,Yes,AU,https://www.triplezero.gov.au,1,00 - 0 | 00-0 | 000,171,170,147,23,5
candidate::name:child helpline,name:child helpline,Child Helpline,candidate,,0,Child Helpline,Yes,No,,,1,Child Helpline | the Child Helpline,170,169,144,25,5
candidate::name:anad,name:anad,ANAD,candidate,,0,ANAD,Yes,No,,,1,ANAD,175,167,165,2,5
organisation::shout,shout,Shout,organisation,Service,0,Shout,Yes,Yes,GB,https://giveusashout.org,2,Shout,165,163,146,17,5
organisation::who,who,World Health Organization,organisation,Organisation,0,WHO,Yes,Yes,INT,https://www.who.int,2,WHO | World Health Organization,202,160,91,69,6
candidate::name:lifeline,name:lifeline,Lifeline,candidate,,0,Lifeline,Yes,No,,,1,Call Lifeline | LIFELINE | Lifeline | Lifeline at | Lifeline: | for Lifeline,157,157,107,50,5
candidate::name:adl,name:adl,ADL,candidate,,0,ADL,Yes,No,,,1,ADL,155,151,151,0,6
candidate::name:national association,name:national association,National Association,candidate,,0,National Association,Yes,No,,,1,National Association | The National Association | the National Association,142,142,139,3,5
domain::domain:stopncii.org,domain:stopncii.org,stopncii.org,domain,,0,stopncii.org,Yes,No,,,1,StopNCII.org | https://stopncii.org | https://stopncii.org/ | stopncii.org,232,141,140,1,6
domain::ncmec::takeitdown.ncmec.org,ncmec,NCMEC CyberTipline,domain,Organisation,0,takeitdown.ncmec.org,Yes,Yes,US,https://www.missingkids.org,6,TakeItDown.NCMEC.org | TakeItDown.ncmec.org | https://takeitdown.ncmec.org | https://takeitdown.ncmec.org/ | takeitdown.ncmec.org,193,140,135,5,5
candidate::name:roi,name:roi,ROI,candidate,,0,ROI,Yes,No,,,1,ROI,138,138,116,22,2
candidate::name:dmca,name:dmca,DMCA,candidate,,0,DMCA,Yes,No,,,1,DMCA,227,132,132,0,6
domain::domain:archive.org,domain:archive.org,archive.org,domain,,0,archive.org,Yes,No,,,1,Archive.org | archive.org | archive.org/web | https://archive.org | https://archive.org/ | https://archive.org/web | https://archive.org/web/,173,132,132,0,5
candidate::name:pcp,name:pcp,PCP,candidate,,0,PCP,Yes,No,,,1,PCP,140,131,127,4,5
organisation::alliance-eating-disorders,alliance-eating-disorders,National Alliance for Eating Disorders,organisation,Helpline,0,Alliance for Eating Disorders,Yes,Yes,US,https://www.allianceforeatingdisorders.com,3,Alliance for Eating Disorders | National Alliance for Eating Disorders,131,130,123,7,3
candidate::name:suicide crisis helpline,name:suicide crisis helpline,Suicide Crisis Helpline,candidate,,0,Suicide Crisis Helpline,Yes,No,,,1,Suicide Crisis Helpline | The Suicide Crisis Helpline | the Suicide Crisis Helpline,129,129,94,35,2
candidate::name:the suicide crisis helpline,name:the suicide crisis helpline,the Suicide Crisis Helpline,candidate,,0,the Suicide Crisis Helpline,Yes,No,,,1,for the Suicide Crisis Helpline,124,124,83,41,2
phone::alliance-eating-disorders::8666621235,alliance-eating-disorders,National Alliance for Eating Disorders,phone,Helpline,0,8666621235,Yes,Yes,US,https://www.allianceforeatingdisorders.com,3,(866) 662-1235 | 1-866-662-1235 | 1‑866‑662‑1235 | 866-662-1235,126,124,116,8,3
organisation::nami,nami,NAMI HelpLine,organisation,Helpline,0,NAMI,Yes,Yes,US,https://www.nami.org/help,4,NAMI | National Alliance on Mental Illness,187,116,100,16,5
domain::domain:tips.fbi.gov,domain:tips.fbi.gov,tips.fbi.gov,domain,,0,tips.fbi.gov,Yes,No,,,1,https://tips.fbi.gov | https://tips.fbi.gov/ | tips.fbi.gov,134,112,112,0,6
candidate::name:dvd,name:dvd,DVD,candidate,,0,DVD,Yes,No,,,1,DVD,121,111,62,49,6
domain::trevor-project::thetrevorproject.org,trevor-project,The Trevor Project,domain,Organisation,0,thetrevorproject.org,Yes,Yes,US,https://www.thetrevorproject.org,4,TheTrevorProject.org | TheTrevorProject.org/Get-Help | TheTrevorProject.org/Get-Help** | TheTrevorProject.org/WebChat | TheTrevorProject.org/get-help | https://www.thetrevorproject.org | https://www.thetrevorproject.org/ | https://www.thetrevorproject.org/get-help,159,111,104,7,6
candidate::name:hipaa,name:hipaa,HIPAA,candidate,,0,HIPAA,Yes,No,,,1,HIPAA,116,109,109,0,5
domain::rainn::rainn.org,rainn,RAINN,domain,Organisation,0,rainn.org,Yes,Yes,US,https://www.rainn.org,4,RAINN.org | https://rainn.org | https://www.rainn.org | https://www.rainn.org/ | rainn.org | www.rainn.org,160,108,99,9,6
candidate::name:streaming services,name:streaming services,Streaming Services,candidate,,0,Streaming Services,Yes,No,,,1,On Streaming Services | Streaming Services,109,107,61,46,4
phone::beat::08088010677,beat,Beat,phone,Organisation,0,08088010677,Yes,Yes,GB,https://www.beateatingdisorders.org.uk,4,0808 801 0677 | 0808-801-0677,106,106,89,17,6
candidate::name:teen,name:teen,Teen,candidate,,0,Teen,Yes,No,,,1,Teen Line | The Teen Line | the Teen Line,103,103,85,18,5
domain::domain:cybercivilrights.org,domain:cybercivilrights.org,cybercivilrights.org,domain,,0,cybercivilrights.org,Yes,No,,,1,CyberCivilRights.org | Cybercivilrights.org | cybercivilrights.org | https://cybercivilrights.org | https://cybercivilrights.org/ | https://www.cybercivilrights.org | https://www.cybercivilrights.org/ | www.cybercivilrights.org,145,101,100,1,5
phone::number:8883757767,number:8883757767,8883757767,phone,,0,8883757767,Yes,No,,,1,(888) 375-7767 | 1-888-375-7767,95,94,90,4,5
shortcode::number:211,number:211,211,shortcode,,0,211,Yes,No,,,1,2-1-1 | 2-11 | 211,123,94,82,12,6
candidate::name:southern poverty law center,name:southern poverty law center,Southern Poverty Law Center,candidate,,0,Southern Poverty Law Center,Yes,No,,,1,Southern Poverty Law Center | The Southern Poverty Law Center | the Southern Poverty Law Center,92,91,91,0,5
candidate::name:splc,name:splc,SPLC,candidate,,0,SPLC,Yes,No,,,1,SPLC,94,91,91,0,5
domain::childline::childline.org.uk,childline,Childline,domain,Helpline,0,childline.org.uk,Yes,Yes,GB,https://www.childline.org.uk,3,Childline.org.uk | childline.org.uk | https://childline.org.uk | https://www.childline.org.uk | https://www.childline.org.uk/ | www.childline.org.uk,134,91,83,8,6
candidate::name:help center,name:help center,Help Center,candidate,,0,Help Center,Yes,No,,,1,Help Center | The Help Center | the Help Center,93,90,89,1,6
candidate::name:aclu,name:aclu,ACLU,candidate,,0,ACLU,Yes,No,,,1,ACLU,90,89,89,0,5
candidate::name:eob,name:eob,EOB,candidate,,0,EOB,Yes,No,,,1,EOB,96,89,89,0,3
domain::domain:ic3.gov,domain:ic3.gov,ic3.gov,domain,,0,ic3.gov,Yes,No,,,1,IC3.gov | https://www.ic3.gov | https://www.ic3.gov/ | ic3.gov | www.ic3.gov,128,89,89,0,6
candidate::name:ems,name:ems,EMS,candidate,,0,EMS,Yes,No,,,1,EMS,97,85,85,0,5
domain::domain:support.google.com,domain:support.google.com,support.google.com,domain,,0,support.google.com,Yes,No,,,1,https://support.google.com/families | https://support.google.com/gemini/answer/13594961 | https://support.google.com/legal | https://support.google.com/legal/answer/3110420 | https://support.google.com/legal/topic/10582649 | https://support.google.com/legal/topic/1114905 | https://support.google.com/legal/topic/4537190 | https://support.google.com/legal/troubleshooter,99,82,80,2,5
candidate::name:fine,name:fine,Fine,candidate,,0,Fine,Yes,No,,,1,Fine Line,81,81,43,38,4
candidate::name:ccri,name:ccri,CCRI,candidate,,0,CCRI,Yes,No,,,1,CCRI,81,79,79,0,5
domain::domain:google.com,domain:google.com,google.com,domain,,0,google.com,Yes,No,,,1,Google.com | google.com | google.com/alerts | google.com/legal | https://google.com/alerts | https://www.google.com | https://www.google.com/alerts | https://www.google.com/preferences,127,79,75,4,4
domain::ndvh::thehotline.org,ndvh,National Domestic Violence Hotline,domain,Helpline,0,thehotline.org,Yes,Yes,US,https://www.thehotline.org,4,Thehotline.org | https://www.thehotline.org | https://www.thehotline.org/ | thehotline.org | www.thehotline.org,115,78,75,3,5
domain::stopbullying::stopbullying.gov,stopbullying,StopBullying.gov,domain,Organisation,0,stopbullying.gov,Yes,Yes,US,https://www.stopbullying.gov,1,StopBullying.gov | Stopbullying.gov | https://www.stopbullying.gov | https://www.stopbullying.gov/ | stopbullying.gov,88,76,68,8,6
organisation::trans-lifeline,trans-lifeline,Trans Lifeline,organisation,Helpline,0,Trans Lifeline,Yes,Yes,US|CA,https://translifeline.org,3,Trans Lifeline,79,74,74,0,6
domain::domain:anad.org,domain:anad.org,anad.org,domain,,0,anad.org,Yes,No,,,1,anad.org | https://anad.org | https://anad.org/,130,73,72,1,5
shortcode::number:839863,number:839863,839863,shortcode,,0,839863,Yes,No,,,1,839863,70,70,59,11,5
candidate::name:cctv,name:cctv,CCTV,candidate,,0,CCTV,Yes,No,,,1,CCTV,76,68,68,0,5
phone::lifeline-legacy::8002738255,lifeline-legacy,National Suicide Prevention Lifeline,phone,Helpline,0,8002738255,Yes,Yes,US,https://988lifeline.org,2,1-800-273-8255 | 1-800-273-TALK | 800-273-8255,70,68,49,19,4
domain::domain:al-anon.org,domain:al-anon.org,al-anon.org,domain,,0,al-anon.org,Yes,No,,,1,Al-Anon.org | Al-anon.org | al-anon.org | al-anon.org/alateen | al-anon.org/alateen** | https://al-anon.org | https://al-anon.org/ | https://al-anon.org/al-anon-meetings/electronic-meetings/,101,67,67,0,6
organisation::ceop,ceop,CEOP,organisation,Organisation,0,CEOP,Yes,Yes,GB,https://www.ceop.police.uk,2,CEOP | Child Exploitation and Online Protection,82,67,64,3,5
candidate::name:european union,name:european union,European Union,candidate,,0,European Union,Yes,No,,,1,European Union | The European Union | the European Union,66,66,50,16,4
domain::domain:openpathcollective.org,domain:openpathcollective.org,openpathcollective.org,domain,,0,openpathcollective.org,Yes,No,,,1,OpenPathCollective.org | https://openpathcollective.org | https://openpathcollective.org/ | openpathcollective.org,71,66,66,0,5
domain::domain:meetup.com,domain:meetup.com,meetup.com,domain,,0,meetup.com,Yes,No,,,1,Meetup.com | https://www.meetup.com/ | meetup.com,63,63,63,0,5
candidate::name:dna,name:dna,DNA,candidate,,0,DNA,Yes,No,,,1,DNA,67,61,52,9,6
domain::beat::beateatingdisorders.org.uk,beat,Beat,domain,Organisation,0,beateatingdisorders.org.uk,Yes,Yes,GB,https://www.beateatingdisorders.org.uk,4,beateatingdisorders.org.uk | https://www.beateatingdisorders.org.uk | https://www.beateatingdisorders.org.uk/ | www.beateatingdisorders.org.uk,85,61,60,1,5
candidate::name:smart,name:smart,SMART,candidate,,0,SMART,Yes,No,,,1,SMART,60,59,59,0,6
phone::trans-lifeline::8775658860,trans-lifeline,Trans Lifeline,phone,Helpline,0,8775658860,Yes,Yes,US|CA,https://translifeline.org,3,(877) 565-8860 | 1-877-565-8860 | 877-565-8860,59,59,59,0,6
candidate::name:gdpr,name:gdpr,GDPR,candidate,,0,GDPR,Yes,No,,,1,GDPR,70,58,58,0,5
organisation::refuge,refuge,National Domestic Abuse Helpline,organisation,Helpline,0,Refuge,Yes,Yes,GB,https://www.nationaldahelpline.org.uk,3,National Domestic Abuse Helpline | Refuge,60,58,57,1,6
domain::domain:therapyden.com,domain:therapyden.com,therapyden.com,domain,,0,therapyden.com,Yes,No,,,1,TherapyDen.com | https://www.therapyden.com | https://www.therapyden.com/ | therapyden.com,59,57,57,0,5
candidate::name:adult protective services,name:adult protective services,Adult Protective Services,candidate,,0,Adult Protective Services,Yes,No,,,1,Adult Protective Services | and Adult Protective Services,61,56,56,0,3
candidate::name:nedic,name:nedic,NEDIC,candidate,,0,NEDIC,Yes,No,,,1,NEDIC | NEDIC:,55,54,48,6,5
domain::domain:goodtherapy.org,domain:goodtherapy.org,goodtherapy.org,domain,,0,goodtherapy.org,Yes,No,,,1,GoodTherapy.org | goodtherapy.org | https://www.goodtherapy.org | https://www.goodtherapy.org/ | https://www.goodtherapy.org/find-therapist.html | https://www.goodtherapy.org/therapists.html,64,54,54,0,5
domain::domain:scarleteen.com,domain:scarleteen.com,scarleteen.com,domain,,0,scarleteen.com,Yes,No,,,1,Scarleteen.com | https://www.scarleteen.com | https://www.scarleteen.com/ | scarleteen.com,55,54,10,44,6
phone::refuge::08082000247,refuge,National Domestic Abuse Helpline,phone,Helpline,0,08082000247,Yes,Yes,GB,https://www.nationaldahelpline.org.uk,3,0808 2000 247,54,54,53,1,6
candidate::name:aps,name:aps,APS,candidate,,0,APS,Yes,No,,,1,APS,61,51,51,0,3
candidate::name:national helpline,name:national helpline,National Helpline,candidate,,0,National Helpline,Yes,No,,,1,A National Helpline | National Helpline,50,50,41,9,4
shortcode::number:101,number:101,101,shortcode,,0,101,Yes,No,,,1,101,53,50,48,2,5
domain::domain:plannedparenthood.org,domain:plannedparenthood.org,plannedparenthood.org,domain,,0,plannedparenthood.org,Yes,No,,,1,PlannedParenthood.org/learn** | PlannedParenthood.org/teens** | https://www.plannedparenthood.org | https://www.plannedparenthood.org/ | https://www.plannedparenthood.org/learn | plannedparenthood.org | plannedparenthood.org/learn,51,49,17,32,5
domain::domain:amaze.org,domain:amaze.org,amaze.org,domain,,0,amaze.org,Yes,No,,,1,AMAZE.org | Amaze.org | amaze.org | https://amaze.org | https://www.amaze.org | https://www.amaze.org/,49,48,13,35,5
organisation::the-mix,the-mix,The Mix,organisation,Organisation,0,The mix,Yes,Yes,GB,https://www.themix.org.uk,3,The Mix | The mix | the Mix | the mix,48,48,45,3,6
domain::domain:web.archive.org,domain:web.archive.org,web.archive.org,domain,,0,web.archive.org,Yes,No,,,1,https://web.archive.org | https://web.archive.org/ | https://web.archive.org/save | web.archive.org | web.archive.org/save,60,47,47,0,4
domain::crisis-text-line::crisistextline.org,crisis-text-line,Crisis Text Line,domain,Service,0,crisistextline.org,Yes,Yes,US|CA|GB|IE,https://www.crisistextline.org,3,crisistextline.org | http://www.crisistextline.org/ | https://www.crisistextline.org | https://www.crisistextline.org/,46,46,33,13,2
domain::domain:pyramydair.com,domain:pyramydair.com,pyramydair.com,domain,,0,pyramydair.com,Yes,No,,,1,PyramydAir.com | https://pyramydair.com/ | https://www.pyramydair.com | https://www.pyramydair.com/ | https://www.pyramydair.com/blog/ | https://www.pyramydair.com/blog/2021/03/airgun-bore-sighters/ | https://www.pyramydair.com/board/ | https://www.pyramydair.com/forum/,64,46,25,21,1
candidate::name:helpline,name:helpline,Helpline,candidate,,0,Helpline,Yes,No,,,1,A Helpline | HELPLINE | Helpline at | Helpline: | Text Helpline | The Helpline | the Helpline,46,45,41,4,5
candidate::name:pii,name:pii,PII,candidate,,0,PII,Yes,No,,,1,PII,45,43,31,12,3
domain::ceop::ceop.police.uk,ceop,CEOP,domain,Organisation,0,ceop.police.uk,Yes,Yes,GB,https://www.ceop.police.uk,2,CEOP.police.uk | ceop.police.uk | ceop.police.uk/safety-centre | ceop.police.uk/safety-centre** | https://www.ceop.police.uk | https://www.ceop.police.uk/ | https://www.ceop.police.uk/safety-centre | https://www.ceop.police.uk/safety-centre/,52,43,42,1,4
domain::childhelp::childhelphotline.org,childhelp,Childhelp National Child Abuse Hotline,domain,Helpline,0,childhelphotline.org,Yes,Yes,US,https://www.childhelphotline.org,4,Childhelphotline.org | childhelphotline.org | https://www.childhelphotline.org | https://www.childhelphotline.org/,68,42,38,4,4
domain::domain:drugs.com,domain:drugs.com,drugs.com,domain,,0,drugs.com,Yes,No,,,1,Drugs.com | drugs.com | drugs.com/pill_identification.html | https://www.drugs.com,44,42,41,1,5
domain::domain:kidshealth.org,domain:kidshealth.org,kidshealth.org,domain,,0,kidshealth.org,Yes,No,,,1,KidsHealth.org | https://kidshealth.org/ | https://kidshealth.org/en/teens/ | kidshealth.org | kidshealth.org/en/teens | kidshealth.org/teen,42,42,19,23,5
domain::domain:reddit.com,domain:reddit.com,reddit.com,domain,,0,reddit.com,Yes,No,,,1,https://reddit.com/report | https://www.reddit.com/about/mod/ | https://www.reddit.com/contact/ | https://www.reddit.com/feedback/ | https://www.reddit.com/r/Crossbow/ | https://www.reddit.com/r/airguns/ | https://www.reddit.com/r/crossbow/ | https://www.reddit.com/r/modhelp/wiki/appeals,45,41,32,9,4
candidate::name:equal employment opportunity commission,name:equal employment opportunity commission,Equal Employment Opportunity Commission,candidate,,0,Equal Employment Opportunity Commission,Yes,No,,,1,Equal Employment Opportunity Commission | The Equal Employment Opportunity Commission | the Equal Employment Opportunity Commission,40,40,40,0,4
candidate::name:foundation,name:foundation,Foundation,candidate,,0,Foundation,Yes,No,,,1,The Foundation,40,40,40,0,3
domain::domain:atf.gov,domain:atf.gov,atf.gov,domain,,0,atf.gov,Yes,No,,,1,ATF.gov | https://www.atf.gov | https://www.atf.gov/ | https://www.atf.gov/firearms | https://www.atf.gov/firearms/air-guns | https://www.atf.gov/firearms/faq-air-rifles-and-air-guns | https://www.atf.gov/firearms/faq/air-soft-pellet-paintball-guns-air-soft-guns | https://www.atf.gov/firearms/faq/imitation-firearms,44,40,20,20,1
organisation::boys-town,boys-town,Boys Town National Hotline,organisation,Helpline,0,Boys Town,Yes,Yes,US,https://www.boystown.org/hotline,3,Boys Town | Boys Town National Hotline | boys town,41,40,34,6,3
phone::boys-town::8004483000,boys-town,Boys Town National Hotline,phone,Helpline,0,8004483000,Yes,Yes,US,https://www.boystown.org/hotline,3,1-800-448-3000,41,40,36,4,3
phone::number:8008528336,number:8008528336,8008528336,phone,,0,8008528336,Yes,No,,,1,1-800-852-8336 | 1-800-TLC-TEEN | 800-852-8336,41,40,32,8,4
candidate::name:emergency medical services,name:emergency medical services,Emergency Medical Services,candidate,,0,Emergency Medical Services,Yes,No,,,1,Emergency Medical Services | and Emergency Medical Services | of Emergency Medical Services,39,39,39,0,4
candidate::name:non-emergency,name:non-emergency,Non-Emergency,candidate,,0,Non-Emergency,Yes,No,,,1,Non-Emergency Line,39,39,39,0,4
organisation::iwf,iwf,Internet Watch Foundation,organisation,Organisation,0,Internet Watch Foundation,Yes,Yes,GB,https://www.iwf.org.uk,3,IWF | Internet Watch Foundation | Report Remove,56,39,36,3,5
candidate::name:american society,name:american society,American Society,candidate,,0,American Society,Yes,No,,,1,American Society | the American Society,44,38,15,23,3
candidate::name:fbi’s internet crime complaint center,name:fbi’s internet crime complaint center,FBI’s Internet Crime Complaint Center,candidate,,0,FBI’s Internet Crime Complaint Center,Yes,No,,,1,FBI’s Internet Crime Complaint Center | The FBI’s Internet Crime Complaint Center | the FBI’s Internet Crime Complaint Center,38,38,38,0,5
candidate::name:revenge porn helpline,name:revenge porn helpline,Revenge Porn Helpline,candidate,,0,Revenge Porn Helpline,Yes,No,,,1,Revenge Porn Helpline | The Revenge Porn Helpline | the Revenge Porn Helpline,45,38,38,0,5
organisation::befrienders,befrienders,Befrienders Worldwide,organisation,Organisation,0,Befrienders,Yes,Yes,INT,https://www.befrienders.org,2,BeFrienders Worldwide | Befrienders,38,38,32,6,3
phone::talk-suicide-canada::8334564566,talk-suicide-canada,Talk Suicide Canada,phone,Helpline,0,8334564566,Yes,Yes,CA,https://talksuicide.ca,4,1-833-456-4566,38,38,31,7,6
domain::domain:youtube.com,domain:youtube.com,youtube.com,domain,,0,youtube.com,Yes,No,,,1,https://www.youtube.com/audiolibrary/ | https://www.youtube.com/c/AGMAirgunsUK | https://www.youtube.com/c/AdamRagusea | https://www.youtube.com/c/AirgunAcademy | https://www.youtube.com/c/AirgunDepot | https://www.youtube.com/c/AirgunHunting | https://www.youtube.com/c/AirgunHuntingAcademy | https://www.youtube.com/c/ArcheryTalk,65,37,23,14,2
candidate::name:call,name:call,CALL,candidate,,0,CALL,Yes,No,,,1,CALL,39,36,35,1,4
phone::number:8666334220,number:8666334220,8666334220,phone,,0,8666334220,Yes,No,,,1,(866) 633-4220 | 1-866-633-42-20 | 1-866-633-4220 | 1‑866‑633‑4220,37,36,35,1,5
candidate::name:cdc,name:cdc,CDC,candidate,,0,CDC,Yes,No,,,1,CDC,38,35,11,24,5
candidate::name:dnr,name:dnr,DNR,candidate,,0,DNR,Yes,No,,,1,DNR,36,35,23,12,4
candidate::name:fbi's internet crime complaint center,name:fbi's internet crime complaint center,FBI's Internet Crime Complaint Center,candidate,,0,FBI's Internet Crime Complaint Center,Yes,No,,,1,FBI's Internet Crime Complaint Center | the FBI's Internet Crime Complaint Center,35,35,35,0,4
candidate::name:line,name:line,Line,candidate,,0,Line,Yes,No,,,1,LINE | Text Line | The Line,85,35,33,2,3
candidate::name:naacp,name:naacp,NAACP,candidate,,0,NAACP,Yes,No,,,1,NAACP,35,35,35,0,5
domain::kids-helpline-au::kidshelpline.com.au,kids-helpline-au,Kids Helpline,domain,Helpline,0,kidshelpline.com.au,Yes,Yes,AU,https://kidshelpline.com.au,3,KidsHelpline.com.au | https://kidshelpline.com.au | https://kidshelpline.com.au/ | kidshelpline.com.au,59,35,34,1,3
domain::domain:cybertip.ca,domain:cybertip.ca,cybertip.ca,domain,,0,cybertip.ca,Yes,No,,,1,Cybertip.ca | cybertip.ca | https://www.cybertip.ca | https://www.cybertip.ca/,45,34,29,5,4
domain::domain:wine.com,domain:wine.com,wine.com,domain,,0,wine.com,Yes,No,,,1,Wine.com | https://www.wine.com | wine.com,52,34,20,14,4
organisation::nspcc,nspcc,NSPCC,organisation,Organisation,0,NSPCC,Yes,Yes,GB,https://www.nspcc.org.uk,4,NSPCC,35,34,32,2,4
shortcode::number:365,number:365,365,shortcode,,0,365,Yes,No,,,1,365,34,34,29,5,2
domain::poison-control-us::poison.org,poison-control-us,Poison Control,domain,Helpline,0,poison.org,Yes,Yes,US,https://www.poison.org,3,Poison.org | https://www.poison.org/ | poison.org,33,32,13,19,3
shortcode::number:4673,number:4673,4673,shortcode,,0,4673,Yes,No,,,1,4673,32,32,32,0,4
candidate::name:eeoc,name:eeoc,EEOC,candidate,,0,EEOC,Yes,No,,,1,EEOC,34,31,31,0,5
candidate::name:national eating disorder information centre,name:national eating disorder information centre,National Eating Disorder Information Centre,candidate,,0,National Eating Disorder Information Centre,Yes,No,,,1,National Eating Disorder Information Centre | The National Eating Disorder Information Centre | the National Eating Disorder Information Centre,31,31,27,4,5
candidate::name:butterfly foundation,name:butterfly foundation,Butterfly Foundation,candidate,,0,Butterfly Foundation,Yes,No,,,1,Butterfly Foundation | The Butterfly Foundation | and Butterfly Foundation | the Butterfly Foundation,31,30,29,1,4
candidate::name:ups,name:ups,UPS,candidate,,0,UPS,Yes,No,,,1,UPS,30,30,14,16,4
domain::nami::nami.org,nami,NAMI HelpLine,domain,Helpline,0,nami.org,Yes,Yes,US,https://www.nami.org/help,4,NAMI.org | Nami.org | https://nami.org | https://www.nami.org | https://www.nami.org/ | https://www.nami.org/Find-Support/NAMI-Affiliates | https://www.nami.org/HelpLine | https://www.nami.org/HelpLine/,39,30,23,7,4
candidate::name:control center,name:control center,Control Center,candidate,,0,Control Center,Yes,No,,,1,Control Center | The Control Center | the Control Center,31,29,29,0,4
candidate::name:crisis,name:crisis,Crisis,candidate,,0,Crisis,Yes,No,,,1,A Crisis Line | CRISIS | Crisis Line | Text Crisis Line,29,29,23,6,3
candidate::name:social services,name:social services,Social Services,candidate,,0,Social Services,Yes,No,,,1,Social Services,29,29,29,0,3
domain::domain:facebook.com,domain:facebook.com,facebook.com,domain,,0,facebook.com,Yes,No,,,1,facebook.com/help | facebook.com/profile.php?id=12345678 | facebook.com/username | https://www.facebook.com/communitystandards/ | https://www.facebook.com/groups/CrossbowPros | https://www.facebook.com/groups/tattoofixers | https://www.facebook.com/help | https://www.facebook.com/help/,39,29,28,1,3
domain::domain:mention.com,domain:mention.com,mention.com,domain,,0,mention.com,Yes,No,,,1,Mention.com | https://mention.com/ | mention.com,32,29,29,0,4
phone::number:8002255324,number:8002255324,8002255324,phone,,0,8002255324,Yes,No,,,1,1-800-225-5324 | 1-800-CALL-FBI,31,29,29,0,4
phone::number:8007862929,number:8007862929,8007862929,phone,,0,8007862929,Yes,No,,,1,1-800-786-2929 | 1-800-RUNAWAY,38,29,29,0,4
candidate::name:aapi,name:aapi,AAPI,candidate,,0,AAPI,Yes,No,,,1,AAPI,28,28,28,0,5
candidate::name:help,name:help,Help,candidate,,0,Help,Yes,No,,,1,A Help Line | Help Line,28,28,20,8,2
domain::domain:7cups.com,domain:7cups.com,7cups.com,domain,,0,7cups.com,Yes,No,,,1,7cups.com | 7cups.com/teen-support.php** | https://7cups.com | https://www.7cups.com | https://www.7cups.com/,33,28,27,1,5
domain::domain:adl.org,domain:adl.org,adl.org,domain,,0,adl.org,Yes,No,,,1,ADL.org | adl.org | adl.org/report | adl.org/report-incident | https://www.adl.org | https://www.adl.org/ | https://www.adl.org/report-incident | https://www.adl.org/resources/tools-and-strategies/hate-speech-social-media,35,28,28,0,4
domain::domain:amazon.com,domain:amazon.com,amazon.com,domain,,0,amazon.com,Yes,No,,,1,https://www.amazon.com | https://www.amazon.com/ | https://www.amazon.com/Mercer-Culinary-31070-G | https://www.amazon.com/Mercer-Culinary-Genesis-8-Inch-Knife/dp/B003MX2Q4K | https://www.amazon.com/TUO-Peeling-Cleaver-Paring-Knife/dp/B07QJ5XJ1K | https://www.amazon.com/Victorinox-40520-20-inch-Chefs-Clad/dp/B00AHEPBMA | https://www.amazon.com/Victorinox-40567-Fibrox-Santoku-Black/dp/B000Y4VLCC | https://www.amazon.com/Victorinox-Fibrox-8-Inch-Chefs-Knife/dp/B008M5U1C2,37,28,8,20,1
domain::domain:cybertipline.com,domain:cybertipline.com,cybertipline.com,domain,,0,cybertipline.com,Yes,No,,,1,Cybertipline.com | cybertipline.com,29,28,28,0,1
domain::domain:privacy.com,domain:privacy.com,privacy.com,domain,,0,privacy.com,Yes,No,,,1,Privacy.com,31,28,21,7,3
domain::ncmec::missingkids.org,ncmec,NCMEC CyberTipline,domain,Organisation,0,missingkids.org,Yes,Yes,US,https://www.missingkids.org,6,MissingKids.org | https://www.missingkids.org | https://www.missingkids.org/ | https://www.missingkids.org/gethelp | https://www.missingkids.org/gethelpnow | https://www.missingkids.org/gethelpnow/cybertip | https://www.missingkids.org/gethelpnow/cybertipline | missingkids.org,35,28,26,2,4
organisation::talk-suicide-canada,talk-suicide-canada,Talk Suicide Canada,organisation,Helpline,0,Talk Suicide Canada,Yes,Yes,CA,https://talksuicide.ca,4,Talk Suicide Canada,28,28,24,4,4
phone::number:8773306366,number:8773306366,8773306366,phone,,0,8773306366,Yes,No,,,1,1-877-330-6366 | 877-330-6366,28,28,28,0,4
candidate::name:first,name:first,First,candidate,,0,First,Yes,No,,,1,FIRST | First Line | The First Line,27,27,27,0,4
candidate::name:isp,name:isp,ISP,candidate,,0,ISP,Yes,No,,,1,ISP,27,27,17,10,5
candidate::name:pflag,name:pflag,PFLAG,candidate,,0,PFLAG,Yes,No,,,1,PFLAG | PFLAG:,29,27,25,2,6
candidate::name:someone you trust,name:someone you trust,Someone You Trust,candidate,,0,Someone You Trust,Yes,No,,,1,Someone You Trust,27,27,26,1,4
candidate::name:support services,name:support services,Support Services,candidate,,0,Support Services,Yes,No,,,1,Support Services,27,27,26,1,4
domain::domain:nedic.ca,domain:nedic.ca,nedic.ca,domain,,0,nedic.ca,Yes,No,,,1,https://nedic.ca | https://nedic.ca/ | nedic.ca,39,27,27,0,4
shortcode::number:103,number:103,103,shortcode,,0,103,Yes,No,,,1,103,27,27,27,0,5
candidate::name:crisis hotline,name:crisis hotline,Crisis Hotline,candidate,,0,Crisis Hotline,Yes,No,,,1,A Crisis Hotline | Crisis Hotline,27,26,26,0,3
candidate::name:department,name:department,Department,candidate,,0,Department,Yes,No,,,1,The Department | the Department,26,26,21,5,3
candidate::name:pst,name:pst,PST,candidate,,0,PST,Yes,No,,,1,PST,29,26,22,4,2
candidate::name:safety center,name:safety center,Safety Center,candidate,,0,Safety Center,Yes,No,,,1,Safety Center | the Safety Center,27,26,26,0,5
phone::number:8007848669,number:8007848669,8007848669,phone,,0,8007848669,Yes,No,,,1,1-800-784-8669 | 1-800-QUIT-NOW,30,26,9,17,6
shortcode::number:100,number:100,100,shortcode,,0,100,Yes,No,,,1,10-0 | 100,28,26,24,2,5
candidate::name:coppa,name:coppa,COPPA,candidate,,0,COPPA,Yes,No,,,1,COPPA,28,25,25,0,5
candidate::name:cyberbullying research center,name:cyberbullying research center,Cyberbullying Research Center,candidate,,0,Cyberbullying Research Center,Yes,No,,,1,Cyberbullying Research Center | The Cyberbullying Research Center | the Cyberbullying Research Center,25,25,23,2,5
candidate::name:fda,name:fda,FDA,candidate,,0,FDA,Yes,No,,,1,FDA,26,25,10,15,6
candidate::name:slp,name:slp,SLP,candidate,,0,SLP,Yes,No,,,1,SLP,27,25,25,0,4
phone::nami::8009506264,nami,NAMI HelpLine,phone,Helpline,0,8009506264,Yes,Yes,US,https://www.nami.org/help,4,1-800-950-6264 | 1-800-950-NAMI | 800-950-NAMI,25,25,23,2,4
candidate::name:esrb,name:esrb,ESRB,candidate,,0,ESRB,Yes,No,,,1,ESRB,24,24,2,22,6
domain::domain:help.twitter.com,domain:help.twitter.com,help.twitter.com,domain,,0,help.twitter.com,Yes,No,,,1,https://help.twitter.com | https://help.twitter.com/ | https://help.twitter.com/en | https://help.twitter.com/en/appeals | https://help.twitter.com/en/rules-and-policies | https://help.twitter.com/en/rules-and-policies/harassment | https://help.twitter.com/en/rules-and-policies/hateful-conduct-policy | https://help.twitter.com/en/rules-and-policies/twitter-media-policies,28,24,24,0,1
domain::domain:poisonhelp.org,domain:poisonhelp.org,poisonhelp.org,domain,,0,poisonhelp.org,Yes,No,,,1,PoisonHelp.org | https://www.poisonhelp.org | poisonhelp.org,45,24,14,10,2
domain::domain:report-it.org.uk,domain:report-it.org.uk,report-it.org.uk,domain,,0,report-it.org.uk,Yes,No,,,1,https://report-it.org.uk/ | https://www.report-it.org.uk | https://www.report-it.org.uk/ | https://www.report-it.org.uk/your_police | report-it.org.uk | www.report-it.org.uk,31,24,24,0,4
organisation::esafety,esafety,eSafety Commissioner,organisation,Organisation,0,eSafety,Yes,Yes,AU,https://www.esafety.gov.au,2,eSafety,25,24,24,0,3
phone::number:3108554673,number:3108554673,3108554673,phone,,0,3108554673,Yes,No,,,1,1-310-855-4673 | 310-855-4673,24,24,22,2,2
phone::number:8554842846,number:8554842846,8554842846,phone,,0,8554842846,Yes,No,,,1,1-855-4-VICTIM | 1-855-484-2846 | 1-855-4VICTIM | 855-484-2846,30,24,24,0,5
candidate::name:csam,name:csam,CSAM,candidate,,0,CSAM,Yes,No,,,1,CSAM,25,23,19,4,4
candidate::name:table service,name:table service,Table Service,candidate,,0,Table Service,Yes,No,,,1,Table Service | The Table Service,25,23,14,9,3
candidate::name:telehealth services,name:telehealth services,Telehealth Services,candidate,,0,Telehealth Services,Yes,No,,,1,Telehealth Services,23,23,10,13,4
candidate::name:truth initiative,name:truth initiative,Truth Initiative,candidate,,0,Truth Initiative,Yes,No,,,1,Truth Initiative | the Truth Initiative,23,23,1,22,5
domain::domain:zocdoc.com,domain:zocdoc.com,zocdoc.com,domain,,0,zocdoc.com,Yes,No,,,1,https://www.zocdoc.com | https://www.zocdoc.com/ | www.zocdoc.com | zocdoc.com,28,23,22,1,2
candidate::name:bed,name:bed,BED,candidate,,0,BED,Yes,No,,,1,BED,27,22,22,0,5
candidate::name:ftc,name:ftc,FTC,candidate,,0,FTC,Yes,No,,,1,FTC,23,22,20,2,4
candidate::name:member services,name:member services,Member Services,candidate,,0,Member Services,Yes,No,,,1,Member Services | the Member Services,22,22,22,0,2
candidate::name:uk and the european union,name:uk and the european union,UK and the European Union,candidate,,0,UK and the European Union,Yes,No,,,1,the UK and the European Union,22,22,11,11,1
domain::childhelp::childhelp.org,childhelp,Childhelp National Child Abuse Hotline,domain,Helpline,0,childhelp.org,Yes,Yes,US,https://www.childhelphotline.org,4,ChildHelp.org | Childhelp.org | childhelp.org | https://www.childhelp.org/,23,22,21,1,5
domain::domain:211.org,domain:211.org,211.org,domain,,0,211.org,Yes,No,,,1,211.org | https://www.211.org | https://www.211.org/,25,22,18,4,4
domain::domain:teen.smokefree.gov,domain:teen.smokefree.gov,teen.smokefree.gov,domain,,0,teen.smokefree.gov,Yes,No,,,1,https://teen.smokefree.gov/ | teen.smokefree.gov,22,22,4,18,3
domain::domain:tiktok.com,domain:tiktok.com,tiktok.com,domain,,0,tiktok.com,Yes,No,,,1,https://www.tiktok.com/community-center/en-us/article/reporting-hate-speech-on-tiktok/ | https://www.tiktok.com/community-guidelines | https://www.tiktok.com/community-guidelines/violations | https://www.tiktok.com/feedback | https://www.tiktok.com/legal/report | https://www.tiktok.com/legal/report/abuse | https://www.tiktok.com/legal/reporting | https://www.tiktok.com/safety,27,22,22,0,2
candidate::name:lcsw,name:lcsw,LCSW,candidate,,0,LCSW,Yes,No,,,1,LCSW,21,21,21,0,5
domain::domain:commonsensemedia.org,domain:commonsensemedia.org,commonsensemedia.org,domain,,0,commonsensemedia.org,Yes,No,,,1,commonsensemedia.org | https://www.commonsensemedia.org | https://www.commonsensemedia.org/ | www.commonsensemedia.org,27,21,3,18,3
domain::domain:fbi.gov,domain:fbi.gov,fbi.gov,domain,,0,fbi.gov,Yes,No,,,1,fbi.gov | fbi.gov/investigate/civil-rights | fbi.gov/investigate/civil-rights/hate-crimes | fbi.gov/tips | https://www.fbi.gov/ | https://www.fbi.gov/contact-us/field-offices | https://www.fbi.gov/investigate/civil-rights/hate-crimes | https://www.fbi.gov/scams-and-safety/common-fraud-schemes/online-harassment,22,21,21,0,3
domain::domain:realself.com,domain:realself.com,realself.com,domain,,0,realself.com,Yes,No,,,1,RealSelf.com | https://www.realself.com | https://www.realself.com/ | https://www.realself.com/find-a-treatment/wrinkle-relaxers/us | realself.com | www.realself.com,27,21,8,13,3
candidate::name:counseling center,name:counseling center,Counseling Center,candidate,,0,Counseling Center,Yes,No,,,1,Counseling Center,20,20,20,0,3
candidate::name:ncii,name:ncii,NCII,candidate,,0,NCII,Yes,No,,,1,NCII,21,20,20,0,4
domain::domain:cabelas.com,domain:cabelas.com,cabelas.com,domain,,0,cabelas.com,Yes,No,,,1,cabelas.com | https://www.cabelas.com | https://www.cabelas.com/ | www.cabelas.com,27,20,16,4,1
domain::domain:gog.com,domain:gog.com,gog.com,domain,,0,gog.com,Yes,No,,,1,GOG.com,20,20,10,10,3
domain::domain:hotpeachpages.net,domain:hotpeachpages.net,hotpeachpages.net,domain,,0,hotpeachpages.net,Yes,No,,,1,Hotpeachpages.net | hotpeachpages.net | https://hotpeachpages.net | https://www.hotpeachpages.net | https://www.hotpeachpages.net/ | www.hotpeachpages.net,29,20,20,0,4
domain::domain:sheltersafe.ca,domain:sheltersafe.ca,sheltersafe.ca,domain,,0,sheltersafe.ca,Yes,No,,,1,ShelterSafe.ca | https://sheltersafe.ca | https://www.sheltersafe.ca | https://www.sheltersafe.ca/ | sheltersafe.ca,32,20,20,0,2
domain::domain:walmart.com,domain:walmart.com,walmart.com,domain,,0,walmart.com,Yes,No,,,1,Walmart.com | https://www.walmart.com | https://www.walmart.com/ | walmart.com,22,20,6,14,5
phone::love-is-respect::8663319474,love-is-respect,love is respect,phone,Helpline,0,8663319474,Yes,Yes,US,https://www.loveisrespect.org,4,1-866-331-9474,20,20,19,1,2
shortcode::number:311,number:311,311,shortcode,,0,311,Yes,No,,,1,311,20,20,20,0,3
candidate::name:child mind institute,name:child mind institute,Child Mind Institute,candidate,,0,Child Mind Institute,Yes,No,,,1,Child Mind Institute | The Child Mind Institute | the Child Mind Institute,19,19,9,10,6
domain::domain:airgundepot.com,domain:airgundepot.com,airgundepot.com,domain,,0,airgundepot.com,Yes,No,,,1,AirgunDepot.com | airgundepot.com | https://www.airgundepot.com | https://www.airgundepot.com/ | https://www.airgundepot.com/airgun-forum/ | https://www.airgundepot.com/blog/ | https://www.airgundepot.com/forum.html | https://www.airgundepot.com/laws,29,19,15,4,1
domain::domain:eatright.org,domain:eatright.org,eatright.org,domain,,0,eatright.org,Yes,No,,,1,EatRight.org | eatright.org | https://www.eatright.org | https://www.eatright.org/ | https://www.eatright.org/find-a-nutrition-expert,21,19,19,0,5
domain::samhsa::findtreatment.gov,samhsa,SAMHSA National Helpline,domain,Helpline,0,findtreatment.gov,Yes,Yes,US,https://www.samhsa.gov/find-help/national-helpline,5,FindTreatment.gov | findtreatment.gov | https://findtreatment.gov | https://findtreatment.gov/,25,19,19,0,3
phone::nspcc::08088005000,nspcc,NSPCC,phone,Organisation,0,08088005000,Yes,Yes,GB,https://www.nspcc.org.uk,4,0808 800 5000,19,19,18,1,3
phone::number:186663342,number:186663342,186663342,phone,,0,186663342,Yes,No,,,1,1-866-NEDIC,19,19,15,4,1
phone::number:20250308,number:20250308,20250308,phone,,0,20250308,Yes,No,,,1,2025-03-08,22,19,19,0,1
phone::number:8007377328,number:8007377328,8007377328,phone,,0,8007377328,Yes,No,,,1,1800 RESPECT | 1800RESPECT,19,19,19,0,4
phone::number:8448782274,number:8448782274,8448782274,phone,,0,8448782274,Yes,No,,,1,1-844-878-2274 | 1-844-878-CCRI | 844-878-2274 | 844-878-CCRI,20,19,19,0,3
shortcode::love-is-respect::22522,love-is-respect,love is respect,shortcode,Helpline,0,22522,Yes,Yes,US,https://www.loveisrespect.org,4,22522,19,19,17,2,4
shortcode::number:478,number:478,478,shortcode,,0,478,Yes,No,,,1,4-7-8,19,19,19,0,4
candidate::name:adult you trust,name:adult you trust,Adult You Trust,candidate,,0,Adult You Trust,Yes,No,,,1,Adult You Trust | An Adult You Trust,18,18,17,1,4
candidate::name:aed,name:aed,AED,candidate,,0,AED,Yes,No,,,1,AED,18,18,17,1,2
candidate::name:beat,name:beat,BEAT,candidate,,0,BEAT,Yes,No,,,1,BEAT,19,18,18,0,6
candidate::name:campus health center,name:campus health center,Campus Health Center,candidate,,0,Campus Health Center,Yes,No,,,1,A Campus Health Center | Campus Health Center,18,18,14,4,4
candidate::name:canada,name:canada,Canada,candidate,,0,Canada,Yes,No,,,1,CANADA | Canada | Canada at | Canada:,18,18,13,5,6
candidate::name:glaad,name:glaad,GLAAD,candidate,,0,GLAAD,Yes,No,,,1,GLAAD,19,18,18,0,3
candidate::name:incest national network,name:incest national network,Incest National Network,candidate,,0,Incest National Network,Yes,No,,,1,Incest National Network,18,18,18,0,4
candidate::name:warm,name:warm,Warm,candidate,,0,Warm,Yes,No,,,1,Warm Line,18,18,17,1,2
candidate::name:zip,name:zip,ZIP,candidate,,0,ZIP,Yes,No,,,1,ZIP,23,18,16,2,4
domain::domain:help.instagram.com,domain:help.instagram.com,help.instagram.com,domain,,0,help.instagram.com,Yes,No,,,1,help.instagram.com | help.instagram.com/contact/383679456740931 | https://help.instagram.com/ | https://help.instagram.com/165336213572451 | https://help.instagram.com/173390022849849 | https://help.instagram.com/188760207959239 | https://help.instagram.com/368191326593075 | https://help.instagram.com/424730407542749,20,18,18,0,2
domain::domain:inhope.org,domain:inhope.org,inhope.org,domain,,0,inhope.org,Yes,No,,,1,INHOPE.org | https://inhope.org | https://www.inhope.org | https://www.inhope.org/ | https://www.inhope.org/EN#hotline | https://www.inhope.org/EN#hotline-country | https://www.inhope.org/helplines | inhope.org,22,18,18,0,3
domain::domain:warmline.org,domain:warmline.org,warmline.org,domain,,0,warmline.org,Yes,No,,,1,Warmline.org | https://warmline.org | https://warmline.org/ | https://www.warmline.org | https://www.warmline.org/ | warmline.org,25,18,18,0,3
organisation::stop-it-now,stop-it-now,Stop It Now,organisation,Helpline,0,Stop It Now,Yes,Yes,GB,https://www.stopitnow.org.uk,1,STOP IT NOW | Stop It Now,18,18,5,13,1
phone::the-mix::08088084994,the-mix,The Mix,phone,Organisation,0,08088084994,Yes,Yes,GB,https://www.themix.org.uk,3,0808 808 4994,18,18,16,2,2
shortcode::number:54321,number:54321,54321,shortcode,,0,54321,Yes,No,,,1,5-4-3-2-1 | 5... 4... 3... 2... 1,18,18,18,0,4
candidate::name:ekg,name:ekg,EKG,candidate,,0,EKG,Yes,No,,,1,EKG,17,17,17,0,3
candidate::name:federally qualified health center,name:federally qualified health center,Federally Qualified Health Center,candidate,,0,Federally Qualified Health Center,Yes,No,,,1,Federally Qualified Health Center,17,17,15,2,2
candidate::name:in the european union,name:in the european union,In the European Union,candidate,,0,In the European Union,Yes,No,,,1,In the European Union,17,17,16,1,4
candidate::name:internet crime complaint center,name:internet crime complaint center,Internet Crime Complaint Center,candidate,,0,Internet Crime Complaint Center,Yes,No,,,1,Internet Crime Complaint Center | the Internet Crime Complaint Center,17,17,17,0,3
candidate::name:jed foundation,name:jed foundation,Jed Foundation,candidate,,0,Jed Foundation,Yes,No,,,1,The JED Foundation | The Jed Foundation,17,17,13,4,3
candidate::name:playstation network,name:playstation network,PlayStation Network,candidate,,0,PlayStation Network,Yes,No,,,1,PlayStation Network,17,17,7,10,5
candidate::name:should,name:should,SHOULD,candidate,,0,SHOULD,Yes,No,,,1,SHOULD,18,17,15,2,5
candidate::name:whois,name:whois,WHOIS,candidate,,0,WHOIS,Yes,No,,,1,WHOIS,22,17,17,0,4
phone::number:1800737732,number:1800737732,1800737732,phone,,0,1800737732,Yes,No,,,1,1800 737 732,17,17,17,0,4
candidate::name:api,name:api,API,candidate,,0,API,Yes,No,,,1,API,16,16,9,7,5
candidate::name:bdd,name:bdd,BDD,candidate,,0,BDD,Yes,No,,,1,BDD,18,16,16,0,4
candidate::name:cair,name:cair,CAIR,candidate,,0,CAIR,Yes,No,,,1,CAIR,16,16,16,0,2
candidate::name:ccpa,name:ccpa,CCPA,candidate,,0,CCPA,Yes,No,,,1,CCPA,19,16,16,0,5
candidate::name:gsa,name:gsa,GSA,candidate,,0,GSA,Yes,No,,,1,GSA,17,16,16,0,5
candidate::name:gta,name:gta,GTA,candidate,,0,GTA,Yes,No,,,1,GTA,16,16,6,10,3
candidate::name:loveis,name:loveis,LOVEIS,candidate,,0,LOVEIS,Yes,No,,,1,LOVEIS,16,16,15,1,3
candidate::name:osha,name:osha,OSHA,candidate,,0,OSHA,Yes,No,,,1,OSHA,18,16,16,0,5
candidate::name:pegi,name:pegi,PEGI,candidate,,0,PEGI,Yes,No,,,1,PEGI,16,16,1,15,4
candidate::name:spf,name:spf,SPF,candidate,,0,SPF,Yes,No,,,1,SPF,17,16,7,9,5
candidate::name:student health center,name:student health center,Student Health Center,candidate,,0,Student Health Center,Yes,No,,,1,Student Health Center | the Student Health Center,16,16,16,0,3
candidate::name:today,name:today,TODAY,candidate,,0,TODAY,Yes,No,,,1,TODAY,17,16,11,5,3
candidate::name:vod,name:vod,VOD,candidate,,0,VOD,Yes,No,,,1,VOD,16,16,9,7,3
domain::alliance-eating-disorders::allianceforeatingdisorders.com,alliance-eating-disorders,National Alliance for Eating Disorders,domain,Helpline,0,allianceforeatingdisorders.com,Yes,Yes,US,https://www.allianceforeatingdisorders.com,3,allianceforeatingdisorders.com | www.allianceforeatingdisorders.com,16,16,16,0,2
domain::domain:cdc.gov,domain:cdc.gov,cdc.gov,domain,,0,cdc.gov,Yes,No,,,1,CDC.gov/vaping** | https://www.cdc.gov | https://www.cdc.gov/ | https://www.cdc.gov/cancer/skin/basic_info/minor.htm | https://www.cdc.gov/cancer/skin/pdf/SR_state_law_table.pdf | https://www.cdc.gov/contact/ | https://www.cdc.gov/healthyyouth/injury/factsheets/choking-game.htm | https://www.cdc.gov/healthyyouth/sexualbehaviors/index.htm,17,16,3,13,2
domain::domain:findahealthcenter.hrsa.gov,domain:findahealthcenter.hrsa.gov,findahealthcenter.hrsa.gov,domain,,0,findahealthcenter.hrsa.gov,Yes,No,,,1,findahealthcenter.hrsa.gov | https://findahealthcenter.hrsa.gov | https://findahealthcenter.hrsa.gov/,17,16,13,3,5
domain::domain:whoishostingthis.com,domain:whoishostingthis.com,whoishostingthis.com,domain,,0,whoishostingthis.com,Yes,No,,,1,https://www.whoishostingthis.com/ | whoishostingthis.com,16,16,16,0,3
domain::trans-lifeline::translifeline.org,trans-lifeline,Trans Lifeline,domain,Helpline,0,translifeline.org,Yes,Yes,US|CA,https://translifeline.org,3,TransLifeline.org | https://translifeline.org | https://translifeline.org/ | https://www.translifeline.org | https://www.translifeline.org/ | translifeline.org,24,16,16,0,4
phone::number:8884252666,number:8884252666,8884252666,phone,,0,8884252666,Yes,No,,,1,1-888-425-2666 | 1-888-4AL-ANON,19,16,16,0,3
phone::number:8887738368,number:8887738368,8887738368,phone,,0,8887738368,Yes,No,,,1,1-888-773-8368,16,16,4,12,1
candidate::name:bbfc,name:bbfc,BBFC,candidate,,0,BBFC,Yes,No,,,1,BBFC,18,15,4,11,4
candidate::name:federal trade commission,name:federal trade commission,Federal Trade Commission,candidate,,0,Federal Trade Commission,Yes,No,,,1,Federal Trade Commission | the Federal Trade Commission,15,15,14,1,2
candidate::name:lpc,name:lpc,LPC,candidate,,0,LPC,Yes,No,,,1,LPC,15,15,15,0,4
domain::domain:instagram.com,domain:instagram.com,instagram.com,domain,,0,instagram.com,Yes,No,,,1,https://www.instagram.com | https://www.instagram.com/ | https://www.instagram.com/coveruptattoos/ | instagram.com | instagram.com/thatperson | instagram.com/username | www.instagram.com/post/12345,15,15,11,4,3
email::email:abuse@domain.com,email:abuse@domain.com,abuse@domain.com,email,,0,abuse@domain.com,Yes,No,,,1,abuse@domain.com,15,15,15,0,2
phone::number:1800334673,number:1800334673,1800334673,phone,,0,1800334673,Yes,No,,,1,1800 33 4673 | 1800 ED HOPE | 1800-334-673,17,15,15,0,4
phone::number:8002228477,number:8002228477,8002228477,phone,,0,8002228477,Yes,No,,,1,1-800-222-8477 | 1-800-222-TIPS,16,15,15,0,4
shortcode::talk-suicide-canada::45645,talk-suicide-canada,Talk Suicide Canada,shortcode,Helpline,0,45645,Yes,Yes,CA,https://talksuicide.ca,4,45645,15,15,12,3,3
candidate::name:abc,name:abc,ABC,candidate,,0,ABC,Yes,No,,,1,ABC,14,14,9,5,2
candidate::name:cbt-e,name:cbt-e,CBT-E,candidate,,0,CBT-E,Yes,No,,,1,CBT-E,15,14,14,0,5
candidate::name:cybersmile foundation,name:cybersmile foundation,CyberSmile Foundation,candidate,,0,CyberSmile Foundation,Yes,No,,,1,Cybersmile Foundation | The CyberSmile Foundation | the CyberSmile Foundation,14,14,14,0,2
candidate::name:fps,name:fps,FPS,candidate,,0,FPS,Yes,No,,,1,FPS,21,14,7,7,2
candidate::name:intensive outpatient program,name:intensive outpatient program,Intensive Outpatient Program,candidate,,0,Intensive Outpatient Program,Yes,No,,,1,Intensive Outpatient Program,14,14,14,0,3
candidate::name:snap,name:snap,SNAP,candidate,,0,SNAP,Yes,No,,,1,SNAP,14,14,14,0,4
candidate::name:ymca,name:ymca,YMCA,candidate,,0,YMCA,Yes,No,,,1,YMCA,14,14,11,3,4
domain::domain:asds.net,domain:asds.net,asds.net,domain,,0,asds.net,Yes,No,,,1,https://www.asds.net | https://www.asds.net/ | https://www.asds.net/find-a-doctor | www.asds.net,16,14,5,9,1
domain::domain:childmind.org,domain:childmind.org,childmind.org,domain,,0,childmind.org,Yes,No,,,1,childmind.org | https://childmind.org | https://childmind.org/ | https://childmind.org/article/how-to-talk-to-your-teen-about-vaping/ | https://childmind.org/find-help/,16,14,6,8,3
domain::domain:cyberbullying.org,domain:cyberbullying.org,cyberbullying.org,domain,,0,cyberbullying.org,Yes,No,,,1,Cyberbullying.org | cyberbullying.org | https://cyberbullying.org/ | https://cyberbullying.org/report/ | https://www.cyberbullying.org,17,14,13,1,2
domain::domain:neda.org,domain:neda.org,neda.org,domain,,0,neda.org,Yes,No,,,1,NEDA.org | https://www.neda.org | neda.org,15,14,9,5,2
domain::samhsa::samhsa.gov,samhsa,SAMHSA National Helpline,domain,Helpline,0,samhsa.gov,Yes,Yes,US,https://www.samhsa.gov/find-help/national-helpline,5,SAMHSA.gov | https://www.samhsa.gov | https://www.samhsa.gov/ | https://www.samhsa.gov/find-help/national-helpline | www.samhsa.gov,18,14,11,3,3
organisation::love-is-respect,love-is-respect,love is respect,organisation,Helpline,0,Love is Respect,Yes,Yes,US,https://www.loveisrespect.org,4,Love is Respect,14,14,12,2,3
candidate::name:are,name:are,ARE,candidate,,0,ARE,Yes,No,,,1,ARE,13,13,6,7,3
candidate::name:don,name:don,DON,candidate,,0,DON,Yes,No,,,1,DON,17,13,12,1,3
candidate::name:https,name:https,HTTPS,candidate,,0,HTTPS,Yes,No,,,1,HTTPS,13,13,11,2,4
candidate::name:mama,name:mama,MAMA,candidate,,0,MAMA,Yes,No,,,1,MAMA,13,13,13,0,4
candidate::name:sexual assault hotline,name:sexual assault hotline,Sexual Assault Hotline,candidate,,0,Sexual Assault Hotline,Yes,No,,,1,Sexual Assault Hotline,13,13,10,3,3
candidate::name:sro,name:sro,SRO,candidate,,0,SRO,Yes,No,,,1,SRO,13,13,13,0,2
candidate::name:victimconnect resource center,name:victimconnect resource center,VictimConnect Resource Center,candidate,,0,VictimConnect Resource Center,Yes,No,,,1,The VictimConnect Resource Center | VictimConnect Resource Center,13,13,13,0,3
candidate::name:what,name:what,WHAT,candidate,,0,WHAT,Yes,No,,,1,WHAT,13,13,10,3,3
candidate::name:yes,name:yes,YES,candidate,,0,YES,Yes,No,,,1,YES,13,13,11,2,3
domain::domain:basspro.com,domain:basspro.com,basspro.com,domain,,0,basspro.com,Yes,No,,,1,basspro.com | https://www.basspro.com | https://www.basspro.com/,14,13,8,5,1
domain::domain:betterhelp.com,domain:betterhelp.com,betterhelp.com,domain,,0,betterhelp.com,Yes,No,,,1,betterhelp.com | https://www.betterhelp.com | https://www.betterhelp.com/ | https://www.betterhelp.com/teen-counseling/,15,13,13,0,2
domain::domain:jedfoundation.org,domain:jedfoundation.org,jedfoundation.org,domain,,0,jedfoundation.org,Yes,No,,,1,https://jedfoundation.org | https://jedfoundation.org/ | jedfoundation.org,16,13,10,3,3
domain::domain:plasticsurgery.org,domain:plasticsurgery.org,plasticsurgery.org,domain,,0,plasticsurgery.org,Yes,No,,,1,https://www.plasticsurgery.org | https://www.plasticsurgery.org/ | www.plasticsurgery.org,15,13,6,7,1
domain::domain:whois.com,domain:whois.com,whois.com,domain,,0,whois.com,Yes,No,,,1,WhoIs.com | Whois.com | https://www.whois.com/ | whois.com,15,13,13,0,2
domain::esafety::esafety.gov.au,esafety,eSafety Commissioner,domain,Organisation,0,esafety.gov.au,Yes,Yes,AU,https://www.esafety.gov.au,2,esafety.gov.au | https://www.esafety.gov.au | https://www.esafety.gov.au/ | https://www.esafety.gov.au/report | www.esafety.gov.au,19,13,13,0,3
domain::rainn::online.rainn.org,rainn,RAINN,domain,Organisation,0,online.rainn.org,Yes,Yes,US,https://www.rainn.org,4,https://online.rainn.org | online.rainn.org,14,13,12,1,3
phone::number:0477131114,number:0477131114,0477131114,phone,,0,0477131114,Yes,No,,,1,0477 13 11 14,13,13,12,1,3
shortcode::number:116111,number:116111,116111,shortcode,,0,116111,Yes,No,,,1,116 111,13,13,7,6,3
candidate::name:adh,name:adh,ADH,candidate,,0,ADH,Yes,No,,,1,ADH,15,12,12,0,3
candidate::name:command center,name:command center,Command Center,candidate,,0,Command Center,Yes,No,,,1,Command Center | The Command Center,12,12,12,0,3
candidate::name:csi,name:csi,CSI,candidate,,0,CSI,Yes,No,,,1,CSI,12,12,12,0,4
candidate::name:domestic violence hotline,name:domestic violence hotline,Domestic Violence Hotline,candidate,,0,Domestic Violence Hotline,Yes,No,,,1,A Domestic Violence Hotline | Domestic Violence Hotline | The Domestic Violence Hotline,12,12,12,0,4
candidate::name:glsen,name:glsen,GLSEN,candidate,,0,GLSEN,Yes,No,,,1,GLSEN,12,12,11,1,5
candidate::name:hard,name:hard,Hard,candidate,,0,Hard,Yes,No,,,1,Hard Line | The Hard Line,12,12,10,2,2
candidate::name:how,name:how,HOW,candidate,,0,HOW,Yes,No,,,1,HOW,13,12,12,0,2
candidate::name:hr department,name:hr department,HR Department,candidate,,0,HR Department,Yes,No,,,1,HR Department,12,12,12,0,4
candidate::name:mubi,name:mubi,MUBI,candidate,,0,MUBI,Yes,No,,,1,MUBI,13,12,5,7,3
candidate::name:pyy,name:pyy,PYY,candidate,,0,PYY,Yes,No,,,1,PYY,13,12,7,5,3
candidate::name:rpg,name:rpg,RPG,candidate,,0,RPG,Yes,No,,,1,RPG,14,12,9,3,4
candidate::name:step,name:step,STEP,candidate,,0,STEP,Yes,No,,,1,STEP,22,12,9,3,3
candidate::name:student services,name:student services,Student Services,candidate,,0,Student Services,Yes,No,,,1,Student Services,12,12,12,0,4
candidate::name:your,name:your,YOUR,candidate,,0,YOUR,Yes,No,,,1,YOUR | Your Line,13,12,12,0,2
domain::domain:archive.today,domain:archive.today,archive.today,domain,,0,archive.today,Yes,No,,,1,https://archive.today | https://archive.today/,13,12,12,0,3
domain::domain:esrb.org,domain:esrb.org,esrb.org,domain,,0,esrb.org,Yes,No,,,1,ESRB.org | esrb.org | https://www.esrb.org | https://www.esrb.org/ | https://www.esrb.org/ratings/,15,12,1,11,5
domain::domain:inclusivetherapists.com,domain:inclusivetherapists.com,inclusivetherapists.com,domain,,0,inclusivetherapists.com,Yes,No,,,1,InclusiveTherapists.com | https://inclusivetherapists.com/ | https://www.inclusivetherapists.com/ | inclusivetherapists.com,12,12,12,0,5
domain::domain:rcmp-grc.gc.ca,domain:rcmp-grc.gc.ca,rcmp-grc.gc.ca,domain,,0,rcmp-grc.gc.ca,Yes,No,,,1,https://www.rcmp-grc.gc.ca | https://www.rcmp-grc.gc.ca/ | https://www.rcmp-grc.gc.ca/en/firearms,12,12,6,6,1
shortcode::number:500,number:500,500,shortcode,,0,500,Yes,No,,,1,500,13,12,5,7,4
shortcode::number:525,number:525,525,shortcode,,0,525,Yes,No,,,1,5–25,12,12,12,0,1
shortcode::number:7726,number:7726,7726,shortcode,,0,7726,Yes,No,,,1,7726,12,12,12,0,3
candidate::name:acas,name:acas,ACAS,candidate,,0,ACAS,Yes,No,,,1,ACAS,12,11,11,0,3
candidate::name:calling,name:calling,Calling,candidate,,0,Calling,Yes,No,,,1,Calling,11,11,11,0,5
candidate::name:council,name:council,Council,candidate,,0,Council,Yes,No,,,1,The Council | the Council,11,11,11,0,2
candidate::name:hbo,name:hbo,HBO,candidate,,0,HBO,Yes,No,,,1,HBO,11,11,10,1,4
candidate::name:lmft,name:lmft,LMFT,candidate,,0,LMFT,Yes,No,,,1,LMFT,11,11,11,0,4
candidate::name:national dv hotline,name:national dv hotline,National DV Hotline,candidate,,0,National DV Hotline,Yes,No,,,1,National DV Hotline | the National DV Hotline,11,11,10,1,2
candidate::name:opening,name:opening,Opening,candidate,,0,Opening,Yes,No,,,1,Opening Line | The Opening Line,11,11,11,0,3
candidate::name:student health services,name:student health services,Student Health Services,candidate,,0,Student Health Services,Yes,No,,,1,Student Health Services,11,11,11,0,4
candidate::name:subject,name:subject,Subject,candidate,,0,Subject,Yes,No,,,1,Subject Line | The Subject Line,11,11,11,0,2
candidate::name:themix,name:themix,THEMIX,candidate,,0,THEMIX,Yes,No,,,1,THEMIX,11,11,11,0,1
candidate::name:transgender law center,name:transgender law center,Transgender Law Center,candidate,,0,Transgender Law Center,Yes,No,,,1,The Transgender Law Center | Transgender Law Center,11,11,11,0,4
candidate::name:union,name:union,Union,candidate,,0,Union,Yes,No,,,1,A Union | The Union | the Union,11,11,11,0,2
domain::domain:archive.ph,domain:archive.ph,archive.ph,domain,,0,archive.ph,Yes,No,,,1,https://archive.ph | https://archive.ph/,11,11,11,0,3
domain::domain:nraila.org,domain:nraila.org,nraila.org,domain,,0,nraila.org,Yes,No,,,1,https://www.nraila.org/ | https://www.nraila.org/get-the-facts/state-gun-laws/ | https://www.nraila.org/gun-laws/ | https://www.nraila.org/gun-laws/state-laws/,11,11,6,5,1
domain::domain:reportfraud.ftc.gov,domain:reportfraud.ftc.gov,reportfraud.ftc.gov,domain,,0,reportfraud.ftc.gov,Yes,No,,,1,ReportFraud.ftc.gov | https://reportfraud.ftc.gov | https://reportfraud.ftc.gov/ | https://reportfraud.ftc.gov/#/ | reportfraud.ftc.gov,16,11,11,0,2
domain::domain:revengepornhelpline.org.uk,domain:revengepornhelpline.org.uk,revengepornhelpline.org.uk,domain,,0,revengepornhelpline.org.uk,Yes,No,,,1,https://revengepornhelpline.org.uk | https://revengepornhelpline.org.uk/ | https://www.revengepornhelpline.org.uk | revengepornhelpline.org.uk | www.revengepornhelpline.org.uk,15,11,11,0,3
domain::domain:stopaapihate.org,domain:stopaapihate.org,stopaapihate.org,domain,,0,stopaapihate.org,Yes,No,,,1,https://stopaapihate.org/ | stopaapihate.org,12,11,11,0,3
domain::domain:tattooartistsdirectory.com,domain:tattooartistsdirectory.com,tattooartistsdirectory.com,domain,,0,tattooartistsdirectory.com,Yes,No,,,1,https://www.tattooartistsdirectory.com/,12,11,4,7,1
domain::iwf::iwf.org.uk,iwf,Internet Watch Foundation,domain,Organisation,0,iwf.org.uk,Yes,Yes,GB,https://www.iwf.org.uk,3,IWF.org.uk | https://www.iwf.org.uk | https://www.iwf.org.uk/ | iwf.org.uk,13,11,11,0,5
domain::nspcc::nspcc.org.uk,nspcc,NSPCC,domain,Organisation,0,nspcc.org.uk,Yes,Yes,GB,https://www.nspcc.org.uk,4,https://www.nspcc.org.uk | https://www.nspcc.org.uk/ | https://www.nspcc.org.uk/about-us/contact-us/ | https://www.nspcc.org.uk/keeping-children-safe/online-safety/ | https://www.nspcc.org.uk/keeping-children-safe/reporting-abuse/ | https://www.nspcc.org.uk/what-is-abuse/child-sexual-abuse/recognition/helpline-for-staff/ | nspcc.org.uk | www.nspcc.org.uk,17,11,9,2,1
email::email:privacy@domain.com,email:privacy@domain.com,privacy@domain.com,email,,0,privacy@domain.com,Yes,No,,,1,privacy@domain.com,11,11,11,0,1
organisation::lifeline-au,lifeline-au,Lifeline Australia,organisation,Helpline,0,Lifeline Australia,Yes,Yes,AU,https://www.lifeline.org.au,3,Lifeline Australia,11,11,6,5,2
organisation::veterans-crisis-line,veterans-crisis-line,Veterans Crisis Line,organisation,Helpline,0,Veterans Crisis Line,Yes,Yes,US,https://www.veteranscrisisline.net,2,Veterans Crisis Line,11,11,11,0,3
phone::number:8002467743,number:8002467743,8002467743,phone,,0,8002467743,Yes,No,,,1,1-800-246-7743,11,11,11,0,2
phone::talk-to-frank::03001236600,talk-to-frank,FRANK,phone,Service,0,03001236600,Yes,Yes,GB,https://www.talktofrank.com,3,0300 123 6600,11,11,11,0,4
shortcode::number:510,number:510,510,shortcode,,0,510,Yes,No,,,1,5-10 | 5–10,11,11,11,0,4
candidate::name:aap,name:aap,AAP,candidate,,0,AAP,Yes,No,,,1,AAP,10,10,0,10,2
candidate::name:american civil liberties union,name:american civil liberties union,American Civil Liberties Union,candidate,,0,American Civil Liberties Union,Yes,No,,,1,American Civil Liberties Union | The American Civil Liberties Union,10,10,10,0,3
candidate::name:atf,name:atf,ATF,candidate,,0,ATF,Yes,No,,,1,ATF,10,10,3,7,3
candidate::name:before,name:before,BEFORE,candidate,,0,BEFORE,Yes,No,,,1,BEFORE,10,10,9,1,2
candidate::name:bff,name:bff,BFF,candidate,,0,BFF,Yes,No,,,1,BFF,10,10,10,0,4
candidate::name:counseling services,name:counseling services,Counseling Services,candidate,,0,Counseling Services,Yes,No,,,1,Counseling Services,10,10,10,0,5
candidate::name:counter service,name:counter service,Counter Service,candidate,,0,Counter Service,Yes,No,,,1,Counter Service | The Counter Service,10,10,6,4,1
candidate::name:crisis services,name:crisis services,Crisis Services,candidate,,0,Crisis Services,Yes,No,,,1,Crisis Services,10,10,9,1,2
candidate::name:cybertipline,name:cybertipline,Cybertipline,candidate,,0,Cybertipline,Yes,No,,,1,Cybertipline at | Cybertipline:,10,10,6,4,1
candidate::name:digital services,name:digital services,Digital Services,candidate,,0,Digital Services,Yes,No,,,1,Digital Services | the Digital Services,10,10,10,0,5
candidate::name:doj,name:doj,DOJ,candidate,,0,DOJ,Yes,No,,,1,DOJ,11,10,10,0,4
candidate::name:exif,name:exif,EXIF,candidate,,0,EXIF,Yes,No,,,1,EXIF,11,10,10,0,4
candidate::name:fbi internet crime complaint center,name:fbi internet crime complaint center,FBI Internet Crime Complaint Center,candidate,,0,FBI Internet Crime Complaint Center,Yes,No,,,1,FBI Internet Crime Complaint Center,10,10,10,0,5
candidate::name:halt,name:halt,HALT,candidate,,0,HALT,Yes,No,,,1,HALT,14,10,10,0,3
candidate::name:lgbt national help center,name:lgbt national help center,LGBT National Help Center,candidate,,0,LGBT National Help Center,Yes,No,,,1,LGBT National Help Center | The LGBT National Help Center,10,10,10,0,2
candidate::name:spam,name:spam,SPAM,candidate,,0,SPAM,Yes,No,,,1,SPAM,10,10,10,0,3
candidate::name:the non-emergency,name:the non-emergency,the Non-Emergency,candidate,,0,the Non-Emergency,Yes,No,,,1,Call the Non-Emergency Line,10,10,10,0,3
candidate::name:trans therapists of color network,name:trans therapists of color network,Trans Therapists of Color Network,candidate,,0,Trans Therapists of Color Network,Yes,No,,,1,and Trans Therapists of Color Network,10,10,10,0,1
candidate::name:university health services,name:university health services,University Health Services,candidate,,0,University Health Services,Yes,No,,,1,University Health Services,10,10,10,0,1
candidate::name:virtual private network,name:virtual private network,Virtual Private Network,candidate,,0,Virtual Private Network,Yes,No,,,1,Virtual Private Network,10,10,6,4,3
candidate::name:want,name:want,WANT,candidate,,0,WANT,Yes,No,,,1,WANT,10,10,8,2,2
domain::domain:airsoftgi.com,domain:airsoftgi.com,airsoftgi.com,domain,,0,airsoftgi.com,Yes,No,,,1,airsoftgi.com | https://www.airsoftgi.com | https://www.airsoftgi.com/,10,10,5,5,1
domain::domain:drizly.com,domain:drizly.com,drizly.com,domain,,0,drizly.com,Yes,No,,,1,Drizly.com | drizly.com | https://drizly.com | https://drizly.com/,18,10,4,6,2
domain::domain:nssf.org,domain:nssf.org,nssf.org,domain,,0,nssf.org,Yes,No,,,1,https://www.nssf.org/ | https://www.nssf.org/gun-laws/state-gun-laws/ | https://www.nssf.org/shooting/safe-and-lawful-shooting/state-laws/ | https://www.nssf.org/state-gun-laws/,10,10,2,8,1
domain::domain:pflag.org,domain:pflag.org,pflag.org,domain,,0,pflag.org,Yes,No,,,1,PFLAG.org | pflag.org,10,10,10,0,1
domain::domain:twitter.com,domain:twitter.com,twitter.com,domain,,0,twitter.com,Yes,No,,,1,https://twitter.com/XSupport | https://twitter.com/alicebobcharlie/status/123456789 | https://twitter.com/search-advanced | https://twitter.com/user/status/123456 | twitter.com | twitter.com/search-advanced | twitter.com/user/123 | twitter.com/username,12,10,10,0,3
domain::domain:victimconnect.org,domain:victimconnect.org,victimconnect.org,domain,,0,victimconnect.org,Yes,No,,,1,https://victimconnect.org | https://victimconnect.org/ | victimconnect.org,12,10,10,0,3
domain::kids-help-phone::kidshelpphone.ca,kids-help-phone,Kids Help Phone,domain,Helpline,0,kidshelpphone.ca,Yes,Yes,CA,https://kidshelpphone.ca,4,KidsHelpPhone.ca | https://kidshelpphone.ca | https://kidshelpphone.ca/ | kidshelpphone.ca,12,10,9,1,4
organisation::nhs-111,nhs-111,NHS 111,organisation,Service,0,NHS 111,Yes,Yes,GB,https://111.nhs.uk,2,NHS 111,10,10,8,2,6
shortcode::number:1015,number:1015,1015,shortcode,,0,1015,Yes,No,,,1,10-15 | 10–15,10,10,9,1,5
shortcode::number:435748,number:435748,435748,shortcode,,0,435748,Yes,No,,,1,435748,10,10,10,0,2
shortcode::number:612,number:612,612,shortcode,,0,612,Yes,No,,,1,6-12 | 6–12,10,10,9,1,1
shortcode::number:8255,number:8255,8255,shortcode,,0,8255,Yes,No,,,1,8255,10,10,10,0,3
candidate::name:acr,name:acr,ACR,candidate,,0,ACR,Yes,No,,,1,ACR,9,9,9,0,1
candidate::name:ada,name:ada,ADA,candidate,,0,ADA,Yes,No,,,1,ADA,9,9,9,0,3
candidate::name:canadian human rights commission,name:canadian human rights commission,Canadian Human Rights Commission,candidate,,0,Canadian Human Rights Commission,Yes,No,,,1,Canadian Human Rights Commission | The Canadian Human Rights Commission | the Canadian Human Rights Commission,9,9,9,0,3
candidate::name:ethics hotline,name:ethics hotline,Ethics Hotline,candidate,,0,Ethics Hotline,Yes,No,,,1,An Ethics Hotline | Ethics Hotline,9,9,9,0,3
candidate::name:gender-sexuality alliance,name:gender-sexuality alliance,Gender-Sexuality Alliance,candidate,,0,Gender-Sexuality Alliance,Yes,No,,,1,Gender-Sexuality Alliance,9,9,9,0,3
candidate::name:hotline,name:hotline,Hotline,candidate,,0,Hotline,Yes,No,,,1,A Hotline | Hotline: | The Hotline,9,9,9,0,3
candidate::name:irs,name:irs,IRS,candidate,,0,IRS,Yes,No,,,1,IRS,9,9,9,0,3
candidate::name:navex,name:navex,NAVEX,candidate,,0,NAVEX,Yes,No,,,1,NAVEX,9,9,9,0,4
candidate::name:resource center,name:resource center,Resource Center,candidate,,0,Resource Center,Yes,No,,,1,Resource Center | and Resource Center,9,9,9,0,4
candidate::name:rlhf,name:rlhf,RLHF,candidate,,0,RLHF,Yes,No,,,1,RLHF,10,9,4,5,2
candidate::name:section,name:section,Section,candidate,,0,Section,Yes,No,,,1,Section,14,9,9,0,3
candidate::name:services,name:services,SERVICES,candidate,,0,SERVICES,Yes,No,,,1,SERVICES,9,9,8,1,4
candidate::name:tip,name:tip,Tip,candidate,,0,Tip,Yes,No,,,1,TIP | Tip Line,10,9,9,0,4
candidate::name:tro,name:tro,TRO,candidate,,0,TRO,Yes,No,,,1,TRO,9,9,9,0,2
candidate::name:website,name:website,Website,candidate,,0,Website,Yes,No,,,1,Website:,12,9,9,0,2
domain::domain:images.google.com,domain:images.google.com,images.google.com,domain,,0,images.google.com,Yes,No,,,1,https://images.google.com | https://images.google.com/ | images.google.com,10,9,6,3,2
domain::domain:inkmatch.com,domain:inkmatch.com,inkmatch.com,domain,,0,inkmatch.com,Yes,No,,,1,https://inkmatch.com/ | https://www.inkmatch.com/,9,9,5,4,1
domain::domain:lgbthotline.org,domain:lgbthotline.org,lgbthotline.org,domain,,0,lgbthotline.org,Yes,No,,,1,LGBTHotline.org | LGBThotline.org | https://lgbthotline.org | https://www.lgbthotline.org | https://www.lgbthotline.org/ | https://www.lgbthotline.org/youth | lgbthotline.org | lgbthotline.org/youth,16,9,9,0,1
domain::domain:smokefree.gov,domain:smokefree.gov,smokefree.gov,domain,,0,smokefree.gov,Yes,No,,,1,Smokefree.gov | https://smokefree.gov | https://smokefree.gov/ | smokefree.gov,11,9,3,6,5
domain::domain:splcenter.org,domain:splcenter.org,splcenter.org,domain,,0,splcenter.org,Yes,No,,,1,https://www.splcenter.org | https://www.splcenter.org/ | https://www.splcenter.org/report-hate | https://www.splcenter.org/reporthate | splcenter.org | splcenter.org/report,11,9,9,0,2
domain::domain:teenlineonline.org,domain:teenlineonline.org,teenlineonline.org,domain,,0,teenlineonline.org,Yes,No,,,1,https://teenlineonline.org/ | teenlineonline.org,10,9,8,1,3
domain::domain:vuurwerkmarkt.nl,domain:vuurwerkmarkt.nl,vuurwerkmarkt.nl,domain,,0,vuurwerkmarkt.nl,Yes,No,,,1,https://www.vuurwerkmarkt.nl/,9,9,1,8,1
domain::domain:whois.domaintools.com,domain:whois.domaintools.com,whois.domaintools.com,domain,,0,whois.domaintools.com,Yes,No,,,1,Whois.domaintools.com | https://whois.domaintools.com/ | whois.domaintools.com,10,9,9,0,3
organisation::beyond-blue,beyond-blue,Beyond Blue,organisation,Organisation,0,Beyond Blue,Yes,Yes,AU,https://www.beyondblue.org.au,2,Beyond Blue,9,9,9,0,2
organisation::talk-to-frank,talk-to-frank,FRANK,organisation,Service,0,Talk to Frank,Yes,Yes,GB,https://www.talktofrank.com,3,FRANK | Talk to Frank,9,9,8,1,5
phone::number:08081689111,number:08081689111,08081689111,phone,,0,08081689111,Yes,No,,,1,0808 16 89 111 | 0808 168 9111 | 08081689111,11,9,9,0,3
phone::number:20260324,number:20260324,20260324,phone,,0,20260324,Yes,No,,,1,2026-03-24,11,9,9,0,1
phone::number:8888434564,number:8888434564,8888434564,phone,,0,8888434564,Yes,No,,,1,1-888-843-4564 | 888-843-4564,9,9,9,0,2
shortcode::number:110,number:110,110,shortcode,,0,110,Yes,No,,,1,1-10 | 110 | 1–10,9,9,9,0,2
shortcode::number:120,number:120,120,shortcode,,0,120,Yes,No,,,1,120,9,9,6,3,3
candidate::name:afs,name:afs,AFS,candidate,,0,AFS,Yes,No,,,1,AFS,8,8,8,0,2
candidate::name:american lung association,name:american lung association,American Lung Association,candidate,,0,American Lung Association,Yes,No,,,1,American Lung Association | The American Lung Association | the American Lung Association,8,8,1,7,3
candidate::name:american psychological association,name:american psychological association,American Psychological Association,candidate,,0,American Psychological Association,Yes,No,,,1,American Psychological Association | The American Psychological Association | the American Psychological Association,8,8,8,0,2
candidate::name:aws,name:aws,AWS,candidate,,0,AWS,Yes,No,,,1,AWS,8,8,8,0,3
candidate::name:bar association,name:bar association,Bar Association,candidate,,0,Bar Association,Yes,No,,,1,Bar Association,10,8,8,0,2
candidate::name:bolo,name:bolo,BOLO,candidate,,0,BOLO,Yes,No,,,1,BOLO,8,8,8,0,4
candidate::name:campus counseling center,name:campus counseling center,Campus Counseling Center,candidate,,0,Campus Counseling Center,Yes,No,,,1,Campus Counseling Center,8,8,8,0,2
candidate::name:canadian centre,name:canadian centre,Canadian Centre,candidate,,0,Canadian Centre,Yes,No,,,1,Canadian Centre | the Canadian Centre,8,8,8,0,3
candidate::name:check services,name:check services,Check Services,candidate,,0,Check Services,Yes,No,,,1,Check Services,8,8,5,3,1
candidate::name:critical,name:critical,CRITICAL,candidate,,0,CRITICAL,Yes,No,,,1,CRITICAL,8,8,8,0,2
candidate::name:danger,name:danger,DANGER,candidate,,0,DANGER,Yes,No,,,1,DANGER | Danger Line,8,8,6,2,3
candidate::name:doom,name:doom,DOOM,candidate,,0,DOOM,Yes,No,,,1,DOOM,9,8,4,4,2
candidate::name:ecg,name:ecg,ECG,candidate,,0,ECG,Yes,No,,,1,ECG,8,8,8,0,2
candidate::name:est,name:est,EST,candidate,,0,EST,Yes,No,,,1,EST,10,8,8,0,2
candidate::name:exit,name:exit,Exit,candidate,,0,Exit,Yes,No,,,1,Exit Line,8,8,8,0,3
candidate::name:llc,name:llc,LLC,candidate,,0,LLC,Yes,No,,,1,LLC,8,8,5,3,2
candidate::name:much,name:much,MUCH,candidate,,0,MUCH,Yes,No,,,1,MUCH,8,8,8,0,2
candidate::name:nurse,name:nurse,Nurse,candidate,,0,Nurse,Yes,No,,,1,NURSE | Nurse Line,9,8,6,2,2
candidate::name:nyc,name:nyc,NYC,candidate,,0,NYC,Yes,No,,,1,NYC,8,8,4,4,3
candidate::name:off,name:off,OFF,candidate,,0,OFF,Yes,No,,,1,OFF,8,8,5,3,2
candidate::name:partial hospitalization program,name:partial hospitalization program,Partial Hospitalization Program,candidate,,0,Partial Hospitalization Program,Yes,No,,,1,Partial Hospitalization Program,8,8,8,0,2
candidate::name:quit,name:quit,QUIT,candidate,,0,QUIT,Yes,No,,,1,QUIT,8,8,1,7,2
candidate::name:red,name:red,RED,candidate,,0,RED,Yes,No,,,1,RED | Red Line | The Red Line,8,8,8,0,2
candidate::name:sec,name:sec,SEC,candidate,,0,SEC,Yes,No,,,1,SEC,8,8,8,0,4
candidate::name:ssn,name:ssn,SSN,candidate,,0,SSN,Yes,No,,,1,SSN,8,8,8,0,2
candidate::name:u.s. postal service,name:u.s. postal service,U.S. Postal Service,candidate,,0,U.S. Postal Service,Yes,No,,,1,The U.S. Postal Service | the U.S. Postal Service,8,8,2,6,2
candidate::name:without,name:without,WITHOUT,candidate,,0,WITHOUT,Yes,No,,,1,WITHOUT,8,8,5,3,2
domain::domain:butterfly.org.au,domain:butterfly.org.au,butterfly.org.au,domain,,0,butterfly.org.au,Yes,No,,,1,butterfly.org.au | https://butterfly.org.au,13,8,8,0,3
domain::domain:cybersmile.org,domain:cybersmile.org,cybersmile.org,domain,,0,cybersmile.org,Yes,No,,,1,cybersmile.org | https://www.cybersmile.org/,8,8,8,0,1
domain::domain:dmca.com,domain:dmca.com,dmca.com,domain,,0,dmca.com,Yes,No,,,1,DMCA.com | dmca.com | https://www.dmca.com/,11,8,8,0,2
domain::domain:evike.com,domain:evike.com,evike.com,domain,,0,evike.com,Yes,No,,,1,evike.com | https://www.evike.com/,8,8,5,3,1
domain::domain:haveibeenpwned.com,domain:haveibeenpwned.com,haveibeenpwned.com,domain,,0,haveibeenpwned.com,Yes,No,,,1,haveibeenpwned.com | https://haveibeenpwned.com | https://haveibeenpwned.com/,15,8,8,0,2
domain::domain:myplate.gov,domain:myplate.gov,myplate.gov,domain,,0,myplate.gov,Yes,No,,,1,MyPlate.gov | https://www.myplate.gov,12,8,8,0,3
domain::domain:nedawareness.org,domain:nedawareness.org,nedawareness.org,domain,,0,nedawareness.org,Yes,No,,,1,https://www.nedawareness.org/ | https://www.nedawareness.org/help-support | nedawareness.org | nedawareness.org/help-support,10,8,8,0,2
domain::domain:nra.org,domain:nra.org,nra.org,domain,,0,nra.org,Yes,No,,,1,https://www.nra.org | https://www.nra.org/ | https://www.nra.org/hunting/state-hunting-laws/ | https://www.nra.org/your-state-s-gun-laws | https://www.nra.org/youth,9,8,5,3,2
domain::domain:therapyforblackgirls.com,domain:therapyforblackgirls.com,therapyforblackgirls.com,domain,,0,therapyforblackgirls.com,Yes,No,,,1,TherapyForBlackGirls.com | TherapyforBlackGirls.com | https://therapyforblackgirls.com/ | therapyforblackgirls.com,8,8,8,0,3
domain::samhsa::findtreatment.samhsa.gov,samhsa,SAMHSA National Helpline,domain,Helpline,0,findtreatment.samhsa.gov,Yes,Yes,US,https://www.samhsa.gov/find-help/national-helpline,5,findtreatment.samhsa.gov | https://findtreatment.samhsa.gov | https://findtreatment.samhsa.gov/,9,8,8,0,2
organisation::youthline-nz,youthline-nz,Youthline,organisation,Helpline,0,Youthline,Yes,Yes,NZ,https://www.youthline.co.nz,3,Youthline,8,8,8,0,2
phone::beyond-blue::1300224636,beyond-blue,Beyond Blue,phone,Organisation,0,1300224636,Yes,Yes,AU,https://www.beyondblue.org.au,2,1300 22 4636,8,8,8,0,1
phone::number:8008771600,number:8008771600,8008771600,phone,,0,8008771600,Yes,No,,,1,1-800-877-1600 | 800-877-1600,8,8,8,0,4
phone::number:8663486479,number:8663486479,8663486479,phone,,0,8663486479,Yes,No,,,1,1-866-3-HUNGRY | 1-866-348-6479 | 1-866-3HUNGRY,12,8,7,1,3
shortcode::childline-india::1098,childline-india,Childline India,shortcode,Helpline,0,1098,Yes,Yes,IN,https://www.childlineindia.org,1,1098,8,8,8,0,1
shortcode::number:1617,number:1617,1617,shortcode,,0,1617,Yes,No,,,1,16-17 | 16–17,8,8,1,7,3
shortcode::number:1800,number:1800,1800,shortcode,,0,1800,Yes,No,,,1,1-800 | 1800 | 1‑800,8,8,5,3,5
shortcode::number:321,number:321,321,shortcode,,0,321,Yes,No,,,1,3-2-1 | 3...2...1,8,8,5,3,2
shortcode::number:6264,number:6264,6264,shortcode,,0,6264,Yes,No,,,1,6264,8,8,8,0,4
candidate::name:aad,name:aad,AAD,candidate,,0,AAD,Yes,No,,,1,AAD,7,7,1,6,3
candidate::name:after,name:after,AFTER,candidate,,0,AFTER,Yes,No,,,1,AFTER | After,7,7,7,0,2
candidate::name:anad helpline,name:anad helpline,ANAD Helpline,candidate,,0,ANAD Helpline,Yes,No,,,1,ANAD Helpline | The ANAD Helpline | the ANAD Helpline,7,7,5,2,4
candidate::name:art project,name:art project,Art Project,candidate,,0,Art Project,Yes,No,,,1,Art Project,7,7,3,4,1
candidate::name:at&t,name:at&t,AT&T,candidate,,0,AT&T,Yes,No,,,1,AT&T,7,7,7,0,2
candidate::name:avoid,name:avoid,AVOID,candidate,,0,AVOID,Yes,No,,,1,AVOID,7,7,6,1,3
candidate::name:bbc world service,name:bbc world service,BBC World Service,candidate,,0,BBC World Service,Yes,No,,,1,BBC World Service,7,7,7,0,3
candidate::name:brat,name:brat,BRAT,candidate,,0,BRAT,Yes,No,,,1,BRAT,7,7,7,0,3
candidate::name:ceo,name:ceo,CEO,candidate,,0,CEO,Yes,No,,,1,CEO,8,7,7,0,3
candidate::name:check the terms of service,name:check the terms of service,Check the Terms of Service,candidate,,0,Check the Terms of Service,Yes,No,,,1,Check the Terms of Service,7,7,7,0,1
candidate::name:community center,name:community center,Community Center,candidate,,0,Community Center,Yes,No,,,1,Community Center,7,7,7,0,4
candidate::name:crisis center,name:crisis center,Crisis Center,candidate,,0,Crisis Center,Yes,No,,,1,Crisis Center,7,7,7,0,2
candidate::name:crown prosecution service,name:crown prosecution service,Crown Prosecution Service,candidate,,0,Crown Prosecution Service,Yes,No,,,1,Crown Prosecution Service | the Crown Prosecution Service,7,7,7,0,2
candidate::name:harm reduction services,name:harm reduction services,Harm Reduction Services,candidate,,0,Harm Reduction Services,Yes,No,,,1,Harm Reduction Services,7,7,7,0,4
candidate::name:hrc,name:hrc,HRC,candidate,,0,HRC,Yes,No,,,1,HRC,9,7,6,1,3
candidate::name:iii,name:iii,III,candidate,,0,III,Yes,No,,,1,III,7,7,4,3,1
candidate::name:inhope,name:inhope,INHOPE,candidate,,0,INHOPE,Yes,No,,,1,INHOPE,7,7,7,0,2
candidate::name:internet service,name:internet service,Internet Service,candidate,,0,Internet Service,Yes,No,,,1,Internet Service | The Internet Service,7,7,7,0,2
candidate::name:ireland,name:ireland,Ireland,candidate,,0,Ireland,Yes,No,,,1,Ireland | Ireland:,7,7,1,6,2
candidate::name:location services,name:location services,Location Services,candidate,,0,Location Services,Yes,No,,,1,Location Services,7,7,7,0,3
candidate::name:medical,name:medical,MEDICAL,candidate,,0,MEDICAL,Yes,No,,,1,MEDICAL,7,7,7,0,1
candidate::name:mpaa,name:mpaa,MPAA,candidate,,0,MPAA,Yes,No,,,1,MPAA,8,7,4,3,4
candidate::name:platform terms of service,name:platform terms of service,Platform Terms of Service,candidate,,0,Platform Terms of Service,Yes,No,,,1,Platform Terms of Service,7,7,7,0,1
candidate::name:project,name:project,Project,candidate,,0,Project,Yes,No,,,1,The Project | and Project,21,7,6,1,3
candidate::name:refusal of service,name:refusal of service,Refusal of Service,candidate,,0,Refusal of Service,Yes,No,,,1,Refusal of Service,7,7,2,5,1
candidate::name:sos,name:sos,SOS,candidate,,0,SOS,Yes,No,,,1,SOS,7,7,7,0,2
candidate::name:sparc,name:sparc,SPARC,candidate,,0,SPARC,Yes,No,,,1,SPARC,7,7,7,0,4
candidate::name:support,name:support,Support,candidate,,0,Support,Yes,No,,,1,SUPPORT | Support Line | Support:,7,7,6,1,4
candidate::name:uk revenge porn helpline,name:uk revenge porn helpline,UK Revenge Porn Helpline,candidate,,0,UK Revenge Porn Helpline,Yes,No,,,1,the UK Revenge Porn Helpline,7,7,7,0,1
candidate::name:usda,name:usda,USDA,candidate,,0,USDA,Yes,No,,,1,USDA,8,7,7,0,4
candidate::name:usps,name:usps,USPS,candidate,,0,USPS,Yes,No,,,1,USPS,7,7,3,4,3
candidate::name:visit,name:visit,Visit,candidate,,0,Visit,Yes,No,,,1,Visit,7,7,6,1,4
candidate::name:your union,name:your union,Your Union,candidate,,0,Your Union,Yes,No,,,1,Your Union,7,7,7,0,2
domain::domain:battle.net,domain:battle.net,battle.net,domain,,0,battle.net,Yes,No,,,1,Battle.net | https://battle.net/,8,7,3,4,2
domain::domain:canada.ca,domain:canada.ca,canada.ca,domain,,0,canada.ca,Yes,No,,,1,https://www.canada.ca | https://www.canada.ca/en/department-justice/services/crime/policing-communities/hate-crime-reporting.html | https://www.canada.ca/en/environment-climate-change.html | https://www.canada.ca/en/environment-climate-change/services/migratory-birds.html | https://www.canada.ca/en/health-canada.html | https://www.canada.ca/en/public-safety-canada/services/hate-crime.html | https://www.canada.ca/en/services/defence/laws-policies/possession-acquisition-firearms-canada.html,7,7,3,4,1
domain::domain:crossbow.com,domain:crossbow.com,crossbow.com,domain,,0,crossbow.com,Yes,No,,,1,Crossbow.com,7,7,3,4,2
domain::domain:epicfireworks.com,domain:epicfireworks.com,epicfireworks.com,domain,,0,epicfireworks.com,Yes,No,,,1,https://www.epicfireworks.com | https://www.epicfireworks.com/,8,7,2,5,1
domain::domain:handgunlaw.us,domain:handgunlaw.us,handgunlaw.us,domain,,0,handgunlaw.us,Yes,No,,,1,HandgunLaw.us | http://www.handgunlaw.us/ | https://www.handgunlaw.us/,10,7,1,6,1
domain::domain:instacart.com,domain:instacart.com,instacart.com,domain,,0,instacart.com,Yes,No,,,1,Instacart.com | https://instacart.com | https://www.instacart.com | https://www.instacart.com/ | instacart.com,13,7,3,4,2
domain::domain:locator.apa.org,domain:locator.apa.org,locator.apa.org,domain,,0,locator.apa.org,Yes,No,,,1,https://locator.apa.org | https://locator.apa.org/ | locator.apa.org,8,7,7,0,1
domain::domain:pornhub.com,domain:pornhub.com,pornhub.com,domain,,0,pornhub.com,Yes,No,,,1,https://www.pornhub.com | https://www.pornhub.com/ | https://www.pornhub.com/premium | https://www.pornhub.com/reviews | pornhub.com | pornhub.com/c/redtube | pornhub.com/cx/youporn | www.pornhub.com,11,7,6,1,1
domain::domain:talkspace.com,domain:talkspace.com,talkspace.com,domain,,0,talkspace.com,Yes,No,,,1,https://www.talkspace.com/ | talkspace.com,8,7,7,0,2
domain::domain:truthinitiative.org,domain:truthinitiative.org,truthinitiative.org,domain,,0,truthinitiative.org,Yes,No,,,1,https://www.truthinitiative.org | https://www.truthinitiative.org/ | truthinitiative.org | www.truthinitiative.org,8,7,1,6,3
email::email:support@domain.com,email:support@domain.com,support@domain.com,email,,0,support@domain.com,Yes,No,,,1,support@domain.com,7,7,7,0,1
phone::number:03003300630,number:03003300630,03003300630,phone,,0,03003300630,Yes,No,,,1,0300 330 0630,7,7,7,0,4
phone::number:08088010400,number:08088010400,08088010400,phone,,0,08088010400,Yes,No,,,1,0808 801 0400,7,7,7,0,2
phone::number:7862929,number:7862929,7862929,phone,,0,7862929,Yes,No,,,1,786-2929,7,7,7,0,1
phone::number:8002307526,number:8002307526,8002307526,phone,,0,8002307526,Yes,No,,,1,1-800-230-7526 | 1-800-230-PLAN,7,7,1,6,2
shortcode::number:1020,number:1020,1020,shortcode,,0,1020,Yes,No,,,1,10–20,7,7,7,0,3
shortcode::number:20121,number:20121,20121,shortcode,,0,20121,Yes,No,,,1,20121,7,7,7,0,2
shortcode::number:2274,number:2274,2274,shortcode,,0,2274,Yes,No,,,1,2274,7,7,7,0,2
shortcode::number:230,number:230,230,shortcode,,0,230,Yes,No,,,1,230,13,7,7,0,3
shortcode::number:47848,number:47848,47848,shortcode,,0,47848,Yes,No,,,1,47848,7,7,1,6,1
shortcode::number:55753,number:55753,55753,shortcode,,0,55753,Yes,No,,,1,55753,7,7,7,0,1
shortcode::veterans-crisis-line::838255,veterans-crisis-line,Veterans Crisis Line,shortcode,Helpline,0,838255,Yes,Yes,US,https://www.veteranscrisisline.net,2,838255,7,7,7,0,1
candidate::name:adult,name:adult,ADULT,candidate,,0,ADULT,Yes,No,,,1,ADULT,6,6,6,0,2
candidate::name:amaze,name:amaze,AMAZE,candidate,,0,AMAZE,Yes,No,,,1,AMAZE,6,6,0,6,2
candidate::name:anonymous helpline,name:anonymous helpline,Anonymous Helpline,candidate,,0,Anonymous Helpline,Yes,No,,,1,An Anonymous Helpline | Anonymous Helpline,6,6,4,2,2
candidate::name:away,name:away,AWAY,candidate,,0,AWAY,Yes,No,,,1,AWAY,6,6,6,0,4
candidate::name:back,name:back,BACK,candidate,,0,BACK,Yes,No,,,1,BACK,6,6,3,3,2
candidate::name:boo,name:boo,BOO,candidate,,0,BOO,Yes,No,,,1,BOO,6,6,2,4,1
candidate::name:choose your opening,name:choose your opening,Choose Your Opening,candidate,,0,Choose Your Opening,Yes,No,,,1,Choose Your Opening Line,6,6,6,0,1
candidate::name:compliance department,name:compliance department,Compliance Department,candidate,,0,Compliance Department,Yes,No,,,1,Compliance Department,6,6,6,0,2
candidate::name:conciliation and arbitration service,name:conciliation and arbitration service,Conciliation and Arbitration Service,candidate,,0,Conciliation and Arbitration Service,Yes,No,,,1,Conciliation and Arbitration Service,6,6,6,0,1
candidate::name:consumer product safety commission,name:consumer product safety commission,Consumer Product Safety Commission,candidate,,0,Consumer Product Safety Commission,Yes,No,,,1,Consumer Product Safety Commission,6,6,5,1,2
candidate::name:crisis lifeline. services,name:crisis lifeline. services,Crisis Lifeline. Services,candidate,,0,Crisis Lifeline. Services,Yes,No,,,1,Crisis Lifeline. Services,6,6,3,3,1
candidate::name:cvv,name:cvv,CVV,candidate,,0,CVV,Yes,No,,,1,CVV,7,6,1,5,3
candidate::name:dcfs,name:dcfs,DCFS,candidate,,0,DCFS,Yes,No,,,1,DCFS,7,6,6,0,1
candidate::name:did,name:did,DID,candidate,,0,DID,Yes,No,,,1,DID,6,6,2,4,2
candidate::name:epa,name:epa,EPA,candidate,,0,EPA,Yes,No,,,1,EPA,6,6,6,0,4
candidate::name:fcc,name:fcc,FCC,candidate,,0,FCC,Yes,No,,,1,FCC,6,6,6,0,1
candidate::name:fire,name:fire,FIRE,candidate,,0,FIRE,Yes,No,,,1,FIRE,6,6,5,1,1
candidate::name:flags,name:flags,FLAGS,candidate,,0,FLAGS,Yes,No,,,1,FLAGS,6,6,6,0,2
candidate::name:google help center,name:google help center,Google Help Center,candidate,,0,Google Help Center,Yes,No,,,1,Google Help Center | the Google Help Center,6,6,6,0,1
candidate::name:h&m,name:h&m,H&M,candidate,,0,H&M,Yes,No,,,1,H&M,6,6,6,0,2
candidate::name:haes,name:haes,HAES,candidate,,0,HAES,Yes,No,,,1,HAES,6,6,6,0,3
candidate::name:kids help,name:kids help,Kids Help,candidate,,0,Kids Help,Yes,No,,,1,Kids Help Line | the Kids Help Line,6,6,1,5,3
candidate::name:national eating disorders helpline,name:national eating disorders helpline,National Eating Disorders Helpline,candidate,,0,National Eating Disorders Helpline,Yes,No,,,1,National Eating Disorders Helpline | the National Eating Disorders Helpline,6,6,6,0,1
candidate::name:nra,name:nra,NRA,candidate,,0,NRA,Yes,No,,,1,NRA,6,6,3,3,3
candidate::name:online,name:online,ONLINE,candidate,,0,ONLINE,Yes,No,,,1,ONLINE | Online:,6,6,5,1,3
candidate::name:online services,name:online services,Online Services,candidate,,0,Online Services,Yes,No,,,1,Online Services,6,6,3,3,3
candidate::name:out,name:out,OUT,candidate,,0,OUT,Yes,No,,,1,OUT,6,6,6,0,2
candidate::name:pov,name:pov,POV,candidate,,0,POV,Yes,No,,,1,POV,6,6,3,3,1
candidate::name:service,name:service,Service,candidate,,0,Service,Yes,No,,,1,SERVICE | The Service | the Service,6,6,4,2,2
candidate::name:social network,name:social network,Social Network,candidate,,0,Social Network,Yes,No,,,1,The Social Network,6,6,2,4,1
candidate::name:tell someone you trust,name:tell someone you trust,Tell Someone You Trust,candidate,,0,Tell Someone You Trust,Yes,No,,,1,Tell Someone You Trust,6,6,6,0,3
candidate::name:the cybertipline,name:the cybertipline,the Cybertipline,candidate,,0,the Cybertipline,Yes,No,,,1,Call the Cybertipline:,6,6,6,0,1
candidate::name:the national center,name:the national center,the National Center,candidate,,0,the National Center,Yes,No,,,1,Call the National Center | To the National Center | and the National Center,6,6,5,1,2
candidate::name:the terms of service,name:the terms of service,the Terms of Service,candidate,,0,the Terms of Service,Yes,No,,,1,of the Terms of Service,6,6,6,0,1
candidate::name:them,name:them,THEM,candidate,,0,THEM,Yes,No,,,1,THEM,6,6,6,0,2
candidate::name:therapeutic alliance,name:therapeutic alliance,Therapeutic Alliance,candidate,,0,Therapeutic Alliance,Yes,No,,,1,The Therapeutic Alliance | Therapeutic Alliance,6,6,6,0,2
candidate::name:u.s. department,name:u.s. department,U.S. Department,candidate,,0,U.S. Department,Yes,No,,,1,U.S. Department | the U.S. Department,6,6,5,1,3
candidate::name:uk and european union,name:uk and european union,UK and European Union,candidate,,0,UK and European Union,Yes,No,,,1,the UK and European Union,6,6,3,3,1
candidate::name:university services,name:university services,University Services,candidate,,0,University Services,Yes,No,,,1,University Services,6,6,6,0,2
candidate::name:using streaming services,name:using streaming services,Using Streaming Services,candidate,,0,Using Streaming Services,Yes,No,,,1,Using Streaming Services,6,6,1,5,1
candidate::name:uva,name:uva,UVA,candidate,,0,UVA,Yes,No,,,1,UVA,6,6,1,5,2
candidate::name:victim services,name:victim services,Victim Services,candidate,,0,Victim Services,Yes,No,,,1,Victim Services,6,6,6,0,3
candidate::name:voice,name:voice,VOICE,candidate,,0,VOICE,Yes,No,,,1,VOICE,6,6,6,0,2
candidate::name:you tell someone you trust,name:you tell someone you trust,You Tell Someone You Trust,candidate,,0,You Tell Someone You Trust,Yes,No,,,1,You Tell Someone You Trust,6,6,6,0,1
candidate::name:youth helpline,name:youth helpline,Youth Helpline,candidate,,0,Youth Helpline,Yes,No,,,1,A Youth Helpline | Youth Helpline,6,6,6,0,4
domain::domain:aa.org,domain:aa.org,aa.org,domain,,0,aa.org,Yes,No,,,1,aa.org | https://www.aa.org | https://www.aa.org/,11,6,6,0,2
domain::domain:aad.org,domain:aad.org,aad.org,domain,,0,aad.org,Yes,No,,,1,aad.org | https://www.aad.org | https://www.aad.org/ | https://www.aad.org/find-a-derm | https://www.aad.org/public/find-a-derm | www.aad.org,7,6,1,5,2
domain::domain:alateen.org,domain:alateen.org,alateen.org,domain,,0,alateen.org,Yes,No,,,1,Alateen.org | alateen.org,6,6,6,0,2
domain::domain:chefsdepot.com,domain:chefsdepot.com,chefsdepot.com,domain,,0,chefsdepot.com,Yes,No,,,1,https://www.chefsdepot.com/,6,6,1,5,1
domain::domain:crimestoppers-uk.org,domain:crimestoppers-uk.org,crimestoppers-uk.org,domain,,0,crimestoppers-uk.org,Yes,No,,,1,crimestoppers-uk.org | https://crimestoppers-uk.org | https://crimestoppers-uk.org/ | https://www.crimestoppers-uk.org/,6,6,6,0,2
domain::domain:cutco.com,domain:cutco.com,cutco.com,domain,,0,cutco.com,Yes,No,,,1,Cutco.com | cutco.com | https://www.cutco.com/,6,6,2,4,1
domain::domain:fda.gov,domain:fda.gov,fda.gov,domain,,0,fda.gov,Yes,No,,,1,FDA.gov | https://www.fda.gov/ | https://www.fda.gov/tobacco-products/ctp-newsroom | https://www.fda.gov/tobacco-products/ctp-newsroom/fda-announces-new-actions-address-youth-appeal-e-cigarettes,6,6,2,4,2
domain::domain:feast-ed.org,domain:feast-ed.org,feast-ed.org,domain,,0,feast-ed.org,Yes,No,,,1,FEAST-ED.org | feast-ed.org | https://www.feast-ed.org,8,6,2,4,3
domain::domain:pinterest.com,domain:pinterest.com,pinterest.com,domain,,0,pinterest.com,Yes,No,,,1,https://pinterest.com | https://www.pinterest.com | https://www.pinterest.com/ | pinterest.com,7,6,3,3,1
domain::domain:pyroban.co.uk,domain:pyroban.co.uk,pyroban.co.uk,domain,,0,pyroban.co.uk,Yes,No,,,1,https://www.pyroban.co.uk/ | pyroban.co.uk,7,6,1,5,1
domain::domain:redditinc.com,domain:redditinc.com,redditinc.com,domain,,0,redditinc.com,Yes,No,,,1,https://www.redditinc.com/policies | https://www.redditinc.com/policies/ | https://www.redditinc.com/policies/content-policy | https://www.redditinc.com/policies/moderation-support,6,6,6,0,1
domain::domain:search.google.com,domain:search.google.com,search.google.com,domain,,0,search.google.com,Yes,No,,,1,https://search.google.com/search-console/disavow-links | https://search.google.com/search-console/removals | https://search.google.com/search-console/remove-outdated-content,6,6,6,0,3
domain::domain:stophateuk.org,domain:stophateuk.org,stophateuk.org,domain,,0,stophateuk.org,Yes,No,,,1,http://www.stophateuk.org | https://www.stophateuk.org | https://www.stophateuk.org/ | stophateuk.org | www.stophateuk.org,9,6,6,0,2
domain::domain:store.steampowered.com,domain:store.steampowered.com,store.steampowered.com,domain,,0,store.steampowered.com,Yes,No,,,1,https://store.steampowered.com/ | https://store.steampowered.com/agecheck/ | https://store.steampowered.com/family/ | store.steampowered.com,7,6,3,3,2
domain::domain:support.snapchat.com,domain:support.snapchat.com,support.snapchat.com,domain,,0,support.snapchat.com,Yes,No,,,1,https://support.snapchat.com/ | https://support.snapchat.com/en-US/a/report-content | https://support.snapchat.com/en-US/article/report | https://support.snapchat.com/en-US/i-need-help,6,6,6,0,1
domain::domain:teenshealth.org,domain:teenshealth.org,teenshealth.org,domain,,0,teenshealth.org,Yes,No,,,1,TeensHealth.org | teenshealth.org,6,6,4,2,2
domain::domain:tenpointcrossbows.com,domain:tenpointcrossbows.com,tenpointcrossbows.com,domain,,0,tenpointcrossbows.com,Yes,No,,,1,https://www.tenpointcrossbows.com | https://www.tenpointcrossbows.com/ | tenpointcrossbows.com,7,6,3,3,1
domain::domain:thefireworks.co.uk,domain:thefireworks.co.uk,thefireworks.co.uk,domain,,0,thefireworks.co.uk,Yes,No,,,1,https://www.thefireworks.co.uk/ | thefireworks.co.uk,7,6,1,5,1
domain::domain:victimsupport.org.uk,domain:victimsupport.org.uk,victimsupport.org.uk,domain,,0,victimsupport.org.uk,Yes,No,,,1,https://www.victimsupport.org.uk | https://www.victimsupport.org.uk/ | victimsupport.org.uk | www.victimsupport.org.uk,8,6,6,0,2
email::email:legal@website.com,email:legal@website.com,legal@website.com,email,,0,legal@website.com,Yes,No,,,1,legal@website.com,6,6,6,0,1
phone::number:08001381625,number:08001381625,08001381625,phone,,0,08001381625,Yes,No,,,1,0800 138 1625 | 08001381625,7,6,6,0,2
phone::number:0800555111,number:0800555111,0800555111,phone,,0,0800555111,Yes,No,,,1,0800 555 111 | 0800555111,7,6,6,0,2
phone::number:18611865,number:18611865,18611865,phone,,0,18611865,Yes,No,,,1,1861-1865 | 1861–1865,6,6,6,0,2
phone::number:8004843731,number:8004843731,8004843731,phone,,0,8004843731,Yes,No,,,1,(800) 484-3731 | 1-800-484-3731,6,6,6,0,2
phone::number:8668630511,number:8668630511,8668630511,phone,,0,8668630511,Yes,No,,,1,1-866-863-0511,6,6,6,0,3
shortcode::number:1324,number:1324,1324,shortcode,,0,1324,Yes,No,,,1,13-24 | 13–24,6,6,6,0,1
shortcode::number:240,number:240,240,shortcode,,0,240,Yes,No,,,1,240,6,6,6,0,2
shortcode::number:5150,number:5150,5150,shortcode,,0,5150,Yes,No,,,1,5150,6,6,6,0,2
shortcode::number:8477,number:8477,8477,shortcode,,0,8477,Yes,No,,,1,8477,6,6,6,0,3
candidate::name:adaa,name:adaa,ADAA,candidate,,0,ADAA,Yes,No,,,1,ADAA,5,5,5,0,4
candidate::name:american foundation,name:american foundation,American Foundation,candidate,,0,American Foundation,Yes,No,,,1,American Foundation | the American Foundation,5,5,0,5,1
candidate::name:anad hotline,name:anad hotline,ANAD Hotline,candidate,,0,ANAD Hotline,Yes,No,,,1,ANAD Hotline,5,5,5,0,1
candidate::name:anpr,name:anpr,ANPR,candidate,,0,ANPR,Yes,No,,,1,ANPR,5,5,5,0,1
candidate::name:arg,name:arg,ARG,candidate,,0,ARG,Yes,No,,,1,ARG,5,5,5,0,4
candidate::name:asps,name:asps,ASPS,candidate,,0,ASPS,Yes,No,,,1,ASPS,5,5,1,4,2
candidate::name:association,name:association,Association,candidate,,0,Association,Yes,No,,,1,The Association,5,5,5,0,1
candidate::name:authority,name:authority,Authority,candidate,,0,Authority,Yes,No,,,1,An Authority | The Authority,5,5,4,1,3
candidate::name:bcc,name:bcc,BCC,candidate,,0,BCC,Yes,No,,,1,BCC,6,5,5,0,2
candidate::name:better business bureau,name:better business bureau,Better Business Bureau,candidate,,0,Better Business Bureau,Yes,No,,,1,Better Business Bureau,5,5,5,0,3
candidate::name:bpm,name:bpm,BPM,candidate,,0,BPM,Yes,No,,,1,BPM,5,5,2,3,1
candidate::name:brain's control center,name:brain's control center,Brain's Control Center,candidate,,0,Brain's Control Center,Yes,No,,,1,The Brain's Control Center,5,5,1,4,1
candidate::name:british association,name:british association,British Association,candidate,,0,British Association,Yes,No,,,1,British Association | the British Association,5,5,3,2,2
candidate::name:caps,name:caps,CAPS,candidate,,0,CAPS,Yes,No,,,1,CAPS,5,5,5,0,3
candidate::name:college health center,name:college health center,College Health Center,candidate,,0,College Health Center,Yes,No,,,1,College Health Center,5,5,5,0,3
candidate::name:community health center,name:community health center,Community Health Center,candidate,,0,Community Health Center,Yes,No,,,1,Community Health Center,5,5,4,1,3
candidate::name:confidential helpline,name:confidential helpline,Confidential Helpline,candidate,,0,Confidential Helpline,Yes,No,,,1,A Confidential Helpline | Confidential Helpline,5,5,5,0,2
candidate::name:contact the cybertipline,name:contact the cybertipline,Contact the Cybertipline,candidate,,0,Contact the Cybertipline,Yes,No,,,1,Contact the Cybertipline:,5,5,1,4,1
candidate::name:crisis helpline,name:crisis helpline,Crisis Helpline,candidate,,0,Crisis Helpline,Yes,No,,,1,A Crisis Helpline | Crisis Helpline,5,5,5,0,2
candidate::name:cvs,name:cvs,CVS,candidate,,0,CVS,Yes,No,,,1,CVS,5,5,0,5,3
candidate::name:cyber helpline,name:cyber helpline,Cyber Helpline,candidate,,0,Cyber Helpline,Yes,No,,,1,The Cyber Helpline,5,5,5,0,1
candidate::name:data protection authority,name:data protection authority,Data Protection Authority,candidate,,0,Data Protection Authority,Yes,No,,,1,Data Protection Authority,6,5,4,1,2
candidate::name:dcf,name:dcf,DCF,candidate,,0,DCF,Yes,No,,,1,DCF,5,5,5,0,2
candidate::name:erg,name:erg,ERG,candidate,,0,ERG,Yes,No,,,1,ERG,6,5,5,0,3
candidate::name:exploited children,name:exploited children,Exploited Children,candidate,,0,Exploited Children,Yes,No,,,1,Exploited Children at | Exploited Children:,5,5,5,0,3
candidate::name:family support services,name:family support services,Family Support Services,candidate,,0,Family Support Services,Yes,No,,,1,Family Support Services,5,5,5,0,1
candidate::name:fbt,name:fbt,FBT,candidate,,0,FBT,Yes,No,,,1,FBT,5,5,4,1,3
candidate::name:fitness center,name:fitness center,Fitness Center,candidate,,0,Fitness Center,Yes,No,,,1,Fitness Center,5,5,5,0,1
candidate::name:grown-up you trust,name:grown-up you trust,Grown-Up You Trust,candidate,,0,Grown-Up You Trust,Yes,No,,,1,A Grown-Up You Trust | Grown-Up You Trust | Grown-up You Trust,5,5,5,0,3
candidate::name:hmv,name:hmv,HMV,candidate,,0,HMV,Yes,No,,,1,HMV,5,5,2,3,2
candidate::name:however,name:however,HOWEVER,candidate,,0,HOWEVER,Yes,No,,,1,HOWEVER,5,5,5,0,2
candidate::name:human rights commission,name:human rights commission,Human Rights Commission,candidate,,0,Human Rights Commission,Yes,No,,,1,Human Rights Commission | the Human Rights Commission,5,5,5,0,2
candidate::name:in the us,name:in the us,In the US,candidate,,0,In the US,Yes,No,,,1,In the US:,5,5,5,0,3
candidate::name:ipa,name:ipa,IPA,candidate,,0,IPA,Yes,No,,,1,IPA,5,5,5,0,3
candidate::name:jsb,name:jsb,JSB,candidate,,0,JSB,Yes,No,,,1,JSB,5,5,2,3,1
candidate::name:lego,name:lego,LEGO,candidate,,0,LEGO,Yes,No,,,1,LEGO,5,5,3,2,4
candidate::name:minutes,name:minutes,Minutes,candidate,,0,Minutes,Yes,No,,,1,Minutes,6,5,4,1,3
candidate::name:most,name:most,MOST,candidate,,0,MOST,Yes,No,,,1,MOST,5,5,5,0,2
candidate::name:motion picture association,name:motion picture association,Motion Picture Association,candidate,,0,Motion Picture Association,Yes,No,,,1,Motion Picture Association | the Motion Picture Association,5,5,3,2,4
candidate::name:national runaway safeline,name:national runaway safeline,National Runaway Safeline,candidate,,0,National Runaway Safeline,Yes,No,,,1,National Runaway Safeline at | National Runaway Safeline:,5,5,5,0,3
candidate::name:non-emergency police,name:non-emergency police,Non-Emergency Police,candidate,,0,Non-Emergency Police,Yes,No,,,1,Non-Emergency Police Line,5,5,5,0,3
candidate::name:nssf,name:nssf,NSSF,candidate,,0,NSSF,Yes,No,,,1,NSSF,5,5,1,4,1
candidate::name:pass,name:pass,PASS,candidate,,0,PASS,Yes,No,,,1,PASS,5,5,4,1,3
candidate::name:personal support network,name:personal support network,Personal Support Network,candidate,,0,Personal Support Network,Yes,No,,,1,Personal Support Network,5,5,5,0,2
candidate::name:platform’s trust,name:platform’s trust,Platform’s Trust,candidate,,0,Platform’s Trust,Yes,No,,,1,Platform’s Trust | The Platform’s Trust | the Platform’s Trust,5,5,5,0,2
candidate::name:police non-emergency,name:police non-emergency,Police Non-Emergency,candidate,,0,Police Non-Emergency,Yes,No,,,1,Police Non-Emergency Line | The Police Non-Emergency Line,5,5,5,0,3
candidate::name:private,name:private,PRIVATE,candidate,,0,PRIVATE,Yes,No,,,1,PRIVATE,5,5,5,0,1
candidate::name:rcmp firearms program,name:rcmp firearms program,RCMP Firearms Program,candidate,,0,RCMP Firearms Program,Yes,No,,,1,RCMP Firearms Program,5,5,2,3,1
candidate::name:rdn,name:rdn,RDN,candidate,,0,RDN,Yes,No,,,1,RDN,6,5,5,0,4
candidate::name:safety,name:safety,SAFETY,candidate,,0,SAFETY,Yes,No,,,1,SAFETY | The Safety Line,5,5,5,0,3
candidate::name:scale of,name:scale of,Scale of,candidate,,0,Scale of,Yes,No,,,1,Scale of | The Scale of,5,5,5,0,1
candidate::name:search the american society,name:search the american society,Search the American Society,candidate,,0,Search the American Society,Yes,No,,,1,Search the American Society,5,5,1,4,1
candidate::name:smok,name:smok,SMOK,candidate,,0,SMOK,Yes,No,,,1,SMOK,5,5,1,4,1
candidate::name:stay,name:stay,STAY,candidate,,0,STAY,Yes,No,,,1,STAY,5,5,5,0,1
candidate::name:straight education network,name:straight education network,Straight Education Network,candidate,,0,Straight Education Network,Yes,No,,,1,Straight Education Network,5,5,5,0,2
candidate::name:student counseling center,name:student counseling center,Student Counseling Center,candidate,,0,Student Counseling Center,Yes,No,,,1,Student Counseling Center,5,5,5,0,2
candidate::name:text,name:text,TEXT,candidate,,0,TEXT,Yes,No,,,1,TEXT,5,5,5,0,3
candidate::name:the non-emergency police,name:the non-emergency police,the Non-Emergency Police,candidate,,0,the Non-Emergency Police,Yes,No,,,1,Call the Non-Emergency Police Line,5,5,5,0,2
candidate::name:university counseling center,name:university counseling center,University Counseling Center,candidate,,0,University Counseling Center,Yes,No,,,1,University Counseling Center,5,5,5,0,2
candidate::name:university health center,name:university health center,University Health Center,candidate,,0,University Health Center,Yes,No,,,1,University Health Center,5,5,5,0,3
candidate::name:urgent,name:urgent,URGENT,candidate,,0,URGENT,Yes,No,,,1,URGENT,5,5,5,0,2
candidate::name:warning,name:warning,WARNING,candidate,,0,WARNING,Yes,No,,,1,WARNING,5,5,4,1,3
candidate::name:yourself,name:yourself,YOURSELF,candidate,,0,YOURSELF,Yes,No,,,1,YOURSELF,5,5,5,0,2
domain::domain:aacap.org,domain:aacap.org,aacap.org,domain,,0,aacap.org,Yes,No,,,1,aacap.org,5,5,4,1,2
domain::domain:aafprs.org,domain:aafprs.org,aafprs.org,domain,,0,aafprs.org,Yes,No,,,1,https://www.aafprs.org/,5,5,1,4,1
domain::domain:aclu.org,domain:aclu.org,aclu.org,domain,,0,aclu.org,Yes,No,,,1,aclu.org | https://www.aclu.org | https://www.aclu.org/ | https://www.aclu.org/report-hate-crime,6,5,5,0,2
domain::domain:actionfraud.police.uk,domain:actionfraud.police.uk,actionfraud.police.uk,domain,,0,actionfraud.police.uk,Yes,No,,,1,actionfraud.police.uk | https://www.actionfraud.police.uk/,5,5,5,0,2
domain::domain:airgunsales.com,domain:airgunsales.com,airgunsales.com,domain,,0,airgunsales.com,Yes,No,,,1,https://airgunsales.com/,5,5,1,4,1
domain::domain:bing.com,domain:bing.com,bing.com,domain,,0,bing.com,Yes,No,,,1,Bing.com | https://www.bing.com/webmaster/help/content-request-3270523 | https://www.bing.com/webmaster/tools/content-removal,6,5,4,1,1
domain::domain:brazzers.com,domain:brazzers.com,brazzers.com,domain,,0,brazzers.com,Yes,No,,,1,brazzers.com | https://www.brazzers.com | https://www.brazzers.com/ | www.brazzers.com,7,5,4,1,1
domain::domain:chefknivestogo.com,domain:chefknivestogo.com,chefknivestogo.com,domain,,0,chefknivestogo.com,Yes,No,,,1,Chefknivestogo.com | https://www.chefknivestogo.com/,5,5,3,2,1
domain::domain:childhelphoteline.org,domain:childhelphoteline.org,childhelphoteline.org,domain,,0,childhelphoteline.org,Yes,No,,,1,childhelphoteline.org | https://www.childhelphoteline.org/,9,5,5,0,1
domain::domain:cybertip.org,domain:cybertip.org,cybertip.org,domain,,0,cybertip.org,Yes,No,,,1,Cybertip.org | cybertip.org | https://www.cybertip.org,9,5,4,1,2
domain::domain:needhelpnow.ca,domain:needhelpnow.ca,needhelpnow.ca,domain,,0,needhelpnow.ca,Yes,No,,,1,NeedHelpNow.ca | https://www.needhelpnow.ca | needhelpnow.ca,6,5,5,0,3
domain::domain:netnanny.com,domain:netnanny.com,netnanny.com,domain,,0,netnanny.com,Yes,No,,,1,https://www.netnanny.com/,5,5,3,2,1
domain::domain:nfpa.org,domain:nfpa.org,nfpa.org,domain,,0,nfpa.org,Yes,No,,,1,https://www.nfpa.org/ | https://www.nfpa.org/education-and-research/home-fire-safety/fireworks | https://www.nfpa.org/public-education/by-topic/fireworks/state-laws,5,5,2,3,1
domain::domain:nqttcn.com,domain:nqttcn.com,nqttcn.com,domain,,0,nqttcn.com,Yes,No,,,1,https://nqttcn.com/ | nqttcn.com,5,5,5,0,1
domain::domain:pyrodirect.com,domain:pyrodirect.com,pyrodirect.com,domain,,0,pyrodirect.com,Yes,No,,,1,PyroDirect.com | https://www.pyrodirect.com | https://www.pyrodirect.com/ | pyrodirect.com,6,5,3,2,1
domain::domain:reddithelp.com,domain:reddithelp.com,reddithelp.com,domain,,0,reddithelp.com,Yes,No,,,1,https://www.reddithelp.com/ | https://www.reddithelp.com/en/categories/using-reddit/reports-filters-and-moderation | https://www.reddithelp.com/hc/en-us/articles/360043077292-Reporting-Feedback,5,5,5,0,1
domain::domain:thebodypositive.org,domain:thebodypositive.org,thebodypositive.org,domain,,0,thebodypositive.org,Yes,No,,,1,https://thebodypositive.org | thebodypositive.org,6,5,5,0,3
domain::domain:xvideos.com,domain:xvideos.com,xvideos.com,domain,,0,xvideos.com,Yes,No,,,1,https://www.xvideos.com | https://www.xvideos.com/ | www.xvideos.com | xvideos.com,7,5,5,0,1
domain::samaritans::samaritans.org,samaritans,Samaritans,domain,Helpline,0,samaritans.org,Yes,Yes,GB|IE,https://www.samaritans.org,3,Samaritans.org | https://www.samaritans.org | https://www.samaritans.org/ | samaritans.org,7,5,3,2,1
organisation::youngminds,youngminds,YoungMinds,organisation,Organisation,0,YoungMinds,Yes,Yes,GB,https://www.youngminds.org.uk,1,YoungMinds | young minds,5,5,4,1,4
phone::number:20231025,number:20231025,20231025,phone,,0,20231025,Yes,No,,,1,2023-10-25 | 20231025,5,5,5,0,3
phone::number:20231027,number:20231027,20231027,phone,,0,20231027,Yes,No,,,1,2023-10-27,5,5,5,0,1
phone::number:20867220123,number:20867220123,20867220123,phone,,0,20867220123,Yes,No,,,1,208.67.220.123,5,5,0,5,2
phone::number:20867222123,number:20867222123,20867222123,phone,,0,20867222123,Yes,No,,,1,208.67.222.123,5,5,0,5,2
phone::number:5001000,number:5001000,5001000,phone,,0,5001000,Yes,No,,,1,500-1000 | 500–1000,5,5,5,0,2
phone::number:844422744357,number:844422744357,844422744357,phone,,0,844422744357,Yes,No,,,1,844-4CCRI-HELP,5,5,5,0,1
shortcode::nami::62640,nami,NAMI HelpLine,shortcode,Helpline,0,62640,Yes,Yes,US,https://www.nami.org/help,4,62640,5,5,5,0,2
shortcode::number:100120,number:100120,100120,shortcode,,0,100120,Yes,No,,,1,100-120 | 100–120,5,5,5,0,1
shortcode::number:131444,number:131444,131444,shortcode,,0,131444,Yes,No,,,1,131 444,5,5,5,0,2
shortcode::number:200,number:200,200,shortcode,,0,200,Yes,No,,,1,200,5,5,5,0,1
shortcode::number:202020,number:202020,202020,shortcode,,0,202020,Yes,No,,,1,20-20-20,5,5,5,0,2
shortcode::number:3988,number:3988,3988,shortcode,,0,3988,Yes,No,,,1,3. 988,5,5,5,0,1
shortcode::number:700,number:700,700,shortcode,,0,700,Yes,No,,,1,700,5,5,1,4,1
shortcode::number:811,number:811,811,shortcode,,0,811,Yes,No,,,1,811,5,5,5,0,3
shortcode::number:88709,number:88709,88709,shortcode,,0,88709,Yes,No,,,1,88709,5,5,1,4,3
candidate::name:alcohol delivery services,name:alcohol delivery services,Alcohol Delivery Services,candidate,,0,Alcohol Delivery Services,Yes,No,,,1,Alcohol Delivery Services,4,4,1,3,1
candidate::name:alliance,name:alliance,Alliance,candidate,,0,Alliance,Yes,No,,,1,the Alliance,4,4,4,0,3
candidate::name:american cancer society,name:american cancer society,American Cancer Society,candidate,,0,American Cancer Society,Yes,No,,,1,American Cancer Society,4,4,0,4,1
candidate::name:american psychiatric association,name:american psychiatric association,American Psychiatric Association,candidate,,0,American Psychiatric Association,Yes,No,,,1,the American Psychiatric Association,4,4,4,0,1
candidate::name:anonymous tip,name:anonymous tip,Anonymous Tip,candidate,,0,Anonymous Tip,Yes,No,,,1,Anonymous Tip Line,4,4,4,0,2
candidate::name:anxiety and depression association,name:anxiety and depression association,Anxiety and Depression Association,candidate,,0,Anxiety and Depression Association,Yes,No,,,1,Anxiety and Depression Association | the Anxiety and Depression Association,4,4,4,0,3
candidate::name:assembly,name:assembly,Assembly,candidate,,0,Assembly,Yes,No,,,1,Assembly Line | The Assembly Line,4,4,4,0,2
candidate::name:avs,name:avs,AVS,candidate,,0,AVS,Yes,No,,,1,AVS,4,4,1,3,1
candidate::name:b. alcohol delivery services,name:b. alcohol delivery services,B. Alcohol Delivery Services,candidate,,0,B. Alcohol Delivery Services,Yes,No,,,1,B. Alcohol Delivery Services,4,4,1,3,1
candidate::name:bbb,name:bbb,BBB,candidate,,0,BBB,Yes,No,,,1,BBB,4,4,4,0,2
candidate::name:bbc,name:bbc,BBC,candidate,,0,BBC,Yes,No,,,1,BBC,4,4,4,0,3
candidate::name:bfi,name:bfi,BFI,candidate,,0,BFI,Yes,No,,,1,BFI,5,4,1,3,2
candidate::name:big,name:big,BIG,candidate,,0,BIG,Yes,No,,,1,BIG,4,4,3,1,2
candidate::name:bmr,name:bmr,BMR,candidate,,0,BMR,Yes,No,,,1,BMR,4,4,1,3,1
candidate::name:canadian anti-hate network,name:canadian anti-hate network,Canadian Anti-Hate Network,candidate,,0,Canadian Anti-Hate Network,Yes,No,,,1,Canadian Anti-Hate Network,4,4,4,0,1
candidate::name:cannot,name:cannot,CANNOT,candidate,,0,CANNOT,Yes,No,,,1,CANNOT,4,4,4,0,3
candidate::name:cck,name:cck,CCK,candidate,,0,CCK,Yes,No,,,1,CCK,5,4,1,3,3
candidate::name:check the american pyrotechnics association,name:check the american pyrotechnics association,Check the American Pyrotechnics Association,candidate,,0,Check the American Pyrotechnics Association,Yes,No,,,1,Check the American Pyrotechnics Association,4,4,1,3,1
candidate::name:college counseling center,name:college counseling center,College Counseling Center,candidate,,0,College Counseling Center,Yes,No,,,1,A College Counseling Center | College Counseling Center,4,4,4,0,2
candidate::name:contact the national center,name:contact the national center,Contact the National Center,candidate,,0,Contact the National Center,Yes,No,,,1,Contact the National Center,4,4,3,1,2
candidate::name:contact the platform’s trust,name:contact the platform’s trust,Contact the Platform’s Trust,candidate,,0,Contact the Platform’s Trust,Yes,No,,,1,Contact the Platform’s Trust,4,4,4,0,2
candidate::name:current project,name:current project,Current Project,candidate,,0,Current Project,Yes,No,,,1,Current Project,4,4,4,0,3
candidate::name:dec,name:dec,DEC,candidate,,0,DEC,Yes,No,,,1,DEC,4,4,1,3,1
candidate::name:dei,name:dei,DEI,candidate,,0,DEI,Yes,No,,,1,DEI,4,4,4,0,2
candidate::name:detox center,name:detox center,Detox Center,candidate,,0,Detox Center,Yes,No,,,1,A Detox Center | Detox Center,4,4,4,0,1
candidate::name:dha,name:dha,DHA,candidate,,0,DHA,Yes,No,,,1,DHA,4,4,1,3,3
candidate::name:dhl,name:dhl,DHL,candidate,,0,DHL,Yes,No,,,1,DHL,4,4,2,2,2
candidate::name:died,name:died,DIED,candidate,,0,DIED,Yes,No,,,1,DIED,4,4,1,3,1
candidate::name:discord trust,name:discord trust,Discord Trust,candidate,,0,Discord Trust,Yes,No,,,1,Discord Trust,4,4,4,0,3
candidate::name:drug helpline,name:drug helpline,Drug Helpline,candidate,,0,Drug Helpline,Yes,No,,,1,Drug Helpline,4,4,4,0,1
candidate::name:dsa,name:dsa,DSA,candidate,,0,DSA,Yes,No,,,1,DSA,4,4,4,0,1
candidate::name:dslr,name:dslr,DSLR,candidate,,0,DSLR,Yes,No,,,1,DSLR,4,4,4,0,3
candidate::name:dtc,name:dtc,DTC,candidate,,0,DTC,Yes,No,,,1,DTC,5,4,3,1,3
candidate::name:ensure trust,name:ensure trust,Ensure Trust,candidate,,0,Ensure Trust,Yes,No,,,1,Ensure Trust,4,4,1,3,1
candidate::name:equality and human rights commission,name:equality and human rights commission,Equality and Human Rights Commission,candidate,,0,Equality and Human Rights Commission,Yes,No,,,1,Equality and Human Rights Commission | the Equality and Human Rights Commission,4,4,4,0,3
candidate::name:feast,name:feast,FEAST,candidate,,0,FEAST,Yes,No,,,1,FEAST,4,4,2,2,1
candidate::name:ferpa,name:ferpa,FERPA,candidate,,0,FERPA,Yes,No,,,1,FERPA,4,4,4,0,3
candidate::name:ffl,name:ffl,FFL,candidate,,0,FFL,Yes,No,,,1,FFL,4,4,3,1,2
candidate::name:finish,name:finish,Finish,candidate,,0,Finish,Yes,No,,,1,Finish Line | The Finish Line,4,4,4,0,2
candidate::name:fqhc,name:fqhc,FQHC,candidate,,0,FQHC,Yes,No,,,1,FQHC,4,4,2,2,2
candidate::name:gasp,name:gasp,GASP,candidate,,0,GASP,Yes,No,,,1,GASP,4,4,0,4,2
candidate::name:help hotline,name:help hotline,Help Hotline,candidate,,0,Help Hotline,Yes,No,,,1,A Help Hotline | Help Hotline,4,4,4,0,1
candidate::name:international archery federation,name:international archery federation,International Archery Federation,candidate,,0,International Archery Federation,Yes,No,,,1,International Archery Federation,4,4,1,3,1
candidate::name:international association,name:international association,International Association,candidate,,0,International Association,Yes,No,,,1,International Association | The International Association,4,4,4,0,2
candidate::name:jed,name:jed,JED,candidate,,0,JED,Yes,No,,,1,JED,4,4,3,1,1
candidate::name:just,name:just,JUST,candidate,,0,JUST,Yes,No,,,1,JUST,4,4,1,3,1
candidate::name:led,name:led,LED,candidate,,0,LED,Yes,No,,,1,LED,4,4,1,3,3
candidate::name:legal authority,name:legal authority,Legal Authority,candidate,,0,Legal Authority,Yes,No,,,1,Legal Authority,4,4,4,0,3
candidate::name:legend,name:legend,LEGEND,candidate,,0,LEGEND,Yes,No,,,1,LEGEND,4,4,1,3,1
candidate::name:loss of agency,name:loss of agency,Loss of Agency,candidate,,0,Loss of Agency,Yes,No,,,1,Loss of Agency | The Loss of Agency,4,4,4,0,3
candidate::name:national eating disorder association,name:national eating disorder association,National Eating Disorder Association,candidate,,0,National Eating Disorder Association,Yes,No,,,1,National Eating Disorder Association,4,4,3,1,2
candidate::name:national shooting sports foundation,name:national shooting sports foundation,National Shooting Sports Foundation,candidate,,0,National Shooting Sports Foundation,Yes,No,,,1,National Shooting Sports Foundation | the National Shooting Sports Foundation,4,4,2,2,2
candidate::name:national stalking helpline,name:national stalking helpline,National Stalking Helpline,candidate,,0,National Stalking Helpline,Yes,No,,,1,National Stalking Helpline | the National Stalking Helpline,4,4,4,0,3
candidate::name:nfcc,name:nfcc,NFCC,candidate,,0,NFCC,Yes,No,,,1,NFCC,4,4,4,0,2
candidate::name:nsw,name:nsw,NSW,candidate,,0,NSW,Yes,No,,,1,NSW,4,4,4,0,2
candidate::name:pal,name:pal,PAL,candidate,,0,PAL,Yes,No,,,1,PAL,4,4,2,2,2
candidate::name:phone,name:phone,Phone,candidate,,0,Phone,Yes,No,,,1,PHONE | Phone Line | Phone:,4,4,4,0,2
candidate::name:platform trust,name:platform trust,Platform Trust,candidate,,0,Platform Trust,Yes,No,,,1,Platform Trust,4,4,4,0,1
candidate::name:png,name:png,PNG,candidate,,0,PNG,Yes,No,,,1,PNG,4,4,4,0,1
candidate::name:position,name:position,POSITION,candidate,,0,POSITION,Yes,No,,,1,POSITION,4,4,4,0,1
candidate::name:rebuilding trust,name:rebuilding trust,Rebuilding Trust,candidate,,0,Rebuilding Trust,Yes,No,,,1,Rebuilding Trust,4,4,4,0,2
candidate::name:reclaiming agency,name:reclaiming agency,Reclaiming Agency,candidate,,0,Reclaiming Agency,Yes,No,,,1,Reclaiming Agency,4,4,4,0,2
candidate::name:recovery,name:recovery,RECOVERY,candidate,,0,RECOVERY,Yes,No,,,1,RECOVERY,4,4,4,0,1
candidate::name:regret,name:regret,REGRET,candidate,,0,REGRET,Yes,No,,,1,REGRET,4,4,1,3,1
candidate::name:sbar,name:sbar,SBAR,candidate,,0,SBAR,Yes,No,,,1,SBAR,5,4,4,0,3
candidate::name:schools program,name:schools program,Schools Program,candidate,,0,Schools Program,Yes,No,,,1,the Schools Program,4,4,2,2,3
candidate::name:send,name:send,SEND,candidate,,0,SEND,Yes,No,,,1,SEND,4,4,4,0,2
candidate::name:seo,name:seo,SEO,candidate,,0,SEO,Yes,No,,,1,SEO,4,4,4,0,3
candidate::name:sexuality alliance,name:sexuality alliance,Sexuality Alliance,candidate,,0,Sexuality Alliance,Yes,No,,,1,Sexuality Alliance,4,4,4,0,4
candidate::name:social,name:social,SOCIAL,candidate,,0,SOCIAL,Yes,No,,,1,SOCIAL | The Social Line,4,4,4,0,2
candidate::name:steve fund,name:steve fund,Steve Fund,candidate,,0,Steve Fund,Yes,No,,,1,The Steve Fund,4,4,4,0,1
candidate::name:subscription services,name:subscription services,Subscription Services,candidate,,0,Subscription Services,Yes,No,,,1,Subscription Services,4,4,4,0,2
candidate::name:support hotline,name:support hotline,Support Hotline,candidate,,0,Support Hotline,Yes,No,,,1,A Support Hotline | Support Hotline,4,4,3,1,2
candidate::name:support network,name:support network,Support Network,candidate,,0,Support Network,Yes,No,,,1,Support Network | The Support Network,4,4,4,0,3
candidate::name:surprise,name:surprise,SURPRISE,candidate,,0,SURPRISE,Yes,No,,,1,SURPRISE,4,4,1,3,1
candidate::name:tattoo fund,name:tattoo fund,Tattoo Fund,candidate,,0,Tattoo Fund,Yes,No,,,1,Tattoo Fund,4,4,1,3,1
candidate::name:tell the,name:tell the,Tell the,candidate,,0,Tell the,Yes,No,,,1,Tell the,4,4,4,0,3
candidate::name:the european union,name:the european union,the European Union,candidate,,0,the European Union,Yes,No,,,1,and the European Union | of the European Union,4,4,4,0,1
candidate::name:through streaming services,name:through streaming services,Through Streaming Services,candidate,,0,Through Streaming Services,Yes,No,,,1,Through Streaming Services,4,4,4,0,1
candidate::name:trust,name:trust,Trust,candidate,,0,Trust,Yes,No,,,1,The Trust | the Trust,4,4,4,0,1
candidate::name:usd,name:usd,USD,candidate,,0,USD,Yes,No,,,1,USD,4,4,3,1,2
candidate::name:uvb,name:uvb,UVB,candidate,,0,UVB,Yes,No,,,1,UVB,4,4,1,3,2
candidate::name:very,name:very,VERY,candidate,,0,VERY,Yes,No,,,1,VERY,4,4,4,0,2
candidate::name:victim connect resource center,name:victim connect resource center,Victim Connect Resource Center,candidate,,0,Victim Connect Resource Center,Yes,No,,,1,The Victim Connect Resource Center | Victim Connect Resource Center,4,4,4,0,2
candidate::name:victim support services,name:victim support services,Victim Support Services,candidate,,0,Victim Support Services,Yes,No,,,1,Victim Support Services,4,4,4,0,2
candidate::name:vii,name:vii,VII,candidate,,0,VII,Yes,No,,,1,VII,4,4,4,0,2
candidate::name:worked,name:worked,WORKED,candidate,,0,WORKED,Yes,No,,,1,WORKED,4,4,1,3,1
candidate::name:wtf,name:wtf,WTF,candidate,,0,WTF,Yes,No,,,1,WTF,4,4,1,3,1
candidate::name:youtube partner program,name:youtube partner program,YouTube Partner Program,candidate,,0,YouTube Partner Program,Yes,No,,,1,YouTube Partner Program,4,4,1,3,1
domain::domain:afsp.org,domain:afsp.org,afsp.org,domain,,0,afsp.org,Yes,No,,,1,afsp.org,4,4,0,4,1
domain::domain:airrifleproshop.com,domain:airrifleproshop.com,airrifleproshop.com,domain,,0,airrifleproshop.com,Yes,No,,,1,https://airrifleproshop.com/,4,4,1,3,1
domain::domain:amctheaters.com,domain:amctheaters.com,amctheaters.com,domain,,0,amctheaters.com,Yes,No,,,1,https://www.amctheaters.com/,4,4,1,3,1
domain::domain:antihate.ca,domain:antihate.ca,antihate.ca,domain,,0,antihate.ca,Yes,No,,,1,https://www.antihate.ca/ | https://www.antihate.ca/report | https://www.antihate.ca/report_hate,4,4,4,0,1
domain::domain:archerschoice.com,domain:archerschoice.com,archerschoice.com,domain,,0,archerschoice.com,Yes,No,,,1,https://www.archerschoice.com/,4,4,1,3,1
domain::domain:archerygb.org,domain:archerygb.org,archerygb.org,domain,,0,archerygb.org,Yes,No,,,1,https://www.archerygb.org/,4,4,1,3,1
domain::domain:bangbros.com,domain:bangbros.com,bangbros.com,domain,,0,bangbros.com,Yes,No,,,1,bangbros.com | https://www.bangbros.com | https://www.bangbros.com/ | www.bangbros.com,6,4,3,1,1
domain::domain:cineworld.co.uk,domain:cineworld.co.uk,cineworld.co.uk,domain,,0,cineworld.co.uk,Yes,No,,,1,https://www.cineworld.co.uk/,4,4,1,3,1
domain::domain:cpsc.gov,domain:cpsc.gov,cpsc.gov,domain,,0,cpsc.gov,Yes,No,,,1,https://www.cpsc.gov | https://www.cpsc.gov/Safety-Education/Safety-Guides/Fireworks | https://www.cpsc.gov/Safety-Education/Safety-guides/Fireworks | www.cpsc.gov,7,4,3,1,1
domain::domain:crimestoppers.org,domain:crimestoppers.org,crimestoppers.org,domain,,0,crimestoppers.org,Yes,No,,,1,crimestoppers.org | https://www.crimestoppers.org | https://www.crimestoppers.org/ | www.crimestoppers.org,6,4,4,0,2
domain::domain:crosman.com,domain:crosman.com,crosman.com,domain,,0,crosman.com,Yes,No,,,1,https://www.crosman.com | www.crosman.com,8,4,1,3,1
domain::domain:crossbowdepot.com,domain:crossbowdepot.com,crossbowdepot.com,domain,,0,crossbowdepot.com,Yes,No,,,1,https://www.crossbowdepot.com/,4,4,1,3,1
domain::domain:doesthedogdie.com,domain:doesthedogdie.com,doesthedogdie.com,domain,,0,doesthedogdie.com,Yes,No,,,1,DoesTheDogDie.com,4,4,3,1,1
domain::domain:drugfree.org,domain:drugfree.org,drugfree.org,domain,,0,drugfree.org,Yes,No,,,1,drugfree.org | https://drugfree.org | https://drugfree.org/,5,4,1,3,4
domain::domain:erowid.org,domain:erowid.org,erowid.org,domain,,0,erowid.org,Yes,No,,,1,erowid.org | https://erowid.org/ | https://erowid.org/psychoactives/drug_checking/,4,4,4,0,2
domain::domain:fireworks.com,domain:fireworks.com,fireworks.com,domain,,0,fireworks.com,Yes,No,,,1,Fireworks.com | https://www.fireworks.com/,7,4,3,1,1
domain::domain:fws.gov,domain:fws.gov,fws.gov,domain,,0,fws.gov,Yes,No,,,1,https://www.fws.gov | https://www.fws.gov/ | https://www.fws.gov/hunting/compare-state-regulations,4,4,3,1,1
domain::domain:globalistores.com,domain:globalistores.com,globalistores.com,domain,,0,globalistores.com,Yes,No,,,1,globalistores.com,4,4,1,3,1
domain::domain:hotline.org,domain:hotline.org,hotline.org,domain,,0,hotline.org,Yes,No,,,1,hotline.org | https://www.hotline.org | https://www.hotline.org/,5,4,4,0,1
domain::domain:imdb.com,domain:imdb.com,imdb.com,domain,,0,imdb.com,Yes,No,,,1,IMDb.com | https://www.imdb.com/ | imdb.com/title/xxxxx/parentalguide,5,4,0,4,2
domain::domain:innopsych.com,domain:innopsych.com,innopsych.com,domain,,0,innopsych.com,Yes,No,,,1,https://innopsych.com/ | innopsych.com,4,4,4,0,1
domain::domain:knifedepot.com,domain:knifedepot.com,knifedepot.com,domain,,0,knifedepot.com,Yes,No,,,1,https://www.knifedepot.com/,4,4,1,3,1
domain::domain:knives.com,domain:knives.com,knives.com,domain,,0,knives.com,Yes,No,,,1,knives.com,4,4,1,3,1
domain::domain:lego.com,domain:lego.com,lego.com,domain,,0,lego.com,Yes,No,,,1,Lego.com,4,4,1,3,1
domain::domain:lookup.icann.org,domain:lookup.icann.org,lookup.icann.org,domain,,0,lookup.icann.org,Yes,No,,,1,Lookup.icann.org | https://lookup.icann.org/ | lookup.icann.org,5,4,4,0,2
domain::domain:myneda.org,domain:myneda.org,myneda.org,domain,,0,myneda.org,Yes,No,,,1,https://www.myneda.org | https://www.myneda.org/helpline-chat | myneda.org | myneda.org/helpline-chat,6,4,4,0,1
domain::domain:ncmec.org,domain:ncmec.org,ncmec.org,domain,,0,ncmec.org,Yes,No,,,1,NCMEC.org,4,4,3,1,1
domain::domain:odeon.co.uk,domain:odeon.co.uk,odeon.co.uk,domain,,0,odeon.co.uk,Yes,No,,,1,https://www.odeon.co.uk/,4,4,1,3,1
domain::domain:onlyfans.com,domain:onlyfans.com,onlyfans.com,domain,,0,onlyfans.com,Yes,No,,,1,OnlyFans.com | https://onlyfans.com/ | onlyfans.com,6,4,3,1,2
domain::domain:pacer.org,domain:pacer.org,pacer.org,domain,,0,pacer.org,Yes,No,,,1,https://www.pacer.org/bullying/,4,4,4,0,2
domain::domain:pelletpower.com.au,domain:pelletpower.com.au,pelletpower.com.au,domain,,0,pelletpower.com.au,Yes,No,,,1,https://www.pelletpower.com.au/,4,4,1,3,1
domain::domain:pyroweb.co.uk,domain:pyroweb.co.uk,pyroweb.co.uk,domain,,0,pyroweb.co.uk,Yes,No,,,1,https://www.pyroweb.co.uk | https://www.pyroweb.co.uk/ | https://www.pyroweb.co.uk/fireworks/12-shot-roman-candle-fun-pack.html | https://www.pyroweb.co.uk/search?s=F2+fireworks** | www.pyroweb.co.uk,9,4,0,4,1
domain::domain:reportharmfulcontent.com,domain:reportharmfulcontent.com,reportharmfulcontent.com,domain,,0,reportharmfulcontent.com,Yes,No,,,1,https://reportharmfulcontent.com | https://reportharmfulcontent.com/ | https://www.reportharmfulcontent.com/,5,4,4,0,3
domain::domain:reputation.com,domain:reputation.com,reputation.com,domain,,0,reputation.com,Yes,No,,,1,Reputation.com,4,4,4,0,1
domain::domain:rogueairguns.com,domain:rogueairguns.com,rogueairguns.com,domain,,0,rogueairguns.com,Yes,No,,,1,https://www.rogueairguns.com/,4,4,1,3,1
domain::domain:shooting.co.uk,domain:shooting.co.uk,shooting.co.uk,domain,,0,shooting.co.uk,Yes,No,,,1,https://www.shooting.co.uk/,4,4,1,3,1
domain::domain:shootingaustralia.org,domain:shootingaustralia.org,shootingaustralia.org,domain,,0,shootingaustralia.org,Yes,No,,,1,https://www.shootingaustralia.org/legal/,4,4,1,3,1
domain::domain:smartrecovery.org,domain:smartrecovery.org,smartrecovery.org,domain,,0,smartrecovery.org,Yes,No,,,1,SMARTRecovery.org | https://www.smartrecovery.org/ | https://www.smartrecovery.org/family/ | smartrecovery.org | smartrecovery.org/family,7,4,4,0,2
domain::domain:support.tiktok.com,domain:support.tiktok.com,support.tiktok.com,domain,,0,support.tiktok.com,Yes,No,,,1,https://support.tiktok.com/ | https://support.tiktok.com/en/safety-hc/reporting-abusive-content-or-behavior | https://support.tiktok.com/en/safety-hotline/report-a-video | support.tiktok.com,5,4,4,0,2
domain::domain:target.com,domain:target.com,target.com,domain,,0,target.com,Yes,No,,,1,Target.com | https://www.target.com | target.com,5,4,1,3,1
domain::domain:tattoodir.com,domain:tattoodir.com,tattoodir.com,domain,,0,tattoodir.com,Yes,No,,,1,TattooDir.com,4,4,1,3,1
domain::domain:tineye.com,domain:tineye.com,tineye.com,domain,,0,tineye.com,Yes,No,,,1,https://www.tineye.com | https://www.tineye.com/ | tineye.com,6,4,4,0,1
domain::domain:tpwd.texas.gov,domain:tpwd.texas.gov,tpwd.texas.gov,domain,,0,tpwd.texas.gov,Yes,No,,,1,https://tpwd.texas.gov/ | https://tpwd.texas.gov/regulations/outdoor-annual/regulations,4,4,1,3,1
domain::domain:tumblr.com,domain:tumblr.com,tumblr.com,domain,,0,tumblr.com,Yes,No,,,1,https://www.tumblr.com,4,4,1,3,1
domain::domain:ukfireworks.co.uk,domain:ukfireworks.co.uk,ukfireworks.co.uk,domain,,0,ukfireworks.co.uk,Yes,No,,,1,https://www.ukfireworks.co.uk | https://www.ukfireworks.co.uk/ | ukfireworks.co.uk,6,4,1,3,1
domain::domain:usarchery.org,domain:usarchery.org,usarchery.org,domain,,0,usarchery.org,Yes,No,,,1,https://www.usarchery.org/,8,4,1,3,1
domain::domain:victimsofcrime.org,domain:victimsofcrime.org,victimsofcrime.org,domain,,0,victimsofcrime.org,Yes,No,,,1,https://victimsofcrime.org | https://victimsofcrime.org/ | https://www.victimsofcrime.org/stalking | victimsofcrime.org | www.victimsofcrime.org/stalking,6,4,4,0,2
domain::domain:who.is,domain:who.is,who.is,domain,,0,who.is,Yes,No,,,1,https://who.is/,5,4,4,0,1
domain::domain:whois.icann.org,domain:whois.icann.org,whois.icann.org,domain,,0,whois.icann.org,Yes,No,,,1,https://whois.icann.org | https://whois.icann.org/ | whois.icann.org,5,4,4,0,2
domain::domain:williams-sonoma.com,domain:williams-sonoma.com,williams-sonoma.com,domain,,0,williams-sonoma.com,Yes,No,,,1,https://www.williams-sonoma.com | https://www.williams-sonoma.com/,4,4,1,3,1
domain::domain:worldarchery.org,domain:worldarchery.org,worldarchery.org,domain,,0,worldarchery.org,Yes,No,,,1,https://worldarchery.org/,4,4,1,3,1
domain::domain:xhamster.com,domain:xhamster.com,xhamster.com,domain,,0,xhamster.com,Yes,No,,,1,https://www.xhamster.com | https://www.xhamster.com/ | xhamster.com,5,4,4,0,1
domain::domain:zwilling.com,domain:zwilling.com,zwilling.com,domain,,0,zwilling.com,Yes,No,,,1,Zwilling.com,4,4,1,3,1
domain::love-is-respect::loveisrespect.org,love-is-respect,love is respect,domain,Helpline,0,loveisrespect.org,Yes,Yes,US,https://www.loveisrespect.org,4,https://www.loveisrespect.org | https://www.loveisrespect.org/ | loveisrespect.org,8,4,3,1,1
domain::mind::mind.org.uk,mind,Mind,domain,Organisation,0,mind.org.uk,Yes,Yes,GB,https://www.mind.org.uk,2,Mind.org.uk | https://www.mind.org.uk/ | mind.org.uk,4,4,2,2,2
domain::ncmec::report.cybertipline.org,ncmec,NCMEC CyberTipline,domain,Organisation,0,report.cybertipline.org,Yes,Yes,US,https://www.missingkids.org,6,report.cybertipline.org,4,4,4,0,2
domain::talk-to-frank::talktofrank.com,talk-to-frank,FRANK,domain,Service,0,talktofrank.com,Yes,Yes,GB,https://www.talktofrank.com,3,http://www.talktofrank.com | https://www.talktofrank.com/ | https://www.talktofrank.com/drug/vape | talktofrank.com,5,4,3,1,2
phone::beat::08088010711,beat,Beat,phone,Organisation,0,08088010711,Yes,Yes,GB,https://www.beateatingdisorders.org.uk,4,0808 801 0711,4,4,4,0,3
phone::number:15003000,number:15003000,15003000,phone,,0,15003000,Yes,No,,,1,1500–3000,4,4,1,3,1
phone::number:1800662,number:1800662,1800662,phone,,0,1800662,Yes,No,,,1,1‑800‑662,4,4,4,0,1
phone::number:1800799,number:1800799,1800799,phone,,0,1800799,Yes,No,,,1,1‑800‑799,4,4,4,0,1
phone::number:19216811,number:19216811,19216811,phone,,0,19216811,Yes,No,,,1,192.168.1.1,4,4,1,3,2
phone::number:20231024,number:20231024,20231024,phone,,0,20231024,Yes,No,,,1,2023-10-24,4,4,4,0,1
phone::number:8444227443,number:8444227443,8444227443,phone,,0,8444227443,Yes,No,,,1,844-422-7443,4,4,4,0,1
phone::number:8444352274,number:8444352274,8444352274,phone,,0,8444352274,Yes,No,,,1,844-435-CCRI,4,4,4,0,1
phone::number:8779688491,number:8779688491,8779688491,phone,,0,8779688491,Yes,No,,,1,1-877-968-8491 | 877-968-8491,4,4,4,0,2
shortcode::number:00010,number:00010,00010,shortcode,,0,00010,Yes,No,,,1,000–10,4,4,4,0,1
shortcode::number:1620,number:1620,1620,shortcode,,0,1620,Yes,No,,,1,16–20,4,4,1,3,1
shortcode::number:300,number:300,300,shortcode,,0,300,Yes,No,,,1,300,4,4,2,2,4
shortcode::number:323,number:323,323,shortcode,,0,323,Yes,No,,,1,3. 2-3,4,4,1,3,1
shortcode::number:66008,number:66008,66008,shortcode,,0,66008,Yes,No,,,1,66008,4,4,4,0,1
shortcode::number:810,number:810,810,shortcode,,0,810,Yes,No,,,1,8-10,4,4,1,3,1
candidate::name:aaa,name:aaa,AAA,candidate,,0,AAA,Yes,No,,,1,AAA,3,3,2,1,2
candidate::name:aac,name:aac,AAC,candidate,,0,AAC,Yes,No,,,1,AAC,3,3,3,0,3
candidate::name:adr,name:adr,ADR,candidate,,0,ADR,Yes,No,,,1,ADR,4,3,0,3,2
candidate::name:adults you trust,name:adults you trust,Adults You Trust,candidate,,0,Adults You Trust,Yes,No,,,1,Adults You Trust | The Adults You Trust,3,3,3,0,3
candidate::name:afsp,name:afsp,AFSP,candidate,,0,AFSP,Yes,No,,,1,AFSP,3,3,0,3,1
candidate::name:amazon web services,name:amazon web services,Amazon Web Services,candidate,,0,Amazon Web Services,Yes,No,,,1,Amazon Web Services,3,3,3,0,1
candidate::name:american chemical society,name:american chemical society,American Chemical Society,candidate,,0,American Chemical Society,Yes,No,,,1,American Chemical Society,3,3,3,0,1
candidate::name:american sexual health association,name:american sexual health association,American Sexual Health Association,candidate,,0,American Sexual Health Association,Yes,No,,,1,The American Sexual Health Association | the American Sexual Health Association,3,3,3,0,2
candidate::name:anonymous hotline,name:anonymous hotline,Anonymous Hotline,candidate,,0,Anonymous Hotline,Yes,No,,,1,Anonymous Hotline | The Anonymous Hotline,3,3,3,0,2
candidate::name:australian human rights commission,name:australian human rights commission,Australian Human Rights Commission,candidate,,0,Australian Human Rights Commission,Yes,No,,,1,Australian Human Rights Commission | the Australian Human Rights Commission,3,3,3,0,2
candidate::name:blm,name:blm,BLM,candidate,,0,BLM,Yes,No,,,1,BLM,3,3,3,0,1
candidate::name:boris lawrence henson foundation,name:boris lawrence henson foundation,Boris Lawrence Henson Foundation,candidate,,0,Boris Lawrence Henson Foundation,Yes,No,,,1,The Boris Lawrence Henson Foundation | the Boris Lawrence Henson Foundation,3,3,3,0,1
candidate::name:bureau,name:bureau,Bureau,candidate,,0,Bureau,Yes,No,,,1,The Bureau | the Bureau,3,3,3,0,1
candidate::name:canadian anti-fraud centre,name:canadian anti-fraud centre,Canadian Anti-Fraud Centre,candidate,,0,Canadian Anti-Fraud Centre,Yes,No,,,1,Canadian Anti-Fraud Centre,3,3,3,0,2
candidate::name:casa,name:casa,CASA,candidate,,0,CASA,Yes,No,,,1,CASA,3,3,3,0,2
candidate::name:check,name:check,Check,candidate,,0,Check,Yes,No,,,1,CHECK | Check,3,3,3,0,3
candidate::name:children's health insurance program,name:children's health insurance program,Children's Health Insurance Program,candidate,,0,Children's Health Insurance Program,Yes,No,,,1,Children's Health Insurance Program,3,3,0,3,2
candidate::name:chip,name:chip,CHIP,candidate,,0,CHIP,Yes,No,,,1,CHIP,3,3,0,3,2
candidate::name:ciee,name:ciee,CIEE,candidate,,0,CIEE,Yes,No,,,1,CIEE,3,3,3,0,2
candidate::name:college services,name:college services,College Services,candidate,,0,College Services,Yes,No,,,1,College Services,3,3,3,0,2
candidate::name:community mental health center,name:community mental health center,Community Mental Health Center,candidate,,0,Community Mental Health Center,Yes,No,,,1,Community Mental Health Center,3,3,3,0,1
candidate::name:counseling and psychological services,name:counseling and psychological services,Counseling and Psychological Services,candidate,,0,Counseling and Psychological Services,Yes,No,,,1,Counseling and Psychological Services,3,3,3,0,2
candidate::name:covid,name:covid,COVID,candidate,,0,COVID,Yes,No,,,1,COVID,3,3,3,0,2
candidate::name:crossing the,name:crossing the,Crossing the,candidate,,0,Crossing the,Yes,No,,,1,Crossing the Line,3,3,3,0,2
candidate::name:cybercivil rights initiative,name:cybercivil rights initiative,Cybercivil Rights Initiative,candidate,,0,Cybercivil Rights Initiative,Yes,No,,,1,CyberCivil Rights Initiative | Cybercivil Rights Initiative,3,3,3,0,3
candidate::name:cybersmile helpline,name:cybersmile helpline,Cybersmile Helpline,candidate,,0,Cybersmile Helpline,Yes,No,,,1,Cybersmile Helpline | The Cybersmile Helpline,3,3,3,0,1
candidate::name:default mode network,name:default mode network,Default Mode Network,candidate,,0,Default Mode Network,Yes,No,,,1,Default Mode Network,3,3,3,0,2
candidate::name:delivery service,name:delivery service,Delivery Service,candidate,,0,Delivery Service,Yes,No,,,1,Delivery Service,3,3,1,2,2
candidate::name:department of social services,name:department of social services,Department of Social Services,candidate,,0,Department of Social Services,Yes,No,,,1,Department of Social Services,3,3,3,0,2
candidate::name:dialing,name:dialing,Dialing,candidate,,0,Dialing,Yes,No,,,1,Dialing,3,3,3,0,2
candidate::name:dss,name:dss,DSS,candidate,,0,DSS,Yes,No,,,1,DSS,3,3,3,0,2
candidate::name:eating disorder helpline,name:eating disorder helpline,Eating Disorder Helpline,candidate,,0,Eating Disorder Helpline,Yes,No,,,1,An Eating Disorder Helpline | Eating Disorder Helpline,3,3,3,0,2
candidate::name:eating recovery center,name:eating recovery center,Eating Recovery Center,candidate,,0,Eating Recovery Center,Yes,No,,,1,Eating Recovery Center | the Eating Recovery Center,3,3,3,0,2
candidate::name:eff,name:eff,EFF,candidate,,0,EFF,Yes,No,,,1,EFF,3,3,3,0,2
candidate::name:electronic frontier foundation,name:electronic frontier foundation,Electronic Frontier Foundation,candidate,,0,Electronic Frontier Foundation,Yes,No,,,1,Electronic Frontier Foundation | the Electronic Frontier Foundation,3,3,3,0,2
candidate::name:emily program,name:emily program,Emily Program,candidate,,0,Emily Program,Yes,No,,,1,The Emily Program,3,3,3,0,2
candidate::name:esl,name:esl,ESL,candidate,,0,ESL,Yes,No,,,1,ESL,3,3,3,0,1
candidate::name:eu's digital services,name:eu's digital services,EU's Digital Services,candidate,,0,EU's Digital Services,Yes,No,,,1,the EU's Digital Services,3,3,3,0,1
candidate::name:eu’s digital services,name:eu’s digital services,EU’s Digital Services,candidate,,0,EU’s Digital Services,Yes,No,,,1,EU’s Digital Services | the EU’s Digital Services,3,3,3,0,2
candidate::name:family,name:family,FAMILY,candidate,,0,FAMILY,Yes,No,,,1,FAMILY,3,3,3,0,2
candidate::name:gbh,name:gbh,GBH,candidate,,0,GBH,Yes,No,,,1,GBH,4,3,3,0,2
candidate::name:gender and sexuality alliance,name:gender and sexuality alliance,Gender and Sexuality Alliance,candidate,,0,Gender and Sexuality Alliance,Yes,No,,,1,Gender and Sexuality Alliance,3,3,3,0,2
candidate::name:get,name:get,GET,candidate,,0,GET,Yes,No,,,1,GET,3,3,3,0,2
candidate::name:gov,name:gov,GOV,candidate,,0,GOV,Yes,No,,,1,GOV,3,3,1,2,1
candidate::name:have,name:have,HAVE,candidate,,0,HAVE,Yes,No,,,1,HAVE,3,3,3,0,3
candidate::name:heal,name:heal,HEAL,candidate,,0,HEAL,Yes,No,,,1,HEAL,4,3,3,0,2
candidate::name:health center,name:health center,Health Center,candidate,,0,Health Center,Yes,No,,,1,Health Center,3,3,2,1,2
candidate::name:hrsa,name:hrsa,HRSA,candidate,,0,HRSA,Yes,No,,,1,HRSA,3,3,2,1,2
candidate::name:hsa,name:hsa,HSA,candidate,,0,HSA,Yes,No,,,1,HSA,3,3,3,0,1
candidate::name:ico,name:ico,ICO,candidate,,0,ICO,Yes,No,,,1,ICO,7,3,3,0,1
candidate::name:legal aid society,name:legal aid society,Legal Aid Society,candidate,,0,Legal Aid Society,Yes,No,,,1,Legal Aid Society,3,3,3,0,2
candidate::name:legal department,name:legal department,Legal Department,candidate,,0,Legal Department,Yes,No,,,1,Legal Department,3,3,3,0,3
candidate::name:local law enforcement non-emergency,name:local law enforcement non-emergency,Local Law Enforcement Non-Emergency,candidate,,0,Local Law Enforcement Non-Emergency,Yes,No,,,1,Local Law Enforcement Non-Emergency Line,3,3,0,3,1
candidate::name:lot,name:lot,LOT,candidate,,0,LOT,Yes,No,,,1,LOT,3,3,3,0,2
candidate::name:m-f,name:m-f,M-F,candidate,,0,M-F,Yes,No,,,1,M-F,3,3,3,0,1
candidate::name:modern society,name:modern society,Modern Society,candidate,,0,Modern Society,Yes,No,,,1,Modern Society,3,3,3,0,1
candidate::name:national crisis hotline,name:national crisis hotline,National Crisis Hotline,candidate,,0,National Crisis Hotline,Yes,No,,,1,National Crisis Hotline,3,3,2,1,1
candidate::name:national human trafficking hotline,name:national human trafficking hotline,National Human Trafficking Hotline,candidate,,0,National Human Trafficking Hotline,Yes,No,,,1,National Human Trafficking Hotline,3,3,3,0,2
candidate::name:national institute,name:national institute,National Institute,candidate,,0,National Institute,Yes,No,,,1,National Institute | the National Institute,3,3,1,2,2
candidate::name:national teen dating abuse helpline,name:national teen dating abuse helpline,National Teen Dating Abuse Helpline,candidate,,0,National Teen Dating Abuse Helpline,Yes,No,,,1,National Teen Dating Abuse Helpline | the National Teen Dating Abuse Helpline,3,3,3,0,1
candidate::name:nedic helpline,name:nedic helpline,NEDIC Helpline,candidate,,0,NEDIC Helpline,Yes,No,,,1,NEDIC Helpline,3,3,3,0,1
candidate::name:number,name:number,NUMBER,candidate,,0,NUMBER,Yes,No,,,1,NUMBER,4,3,2,1,2
candidate::name:over,name:over,OVER,candidate,,0,OVER,Yes,No,,,1,OVER,3,3,2,1,2
candidate::name:pacer’s national bullying prevention center,name:pacer’s national bullying prevention center,PACER’s National Bullying Prevention Center,candidate,,0,PACER’s National Bullying Prevention Center,Yes,No,,,1,PACER’s National Bullying Prevention Center,3,3,3,0,1
candidate::name:pay,name:pay,PAY,candidate,,0,PAY,Yes,No,,,1,PAY,3,3,3,0,2
candidate::name:people you trust,name:people you trust,People You Trust,candidate,,0,People You Trust,Yes,No,,,1,People You Trust | and People You Trust,3,3,3,0,2
candidate::name:police and emergency medical services,name:police and emergency medical services,Police and Emergency Medical Services,candidate,,0,Police and Emergency Medical Services,Yes,No,,,1,Police and Emergency Medical Services,3,3,3,0,2
candidate::name:police department,name:police department,Police Department,candidate,,0,Police Department,Yes,No,,,1,Police Department,3,3,3,0,2
candidate::name:predictability and agency,name:predictability and agency,Predictability and Agency,candidate,,0,Predictability and Agency,Yes,No,,,1,Predictability and Agency,3,3,3,0,3
candidate::name:privacy and trust,name:privacy and trust,Privacy and Trust,candidate,,0,Privacy and Trust,Yes,No,,,1,Privacy and Trust,3,3,3,0,2
candidate::name:professional helpline,name:professional helpline,Professional Helpline,candidate,,0,Professional Helpline,Yes,No,,,1,A Professional Helpline | Professional Helpline,3,3,3,0,3
candidate::name:professional services,name:professional services,Professional Services,candidate,,0,Professional Services,Yes,No,,,1,Professional Services,3,3,3,0,1
candidate::name:protective services,name:protective services,Protective Services,candidate,,0,Protective Services,Yes,No,,,1,Protective Services,3,3,3,0,3
candidate::name:relative you trust,name:relative you trust,Relative You Trust,candidate,,0,Relative You Trust,Yes,No,,,1,A Relative You Trust,3,3,3,0,2
candidate::name:right authority,name:right authority,Right Authority,candidate,,0,Right Authority,Yes,No,,,1,the Right Authority,3,3,3,0,1
candidate::name:sane,name:sane,SANE,candidate,,0,SANE,Yes,No,,,1,SANE,5,3,3,0,1
candidate::name:saw,name:saw,SAW,candidate,,0,SAW,Yes,No,,,1,SAW,3,3,2,1,3
candidate::name:school,name:school,SCHOOL,candidate,,0,SCHOOL,Yes,No,,,1,SCHOOL,3,3,3,0,1
candidate::name:sexualities alliance,name:sexualities alliance,Sexualities Alliance,candidate,,0,Sexualities Alliance,Yes,No,,,1,Sexualities Alliance,3,3,3,0,1
candidate::name:skin cancer foundation,name:skin cancer foundation,Skin Cancer Foundation,candidate,,0,Skin Cancer Foundation,Yes,No,,,1,Skin Cancer Foundation | the Skin Cancer Foundation,3,3,0,3,3
candidate::name:sncc,name:sncc,SNCC,candidate,,0,SNCC,Yes,No,,,1,SNCC,3,3,3,0,1
candidate::name:someone,name:someone,SOMEONE,candidate,,0,SOMEONE,Yes,No,,,1,SOMEONE,3,3,3,0,1
candidate::name:spud,name:spud,SPUD,candidate,,0,SPUD,Yes,No,,,1,SPUD,4,3,3,0,2
candidate::name:stalking resource center,name:stalking resource center,Stalking Resource Center,candidate,,0,Stalking Resource Center,Yes,No,,,1,Stalking Resource Center,3,3,3,0,2
candidate::name:state of the union,name:state of the union,State of the Union,candidate,,0,State of the Union,Yes,No,,,1,State of the Union,3,3,3,0,1
candidate::name:swat,name:swat,SWAT,candidate,,0,SWAT,Yes,No,,,1,SWAT,3,3,3,0,2
candidate::name:tattoo,name:tattoo,TATTOO,candidate,,0,TATTOO,Yes,No,,,1,TATTOO,3,3,1,2,2
candidate::name:tccc,name:tccc,TCCC,candidate,,0,TCCC,Yes,No,,,1,TCCC,3,3,3,0,2
candidate::name:tdee,name:tdee,TDEE,candidate,,0,TDEE,Yes,No,,,1,TDEE,3,3,3,0,2
candidate::name:teacher you trust,name:teacher you trust,Teacher You Trust,candidate,,0,Teacher You Trust,Yes,No,,,1,A Teacher You Trust | Teacher You Trust,3,3,3,0,2
candidate::name:tell,name:tell,TELL,candidate,,0,TELL,Yes,No,,,1,TELL,3,3,3,0,2
candidate::name:the police non-emergency,name:the police non-emergency,the Police Non-Emergency,candidate,,0,the Police Non-Emergency,Yes,No,,,1,Call the Police Non-Emergency Line,3,3,3,0,2
candidate::name:they,name:they,THEY,candidate,,0,THEY,Yes,No,,,1,THEY,3,3,3,0,2
candidate::name:tomorrow,name:tomorrow,TOMORROW,candidate,,0,TOMORROW,Yes,No,,,1,TOMORROW,3,3,3,0,1
candidate::name:tos,name:tos,TOS,candidate,,0,TOS,Yes,No,,,1,TOS,4,3,3,0,2
candidate::name:treatment center,name:treatment center,Treatment Center,candidate,,0,Treatment Center,Yes,No,,,1,Treatment Center,3,3,3,0,1
"candidate::name:trust and reliability
trust","name:trust and reliability
trust","Trust and Reliability
Trust",candidate,,0,"Trust and Reliability
Trust",Yes,No,,,1,Trust and Reliability Trust,3,3,3,0,1
candidate::name:trusted authority,name:trusted authority,Trusted Authority,candidate,,0,Trusted Authority,Yes,No,,,1,A Trusted Authority | Trusted Authority,3,3,3,0,1
candidate::name:try the,name:try the,Try the,candidate,,0,Try the,Yes,No,,,1,Try the,3,3,3,0,2
candidate::name:tv-ma,name:tv-ma,TV-MA,candidate,,0,TV-MA,Yes,No,,,1,TV-MA,3,3,2,1,2
candidate::name:united way,name:united way,United Way,candidate,,0,United Way,Yes,No,,,1,United Way,3,3,3,0,1
candidate::name:usda national hunger hotline,name:usda national hunger hotline,USDA National Hunger Hotline,candidate,,0,USDA National Hunger Hotline,Yes,No,,,1,USDA National Hunger Hotline,3,3,3,0,3
candidate::name:use telehealth services,name:use telehealth services,Use Telehealth Services,candidate,,0,Use Telehealth Services,Yes,No,,,1,Use Telehealth Services,3,3,1,2,3
candidate::name:violation of terms of service,name:violation of terms of service,Violation of Terms of Service,candidate,,0,Violation of Terms of Service,Yes,No,,,1,Violation of Terms of Service,3,3,3,0,2
candidate::name:vsco,name:vsco,VSCO,candidate,,0,VSCO,Yes,No,,,1,VSCO,3,3,3,0,2
candidate::name:warmline,name:warmline,Warmline,candidate,,0,Warmline,Yes,No,,,1,Call Warmline at | WARMLINE,3,3,3,0,2
candidate::name:wellness center,name:wellness center,Wellness Center,candidate,,0,Wellness Center,Yes,No,,,1,Wellness Center,3,3,3,0,1
candidate::name:while the,name:while the,While the,candidate,,0,While the,Yes,No,,,1,While the,3,3,3,0,1
candidate::name:wildlife department,name:wildlife department,Wildlife Department,candidate,,0,Wildlife Department,Yes,No,,,1,Wildlife Department,3,3,2,1,1
candidate::name:wildlife service,name:wildlife service,Wildlife Service,candidate,,0,Wildlife Service,Yes,No,,,1,Wildlife Service,3,3,3,0,1
candidate::name:work,name:work,WORK,candidate,,0,WORK,Yes,No,,,1,WORK,3,3,3,0,2
candidate::name:xyz,name:xyz,XYZ,candidate,,0,XYZ,Yes,No,,,1,XYZ,3,3,3,0,3
candidate::name:your employee assistance program,name:your employee assistance program,Your Employee Assistance Program,candidate,,0,Your Employee Assistance Program,Yes,No,,,1,Your Employee Assistance Program,3,3,3,0,1
candidate::name:youth,name:youth,Youth,candidate,,0,Youth,Yes,No,,,1,Youth Line,3,3,3,0,2
candidate::name:youth services,name:youth services,Youth Services,candidate,,0,Youth Services,Yes,No,,,1,Youth Services,4,3,3,0,2
domain::domain:aap.org,domain:aap.org,aap.org,domain,,0,aap.org,Yes,No,,,1,aap.org | https://www.aap.org/,3,3,0,3,1
domain::domain:acs.org,domain:acs.org,acs.org,domain,,0,acs.org,Yes,No,,,1,https://www.acs.org | https://www.acs.org/,4,3,3,0,1
domain::domain:alerts.google.com,domain:alerts.google.com,alerts.google.com,domain,,0,alerts.google.com,Yes,No,,,1,alerts.google.com,3,3,3,0,2
domain::domain:archerytalk.com,domain:archerytalk.com,archerytalk.com,domain,,0,archerytalk.com,Yes,No,,,1,ArcheryTalk.com | https://www.archerytalk.com/,4,3,3,0,2
domain::domain:bark.us,domain:bark.us,bark.us,domain,,0,bark.us,Yes,No,,,1,bark.us | https://www.bark.us/,3,3,0,3,1
domain::domain:barnettcrossbows.com,domain:barnettcrossbows.com,barnettcrossbows.com,domain,,0,barnettcrossbows.com,Yes,No,,,1,https://www.barnettcrossbows.com/ | https://www.barnettcrossbows.com/youth-crossbows,3,3,1,2,1
domain::domain:bbfc.co.uk,domain:bbfc.co.uk,bbfc.co.uk,domain,,0,bbfc.co.uk,Yes,No,,,1,https://www.bbfc.co.uk | https://www.bbfc.co.uk/ | www.bbfc.co.uk,4,3,2,1,1
domain::domain:bcbs.com,domain:bcbs.com,bcbs.com,domain,,0,bcbs.com,Yes,No,,,1,bcbs.com/find-a-doctor | https://www.bcbs.com/ | https://www.bcbs.com/find-a-doctor,4,3,3,0,1
domain::domain:civilrights.justice.gov,domain:civilrights.justice.gov,civilrights.justice.gov,domain,,0,civilrights.justice.gov,Yes,No,,,1,civilrights.justice.gov | https://civilrights.justice.gov,6,3,3,0,1
domain::domain:connectsafely.org,domain:connectsafely.org,connectsafely.org,domain,,0,connectsafely.org,Yes,No,,,1,ConnectSafely.org | https://www.connectsafely.org/,4,3,2,1,2
domain::domain:copyright.gov,domain:copyright.gov,copyright.gov,domain,,0,copyright.gov,Yes,No,,,1,copyright.gov | https://www.copyright.gov/dmca-directory/ | https://www.copyright.gov/dmca/,3,3,3,0,2
domain::domain:crimestoppers.com.au,domain:crimestoppers.com.au,crimestoppers.com.au,domain,,0,crimestoppers.com.au,Yes,No,,,1,https://www.crimestoppers.com.au | https://www.crimestoppers.com.au/,3,3,3,0,1
domain::domain:edreferral.com,domain:edreferral.com,edreferral.com,domain,,0,edreferral.com,Yes,No,,,1,edreferral.com,3,3,3,0,1
domain::domain:eeoc.gov,domain:eeoc.gov,eeoc.gov,domain,,0,eeoc.gov,Yes,No,,,1,eeoc.gov | https://www.eeoc.gov | www.eeoc.gov,4,3,3,0,3
domain::domain:en.wikipedia.org,domain:en.wikipedia.org,en.wikipedia.org,domain,,0,en.wikipedia.org,Yes,No,,,1,https://en.wikipedia.org/wiki/Air_gun_laws | https://en.wikipedia.org/wiki/Section_230 | https://en.wikipedia.org/wiki/Telephone_recording_in_the_United_States,3,3,3,0,1
domain::domain:findcbt.org,domain:findcbt.org,findcbt.org,domain,,0,findcbt.org,Yes,No,,,1,https://www.findcbt.org/,3,3,3,0,1
domain::domain:fireworkcrazy.co.uk,domain:fireworkcrazy.co.uk,fireworkcrazy.co.uk,domain,,0,fireworkcrazy.co.uk,Yes,No,,,1,fireworkcrazy.co.uk | https://www.fireworkcrazy.co.uk | https://www.fireworkcrazy.co.uk/,5,3,0,3,1
domain::domain:fishwildlife.org,domain:fishwildlife.org,fishwildlife.org,domain,,0,fishwildlife.org,Yes,No,,,1,https://www.fishwildlife.org/ | https://www.fishwildlife.org/regions,3,3,1,2,1
domain::domain:glsen.org,domain:glsen.org,glsen.org,domain,,0,glsen.org,Yes,No,,,1,glsen.org,3,3,3,0,3
domain::domain:healthline.com,domain:healthline.com,healthline.com,domain,,0,healthline.com,Yes,No,,,1,healthline.com,3,3,3,0,2
domain::domain:help.twitch.tv,domain:help.twitch.tv,help.twitch.tv,domain,,0,help.twitch.tv,Yes,No,,,1,https://help.twitch.tv/s/article/How-to-report-a-user?language=en_US | https://help.twitch.tv/s/article/reporting-content | https://help.twitch.tv/s/article/reporting-content?language=en_US,3,3,3,0,1
domain::domain:internetmatters.org,domain:internetmatters.org,internetmatters.org,domain,,0,internetmatters.org,Yes,No,,,1,https://www.internetmatters.org | https://www.internetmatters.org/ | internetmatters.org | www.internetmatters.org,4,3,1,2,2
domain::domain:interpol.int,domain:interpol.int,interpol.int,domain,,0,interpol.int,Yes,No,,,1,https://www.interpol.int/ | www.interpol.int | www.interpol.int/en/How-we-work/INTERPOL-at-work/Notices/Red-Notices,5,3,3,0,1
domain::domain:justice.gov,domain:justice.gov,justice.gov,domain,,0,justice.gov,Yes,No,,,1,https://www.justice.gov/crs | https://www.justice.gov/crt,3,3,3,0,1
domain::domain:justwatch.com,domain:justwatch.com,justwatch.com,domain,,0,justwatch.com,Yes,No,,,1,JustWatch.com | https://www.justwatch.com | https://www.justwatch.com/uk | justwatch.com/uk,5,3,0,3,2
domain::domain:juvederm.com,domain:juvederm.com,juvederm.com,domain,,0,juvederm.com,Yes,No,,,1,https://www.juvederm.com/find-a-doctor | https://www.juvederm.com/find-a-provider | https://www.juvederm.com/us/en/find-a-doctor,3,3,3,0,1
domain::domain:lambdalegal.org,domain:lambdalegal.org,lambdalegal.org,domain,,0,lambdalegal.org,Yes,No,,,1,https://lambdalegal.org | https://www.lambdalegal.org/ | lambdalegal.org,5,3,3,0,2
domain::domain:law.cornell.edu,domain:law.cornell.edu,law.cornell.edu,domain,,0,law.cornell.edu,Yes,No,,,1,https://www.law.cornell.edu/uscode/text/15/5001 | https://www.law.cornell.edu/uscode/text/18/842 | https://www.law.cornell.edu/uscode/text/18/924 | https://www.law.cornell.edu/wex/hate_crimes#:~:text=If%20you%20are%20a%20victim,4,3,3,0,1
domain::domain:lovehoney.co.uk,domain:lovehoney.co.uk,lovehoney.co.uk,domain,,0,lovehoney.co.uk,Yes,No,,,1,https://www.lovehoney.co.uk/,3,3,1,2,1
domain::domain:manyvids.com,domain:manyvids.com,manyvids.com,domain,,0,manyvids.com,Yes,No,,,1,https://www.manyvids.com/ | manyvids.com,4,3,3,0,1
domain::domain:mealime.com,domain:mealime.com,mealime.com,domain,,0,mealime.com,Yes,No,,,1,https://www.mealime.com/,4,3,3,0,1
domain::domain:openai.com,domain:openai.com,openai.com,domain,,0,openai.com,Yes,No,,,1,https://openai.com/policies/privacy-policy | https://openai.com/privacy/,3,3,3,0,2
domain::domain:paprikaapp.com,domain:paprikaapp.com,paprikaapp.com,domain,,0,paprikaapp.com,Yes,No,,,1,https://www.paprikaapp.com/,3,3,3,0,1
domain::domain:proofofexistence.com,domain:proofofexistence.com,proofofexistence.com,domain,,0,proofofexistence.com,Yes,No,,,1,https://proofofexistence.com/ | proofofexistence.com,4,3,3,0,1
domain::domain:protectchildren.ca,domain:protectchildren.ca,protectchildren.ca,domain,,0,protectchildren.ca,Yes,No,,,1,ProtectChildren.ca | https://protectchildren.ca/ | https://protectchildren.ca/en/report-it/ | protectchildren.ca,4,3,3,0,2
domain::domain:pyrodirect.co.uk,domain:pyrodirect.co.uk,pyrodirect.co.uk,domain,,0,pyrodirect.co.uk,Yes,No,,,1,https://www.pyrodirect.co.uk | https://www.pyrodirect.co.uk/ | pyrodirect.co.uk,5,3,1,2,1
domain::domain:realitykings.com,domain:realitykings.com,realitykings.com,domain,,0,realitykings.com,Yes,No,,,1,https://www.realitykings.com | https://www.realitykings.com/ | realitykings.com | www.realitykings.com,5,3,3,0,1
domain::domain:saucey.com,domain:saucey.com,saucey.com,domain,,0,saucey.com,Yes,No,,,1,https://saucey.com | saucey.com,6,3,1,2,1
domain::domain:supportiv.com,domain:supportiv.com,supportiv.com,domain,,0,supportiv.com,Yes,No,,,1,Supportiv.com,3,3,3,0,1
domain::domain:thecyberhelpline.com,domain:thecyberhelpline.com,thecyberhelpline.com,domain,,0,thecyberhelpline.com,Yes,No,,,1,https://www.thecyberhelpline.com | thecyberhelpline.com,6,3,3,0,1
domain::domain:thefireworkshop.co.uk,domain:thefireworkshop.co.uk,thefireworkshop.co.uk,domain,,0,thefireworkshop.co.uk,Yes,No,,,1,https://www.thefireworkshop.co.uk/,4,3,1,2,1
domain::domain:theprojectheal.org,domain:theprojectheal.org,theprojectheal.org,domain,,0,theprojectheal.org,Yes,No,,,1,https://www.theprojectheal.org/ | theprojectheal.org,4,3,3,0,2
domain::domain:therapyforlatinx.com,domain:therapyforlatinx.com,therapyforlatinx.com,domain,,0,therapyforlatinx.com,Yes,No,,,1,https://www.therapyforlatinx.com/ | therapyforlatinx.com,3,3,3,0,2
domain::domain:totalwine.com,domain:totalwine.com,totalwine.com,domain,,0,totalwine.com,Yes,No,,,1,TotalWine.com | https://www.totalwine.com/ | totalwine.com,4,3,1,2,2
domain::domain:victorinox.com,domain:victorinox.com,victorinox.com,domain,,0,victorinox.com,Yes,No,,,1,Victorinox.com | https://www.victorinox.com | https://www.victorinox.com/,3,3,2,1,2
domain::domain:webmd.com,domain:webmd.com,webmd.com,domain,,0,webmd.com,Yes,No,,,1,webmd.com | webmd.com/pill-identification,3,3,3,0,2
domain::domain:whois.net,domain:whois.net,whois.net,domain,,0,whois.net,Yes,No,,,1,WHOIS.net | Whois.net | https://www.whois.net/,4,3,3,0,1
domain::domain:withoutmyconsent.org,domain:withoutmyconsent.org,withoutmyconsent.org,domain,,0,withoutmyconsent.org,Yes,No,,,1,https://www.withoutmyconsent.org/,3,3,3,0,1
domain::domain:yelp.com,domain:yelp.com,yelp.com,domain,,0,yelp.com,Yes,No,,,1,https://www.yelp.com/ | https://www.yelp.com/reservations/,3,3,2,1,1
email::email:abuse@websitename.com,email:abuse@websitename.com,abuse@websitename.com,email,,0,abuse@websitename.com,Yes,No,,,1,abuse@websitename.com,3,3,3,0,1
email::email:copyright@domain.com,email:copyright@domain.com,copyright@domain.com,email,,0,copyright@domain.com,Yes,No,,,1,copyright@domain.com,3,3,3,0,1
email::email:info@company.com,email:info@company.com,info@company.com,email,,0,info@company.com,Yes,No,,,1,info@company.com,3,3,3,0,1
email::email:legal@domain.com,email:legal@domain.com,legal@domain.com,email,,0,legal@domain.com,Yes,No,,,1,legal@domain.com,3,3,3,0,2
email::email:support@website.com,email:support@website.com,support@website.com,email,,0,support@website.com,Yes,No,,,1,support@website.com,3,3,3,0,1
phone::number:08009995428,number:08009995428,08009995428,phone,,0,08009995428,Yes,No,,,1,0800 999 5428,3,3,3,0,2
phone::number:08088020300,number:08088020300,08088020300,phone,,0,08088020300,Yes,No,,,1,0808 802 0300,3,3,3,0,2
phone::number:19551956,number:19551956,19551956,phone,,0,19551956,Yes,No,,,1,1955–1956,3,3,3,0,1
phone::number:20240515,number:20240515,20240515,phone,,0,20240515,Yes,No,,,1,2024-05-15,3,3,3,0,2
phone::number:20240520,number:20240520,20240520,phone,,0,20240520,Yes,No,,,1,2024-05-20,4,3,3,0,2
phone::number:8002324636,number:8002324636,8002324636,phone,,0,8002324636,Yes,No,,,1,1-800-232-4636 | 1-800-CDC-INFO,6,3,3,0,1
phone::number:8447647669,number:8447647669,8447647669,phone,,0,8447647669,Yes,No,,,1,1-844-764-7669 | 1‑844‑764‑7669,3,3,0,3,1
phone::number:8553784373,number:8553784373,8553784373,phone,,0,8553784373,Yes,No,,,1,1-855-378-4373,3,3,3,0,2
phone::number:8779109276,number:8779109276,8779109276,phone,,0,8779109276,Yes,No,,,1,1-877-910-9276,3,3,3,0,1
phone::number:8884489777,number:8884489777,8884489777,phone,,0,8884489777,Yes,No,,,1,1-888-448-9777,3,3,3,0,1
shortcode::number:010,number:010,010,shortcode,,0,010,Yes,No,,,1,0–10,3,3,2,1,3
shortcode::number:1012,number:1012,1012,shortcode,,0,1012,Yes,No,,,1,10–12,3,3,2,1,2
shortcode::number:102,number:102,102,shortcode,,0,102,Yes,No,,,1,102,3,3,3,0,2
shortcode::number:1214,number:1214,1214,shortcode,,0,1214,Yes,No,,,1,12–14,3,3,3,0,3
shortcode::number:130,number:130,130,shortcode,,0,130,Yes,No,,,1,130,3,3,2,1,3
shortcode::number:1318,number:1318,1318,shortcode,,0,1318,Yes,No,,,1,13-18 | 13–18,3,3,3,0,2
shortcode::number:140,number:140,140,shortcode,,0,140,Yes,No,,,1,140,3,3,3,0,1
shortcode::number:150,number:150,150,shortcode,,0,150,Yes,No,,,1,15-0 | 150,3,3,3,0,2
shortcode::number:1520,number:1520,1520,shortcode,,0,1520,Yes,No,,,1,15-20 | 15–20,3,3,3,0,2
shortcode::number:2257,number:2257,2257,shortcode,,0,2257,Yes,No,,,1,2257,3,3,2,1,2
candidate::name:above,name:above,ABOVE,candidate,,0,ABOVE,Yes,No,,,1,ABOVE,2,2,2,0,1
candidate::name:absolute bottom,name:absolute bottom,Absolute Bottom,candidate,,0,Absolute Bottom,Yes,No,,,1,The Absolute Bottom Line,2,2,2,0,1
candidate::name:abv,name:abv,ABV,candidate,,0,ABV,Yes,No,,,1,ABV,2,2,1,1,2
candidate::name:aca,name:aca,ACA,candidate,,0,ACA,Yes,No,,,1,ACA,2,2,2,0,2
candidate::name:addiction helpline,name:addiction helpline,Addiction Helpline,candidate,,0,Addiction Helpline,Yes,No,,,1,Addiction Helpline,2,2,1,1,2
candidate::name:afab,name:afab,AFAB,candidate,,0,AFAB,Yes,No,,,1,AFAB,2,2,2,0,2
candidate::name:alcohol,name:alcohol,ALCOHOL,candidate,,0,ALCOHOL,Yes,No,,,1,ALCOHOL,2,2,2,0,2
candidate::name:alert,name:alert,ALERT,candidate,,0,ALERT,Yes,No,,,1,ALERT,2,2,2,0,2
candidate::name:alumni network,name:alumni network,Alumni Network,candidate,,0,Alumni Network,Yes,No,,,1,Alumni Network | The Alumni Network,2,2,2,0,1
candidate::name:amc,name:amc,AMC,candidate,,0,AMC,Yes,No,,,1,AMC,2,2,0,2,1
candidate::name:american association,name:american association,American Association,candidate,,0,American Association,Yes,No,,,1,American Association,2,2,1,1,2
candidate::name:amount,name:amount,AMOUNT,candidate,,0,AMOUNT,Yes,No,,,1,AMOUNT,2,2,2,0,1
candidate::name:another adult you trust,name:another adult you trust,Another Adult You Trust,candidate,,0,Another Adult You Trust,Yes,No,,,1,Another Adult You Trust,2,2,2,0,2
candidate::name:aprn,name:aprn,APRN,candidate,,0,APRN,Yes,No,,,1,APRN,2,2,1,1,1
candidate::name:archiving services,name:archiving services,Archiving Services,candidate,,0,Archiving Services,Yes,No,,,1,Archiving Services,2,2,2,0,1
candidate::name:arfid,name:arfid,ARFID,candidate,,0,ARFID,Yes,No,,,1,ARFID,2,2,2,0,2
candidate::name:atm,name:atm,ATM,candidate,,0,ATM,Yes,No,,,1,ATM,2,2,2,0,1
candidate::name:awake,name:awake,AWAKE,candidate,,0,AWAKE,Yes,No,,,1,AWAKE,2,2,2,0,1
candidate::name:b&m,name:b&m,B&M,candidate,,0,B&M,Yes,No,,,1,B&M,2,2,0,2,1
candidate::name:b&q,name:b&q,B&Q,candidate,,0,B&Q,Yes,No,,,1,B&Q,2,2,0,2,1
candidate::name:bdd foundation,name:bdd foundation,BDD Foundation,candidate,,0,BDD Foundation,Yes,No,,,1,BDD Foundation | the BDD Foundation,2,2,2,0,2
candidate::name:bdnf,name:bdnf,BDNF,candidate,,0,BDNF,Yes,No,,,1,BDNF,2,2,2,0,2
candidate::name:beda,name:beda,BEDA,candidate,,0,BEDA,Yes,No,,,1,BEDA,2,2,2,0,1
candidate::name:bedtime,name:bedtime,BEDTIME,candidate,,0,BEDTIME,Yes,No,,,1,BEDTIME,2,2,2,0,1
candidate::name:beep,name:beep,BEEP,candidate,,0,BEEP,Yes,No,,,1,BEEP,6,2,2,0,1
candidate::name:binge eating disorder association,name:binge eating disorder association,Binge Eating Disorder Association,candidate,,0,Binge Eating Disorder Association,Yes,No,,,1,Binge Eating Disorder Association,2,2,2,0,1
candidate::name:bipoc,name:bipoc,BIPOC,candidate,,0,BIPOC,Yes,No,,,1,BIPOC,2,2,2,0,2
candidate::name:block,name:block,BLOCK,candidate,,0,BLOCK,Yes,No,,,1,BLOCK,2,2,2,0,1
candidate::name:breaking the association,name:breaking the association,Breaking the Association,candidate,,0,Breaking the Association,Yes,No,,,1,Breaking the Association,2,2,2,0,1
candidate::name:british dietetic association,name:british dietetic association,British Dietetic Association,candidate,,0,British Dietetic Association,Yes,No,,,1,British Dietetic Association,2,2,2,0,2
candidate::name:building trust,name:building trust,Building Trust,candidate,,0,Building Trust,Yes,No,,,1,Building Trust,2,2,1,1,2
candidate::name:cad,name:cad,CAD,candidate,,0,CAD,Yes,No,,,1,CAD,2,2,2,0,1
candidate::name:caution,name:caution,CAUTION,candidate,,0,CAUTION,Yes,No,,,1,CAUTION,2,2,2,0,2
candidate::name:center,name:center,Center,candidate,,0,Center,Yes,No,,,1,The Center | the Center,2,2,2,0,2
candidate::name:cfpb,name:cfpb,CFPB,candidate,,0,CFPB,Yes,No,,,1,CFPB,2,2,2,0,1
candidate::name:check the site’s terms of service,name:check the site’s terms of service,Check the Site’s Terms of Service,candidate,,0,Check the Site’s Terms of Service,Yes,No,,,1,Check the Site’s Terms of Service,2,2,2,0,2
candidate::name:chinese canadian national council,name:chinese canadian national council,Chinese Canadian National Council,candidate,,0,Chinese Canadian National Council,Yes,No,,,1,the Chinese Canadian National Council,2,2,2,0,1
candidate::name:choose your salon and service,name:choose your salon and service,Choose Your Salon and Service,candidate,,0,Choose Your Salon and Service,Yes,No,,,1,Choose Your Salon and Service,2,2,2,0,1
candidate::name:city counseling center,name:city counseling center,City Counseling Center,candidate,,0,City Counseling Center,Yes,No,,,1,City Counseling Center,2,2,2,0,1
candidate::name:collaborative project,name:collaborative project,Collaborative Project,candidate,,0,Collaborative Project,Yes,No,,,1,Collaborative Project,2,2,1,1,2
candidate::name:come,name:come,COME,candidate,,0,COME,Yes,No,,,1,COME,2,2,2,0,1
candidate::name:confidential services,name:confidential services,Confidential Services,candidate,,0,Confidential Services,Yes,No,,,1,Confidential Services,2,2,2,0,1
candidate::name:consumer financial protection bureau,name:consumer financial protection bureau,Consumer Financial Protection Bureau,candidate,,0,Consumer Financial Protection Bureau,Yes,No,,,1,Consumer Financial Protection Bureau,2,2,2,0,2
candidate::name:contact,name:contact,CONTACT,candidate,,0,CONTACT,Yes,No,,,1,CONTACT,2,2,2,0,2
candidate::name:contact the,name:contact the,Contact the,candidate,,0,Contact the,Yes,No,,,1,Contact the,2,2,1,1,2
candidate::name:contact the service,name:contact the service,Contact the Service,candidate,,0,Contact the Service,Yes,No,,,1,Contact the Service,2,2,2,0,1
candidate::name:control and agency,name:control and agency,Control and Agency,candidate,,0,Control and Agency,Yes,No,,,1,Control and Agency,2,2,1,1,1
candidate::name:county mental health services,name:county mental health services,County Mental Health Services,candidate,,0,County Mental Health Services,Yes,No,,,1,County Mental Health Services,2,2,2,0,2
candidate::name:crimestoppers,name:crimestoppers,Crimestoppers,candidate,,0,Crimestoppers,Yes,No,,,1,Crimestoppers at,2,2,2,0,1
candidate::name:criminal investigation department,name:criminal investigation department,Criminal Investigation Department,candidate,,0,Criminal Investigation Department,Yes,No,,,1,Criminal Investigation Department,2,2,2,0,1
candidate::name:cyberbullying hotline,name:cyberbullying hotline,Cyberbullying Hotline,candidate,,0,Cyberbullying Hotline,Yes,No,,,1,Cyberbullying Hotline,2,2,2,0,1
candidate::name:dbsa,name:dbsa,DBSA,candidate,,0,DBSA,Yes,No,,,1,DBSA,2,2,2,0,1
candidate::name:dea,name:dea,DEA,candidate,,0,DEA,Yes,No,,,1,DEA,2,2,1,1,2
candidate::name:delete,name:delete,DELETE,candidate,,0,DELETE,Yes,No,,,1,DELETE,2,2,2,0,1
candidate::name:dmv,name:dmv,DMV,candidate,,0,DMV,Yes,No,,,1,DMV,2,2,0,2,1
candidate::name:dob,name:dob,DOB,candidate,,0,DOB,Yes,No,,,1,DOB,2,2,2,0,1
candidate::name:does,name:does,DOES,candidate,,0,DOES,Yes,No,,,1,DOES,2,2,2,0,2
candidate::name:eating disorder referral and information center,name:eating disorder referral and information center,Eating Disorder Referral and Information Center,candidate,,0,Eating Disorder Referral and Information Center,Yes,No,,,1,Eating Disorder Referral and Information Center,2,2,2,0,1
candidate::name:edin,name:edin,EDIN,candidate,,0,EDIN,Yes,No,,,1,EDIN,2,2,2,0,1
candidate::name:elder protective services,name:elder protective services,Elder Protective Services,candidate,,0,Elder Protective Services,Yes,No,,,1,Elder Protective Services,2,2,2,0,1
candidate::name:eliza,name:eliza,ELIZA,candidate,,0,ELIZA,Yes,No,,,1,ELIZA,3,2,2,0,1
candidate::name:else,name:else,ELSE,candidate,,0,ELSE,Yes,No,,,1,ELSE,2,2,2,0,1
candidate::name:email,name:email,Email,candidate,,0,Email,Yes,No,,,1,EMAIL | Email,2,2,2,0,2
candidate::name:emergency,name:emergency,Emergency,candidate,,0,Emergency,Yes,No,,,1,Emergency Line,2,2,2,0,2
candidate::name:emt,name:emt,EMT,candidate,,0,EMT,Yes,No,,,1,EMT,2,2,2,0,2
candidate::name:equality advisory and support service,name:equality advisory and support service,Equality Advisory and Support Service,candidate,,0,Equality Advisory and Support Service,Yes,No,,,1,Equality Advisory and Support Service,2,2,2,0,2
candidate::name:erc,name:erc,ERC,candidate,,0,ERC,Yes,No,,,1,ERC,2,2,2,0,2
candidate::name:error,name:error,ERROR,candidate,,0,ERROR,Yes,No,,,1,ERROR | Error,2,2,2,0,2
candidate::name:ethics,name:ethics,Ethics,candidate,,0,Ethics,Yes,No,,,1,Ethics Line,2,2,2,0,2
candidate::name:evali,name:evali,EVALI,candidate,,0,EVALI,Yes,No,,,1,EVALI,2,2,0,2,2
candidate::name:evidence,name:evidence,EVIDENCE,candidate,,0,EVIDENCE,Yes,No,,,1,EVIDENCE,2,2,2,0,2
candidate::name:exactly,name:exactly,EXACTLY,candidate,,0,EXACTLY,Yes,No,,,1,EXACTLY,2,2,2,0,1
candidate::name:example,name:example,Example,candidate,,0,Example,Yes,No,,,1,Example:,2,2,2,0,2
candidate::name:family member you trust,name:family member you trust,Family Member You Trust,candidate,,0,Family Member You Trust,Yes,No,,,1,A Family Member You Trust | Family Member You Trust,2,2,2,0,2
candidate::name:family services,name:family services,Family Services,candidate,,0,Family Services,Yes,No,,,1,Family Services,2,2,2,0,1
candidate::name:fear of association,name:fear of association,Fear of Association,candidate,,0,Fear of Association,Yes,No,,,1,Fear of Association,2,2,2,0,1
candidate::name:feed,name:feed,FEED,candidate,,0,FEED,Yes,No,,,1,FEED,2,2,0,2,1
candidate::name:final,name:final,FINAL,candidate,,0,FINAL,Yes,No,,,1,FINAL,2,2,0,2,1
candidate::name:final bottom,name:final bottom,Final Bottom,candidate,,0,Final Bottom,Yes,No,,,1,Final Bottom Line | The Final Bottom Line,2,2,2,0,1
candidate::name:firing,name:firing,Firing,candidate,,0,Firing,Yes,No,,,1,Firing Line,2,2,0,2,1
candidate::name:fix,name:fix,FIX,candidate,,0,FIX,Yes,No,,,1,FIX,2,2,2,0,1
candidate::name:fomo,name:fomo,FOMO,candidate,,0,FOMO,Yes,No,,,1,FOMO,2,2,2,0,2
candidate::name:food,name:food,FOOD,candidate,,0,FOOD,Yes,No,,,1,FOOD,2,2,0,2,2
candidate::name:friend,name:friend,FRIEND,candidate,,0,FRIEND,Yes,No,,,1,FRIEND,2,2,2,0,2
candidate::name:friends and extended network,name:friends and extended network,Friends and Extended Network,candidate,,0,Friends and Extended Network,Yes,No,,,1,Friends and Extended Network,2,2,2,0,1
candidate::name:fsh,name:fsh,FSH,candidate,,0,FSH,Yes,No,,,1,FSH,2,2,2,0,2
candidate::name:fsk,name:fsk,FSK,candidate,,0,FSK,Yes,No,,,1,FSK,3,2,2,0,2
candidate::name:gaba,name:gaba,GABA,candidate,,0,GABA,Yes,No,,,1,GABA,3,2,2,0,2
"candidate::name:gender socialization
society","name:gender socialization
society","Gender Socialization
Society",candidate,,0,"Gender Socialization
Society",Yes,No,,,1,Gender Socialization Society,2,2,2,0,1
candidate::name:girls town national hotline,name:girls town national hotline,Girls Town National Hotline,candidate,,0,Girls Town National Hotline,Yes,No,,,1,Girls Town National Hotline,2,2,2,0,1
candidate::name:glbt,name:glbt,GLBT,candidate,,0,GLBT,Yes,No,,,1,GLBT,2,2,2,0,1
candidate::name:glbt national help center,name:glbt national help center,GLBT National Help Center,candidate,,0,GLBT National Help Center,Yes,No,,,1,The GLBT National Help Center,2,2,2,0,1
candidate::name:glp,name:glp,GLP,candidate,,0,GLP,Yes,No,,,1,GLP,2,2,0,2,1
candidate::name:golden,name:golden,Golden,candidate,,0,Golden,Yes,No,,,1,GOLDEN | The Golden Line,2,2,2,0,2
candidate::name:happened,name:happened,HAPPENED,candidate,,0,HAPPENED,Yes,No,,,1,HAPPENED,2,2,2,0,1
candidate::name:hdr,name:hdr,HDR,candidate,,0,HDR,Yes,No,,,1,HDR,2,2,2,0,1
candidate::name:higher,name:higher,HIGHER,candidate,,0,HIGHER,Yes,No,,,1,HIGHER,2,2,2,0,1
candidate::name:honest bottom,name:honest bottom,Honest Bottom,candidate,,0,Honest Bottom,Yes,No,,,1,The Honest Bottom Line,2,2,0,2,1
candidate::name:hr hotline,name:hr hotline,HR Hotline,candidate,,0,HR Hotline,Yes,No,,,1,HR Hotline,2,2,2,0,1
candidate::name:iarc,name:iarc,IARC,candidate,,0,IARC,Yes,No,,,1,IARC,2,2,0,2,2
candidate::name:ibs,name:ibs,IBS,candidate,,0,IBS,Yes,No,,,1,IBS,2,2,2,0,1
candidate::name:icann,name:icann,ICANN,candidate,,0,ICANN,Yes,No,,,1,ICANN,2,2,2,0,1
candidate::name:if you,name:if you,If You,candidate,,0,If You,Yes,No,,,1,If You Call,2,2,2,0,1
candidate::name:ilga,name:ilga,ILGA,candidate,,0,ILGA,Yes,No,,,1,ILGA,2,2,2,0,1
candidate::name:imdb,name:imdb,IMDB,candidate,,0,IMDB,Yes,No,,,1,IMDB,2,2,1,1,2
candidate::name:in-home services,name:in-home services,In-Home Services,candidate,,0,In-Home Services,Yes,No,,,1,In-Home Services,2,2,2,0,1
candidate::name:international agency,name:international agency,International Agency,candidate,,0,International Agency,Yes,No,,,1,The International Agency,2,2,0,2,2
candidate::name:international network,name:international network,International Network,candidate,,0,International Network,Yes,No,,,1,International Network,2,2,2,0,2
candidate::name:invisible,name:invisible,Invisible,candidate,,0,Invisible,Yes,No,,,1,The Invisible Line,2,2,2,0,1
candidate::name:involve authority,name:involve authority,Involve Authority,candidate,,0,Involve Authority,Yes,No,,,1,Involve Authority,2,2,2,0,1
candidate::name:it department,name:it department,IT Department,candidate,,0,IT Department,Yes,No,,,1,IT Department,2,2,2,0,2
candidate::name:jason foundation,name:jason foundation,Jason Foundation,candidate,,0,Jason Foundation,Yes,No,,,1,The Jason Foundation | the Jason Foundation,2,2,0,2,1
candidate::name:lack of authority,name:lack of authority,Lack of Authority,candidate,,0,Lack of Authority,Yes,No,,,1,Lack of Authority,2,2,1,1,2
candidate::name:language center,name:language center,Language Center,candidate,,0,Language Center,Yes,No,,,1,Language Center,2,2,2,0,1
candidate::name:lawyer referral service,name:lawyer referral service,Lawyer Referral Service,candidate,,0,Lawyer Referral Service,Yes,No,,,1,Lawyer Referral Service,2,2,2,0,1
candidate::name:leave,name:leave,LEAVE,candidate,,0,LEAVE,Yes,No,,,1,LEAVE,2,2,2,0,1
candidate::name:legal,name:legal,LEGAL,candidate,,0,LEGAL,Yes,No,,,1,LEGAL | The Legal Line,2,2,2,0,2
candidate::name:legal alcohol delivery service,name:legal alcohol delivery service,Legal Alcohol Delivery Service,candidate,,0,Legal Alcohol Delivery Service,Yes,No,,,1,Legal Alcohol Delivery Service,2,2,2,0,1
candidate::name:legal delivery service,name:legal delivery service,Legal Delivery Service,candidate,,0,Legal Delivery Service,Yes,No,,,1,Legal Delivery Service,2,2,1,1,2
candidate::name:legal foundation,name:legal foundation,Legal Foundation,candidate,,0,Legal Foundation,Yes,No,,,1,The Legal Foundation,2,2,2,0,1
candidate::name:legal help center,name:legal help center,Legal Help Center,candidate,,0,Legal Help Center,Yes,No,,,1,Legal Help Center,2,2,2,0,2
candidate::name:lgbt center,name:lgbt center,LGBT Center,candidate,,0,LGBT Center,Yes,No,,,1,LGBT Center | The LGBT Center,2,2,2,0,2
candidate::name:lgbtq center,name:lgbtq center,LGBTQ Center,candidate,,0,LGBTQ Center,Yes,No,,,1,LGBTQ Center,2,2,2,0,1
candidate::name:lmsw,name:lmsw,LMSW,candidate,,0,LMSW,Yes,No,,,1,LMSW,2,2,2,0,1
candidate::name:local council,name:local council,Local Council,candidate,,0,Local Council,Yes,No,,,1,Local Council,2,2,0,2,1
candidate::name:look,name:look,LOOK,candidate,,0,LOOK,Yes,No,,,1,LOOK,2,2,2,0,2
candidate::name:loveland foundation,name:loveland foundation,Loveland Foundation,candidate,,0,Loveland Foundation,Yes,No,,,1,The Loveland Foundation,2,2,2,0,1
candidate::name:lulac,name:lulac,LULAC,candidate,,0,LULAC,Yes,No,,,1,LULAC,2,2,2,0,2
candidate::name:mat,name:mat,MAT,candidate,,0,MAT,Yes,No,,,1,MAT,2,2,2,0,2
candidate::name:media,name:media,MEDIA,candidate,,0,MEDIA,Yes,No,,,1,MEDIA,2,2,2,0,1
candidate::name:medical detox center,name:medical detox center,Medical Detox Center,candidate,,0,Medical Detox Center,Yes,No,,,1,Medical Detox Center,2,2,2,0,1
candidate::name:mental health services,name:mental health services,Mental Health Services,candidate,,0,Mental Health Services,Yes,No,,,1,Mental Health Services,2,2,2,0,2
candidate::name:message,name:message,MESSAGE,candidate,,0,MESSAGE,Yes,No,,,1,MESSAGE,2,2,2,0,2
candidate::name:mia,name:mia,MIA,candidate,,0,MIA,Yes,No,,,1,MIA,2,2,2,0,1
candidate::name:mma,name:mma,MMA,candidate,,0,MMA,Yes,No,,,1,MMA,2,2,2,0,1
candidate::name:mun,name:mun,MUN,candidate,,0,MUN,Yes,No,,,1,MUN,2,2,2,0,2
candidate::name:mvp,name:mvp,MVP,candidate,,0,MVP,Yes,No,,,1,MVP,2,2,2,0,1
candidate::name:naacp legal defense fund,name:naacp legal defense fund,NAACP Legal Defense Fund,candidate,,0,NAACP Legal Defense Fund,Yes,No,,,1,NAACP Legal Defense Fund | the NAACP Legal Defense Fund,2,2,2,0,2
candidate::name:nabp,name:nabp,NABP,candidate,,0,NABP,Yes,No,,,1,NABP,2,2,2,0,1
candidate::name:name of authority,name:name of authority,Name of Authority,candidate,,0,Name of Authority,Yes,No,,,1,Name of Authority,2,2,2,0,1
candidate::name:national alcohol and other drug hotline,name:national alcohol and other drug hotline,National Alcohol and Other Drug Hotline,candidate,,0,National Alcohol and Other Drug Hotline,Yes,No,,,1,National Alcohol and Other Drug Hotline,2,2,2,0,1
candidate::name:national bullying prevention center,name:national bullying prevention center,National Bullying Prevention Center,candidate,,0,National Bullying Prevention Center,Yes,No,,,1,National Bullying Prevention Center | The National Bullying Prevention Center,2,2,2,0,1
candidate::name:national child traumatic stress network,name:national child traumatic stress network,National Child Traumatic Stress Network,candidate,,0,National Child Traumatic Stress Network,Yes,No,,,1,National Child Traumatic Stress Network,2,2,0,2,1
candidate::name:national council,name:national council,National Council,candidate,,0,National Council,Yes,No,,,1,National Council | The National Council,2,2,2,0,1
candidate::name:national eating disorder helpline,name:national eating disorder helpline,National Eating Disorder Helpline,candidate,,0,National Eating Disorder Helpline,Yes,No,,,1,National Eating Disorder Helpline,2,2,2,0,2
candidate::name:national fireworks association,name:national fireworks association,National Fireworks Association,candidate,,0,National Fireworks Association,Yes,No,,,1,National Fireworks Association,2,2,2,0,1
candidate::name:national foundation,name:national foundation,National Foundation,candidate,,0,National Foundation,Yes,No,,,1,National Foundation,2,2,2,0,2
candidate::name:national parent helpline,name:national parent helpline,National Parent Helpline,candidate,,0,National Parent Helpline,Yes,No,,,1,The National Parent Helpline | the National Parent Helpline,2,2,1,1,2
candidate::name:national sexual assault telephone hotline,name:national sexual assault telephone hotline,National Sexual Assault Telephone Hotline,candidate,,0,National Sexual Assault Telephone Hotline,Yes,No,,,1,National Sexual Assault Telephone Hotline | the National Sexual Assault Telephone Hotline,2,2,2,0,2
candidate::name:national sexual violence resource center,name:national sexual violence resource center,National Sexual Violence Resource Center,candidate,,0,National Sexual Violence Resource Center,Yes,No,,,1,National Sexual Violence Resource Center | the National Sexual Violence Resource Center,2,2,2,0,1
candidate::name:national teen,name:national teen,National Teen,candidate,,0,National Teen,Yes,No,,,1,National Teen Line | the National Teen Line,2,2,2,0,1
candidate::name:nca,name:nca,NCA,candidate,,0,NCA,Yes,No,,,1,NCA,2,2,2,0,1
candidate::name:ncmh,name:ncmh,NCMH,candidate,,0,NCMH,Yes,No,,,1,NCMH,2,2,2,0,1
candidate::name:ndc,name:ndc,NDC,candidate,,0,NDC,Yes,No,,,1,NDC,2,2,2,0,2
candidate::name:need,name:need,NEED,candidate,,0,NEED,Yes,No,,,1,NEED,2,2,1,1,2
candidate::name:nemours foundation,name:nemours foundation,Nemours Foundation,candidate,,0,Nemours Foundation,Yes,No,,,1,the Nemours Foundation,2,2,1,1,1
candidate::name:nerf,name:nerf,NERF,candidate,,0,NERF,Yes,No,,,1,NERF,2,2,0,2,1
candidate::name:network,name:network,Network,candidate,,0,Network,Yes,No,,,1,The Network,2,2,2,0,1
candidate::name:nida,name:nida,NIDA,candidate,,0,NIDA,Yes,No,,,1,NIDA,2,2,1,1,1
candidate::name:note,name:note,NOTE,candidate,,0,NOTE,Yes,No,,,1,NOTE,2,2,2,0,1
candidate::name:nothing,name:nothing,NOTHING,candidate,,0,NOTHING,Yes,No,,,1,NOTHING,2,2,1,1,2
candidate::name:npr,name:npr,NPR,candidate,,0,NPR,Yes,No,,,1,NPR,2,2,2,0,1
candidate::name:nqttcn,name:nqttcn,NQTTCN,candidate,,0,NQTTCN,Yes,No,,,1,NQTTCN,2,2,2,0,1
candidate::name:nra-ila,name:nra-ila,NRA-ILA,candidate,,0,NRA-ILA,Yes,No,,,1,NRA-ILA,2,2,1,1,1
candidate::name:nssi,name:nssi,NSSI,candidate,,0,NSSI,Yes,No,,,1,NSSI,2,2,0,2,1
candidate::name:nurse advice,name:nurse advice,Nurse Advice,candidate,,0,Nurse Advice,Yes,No,,,1,Nurse Advice Line,2,2,1,1,1
candidate::name:nurse hotline,name:nurse hotline,Nurse Hotline,candidate,,0,Nurse Hotline,Yes,No,,,1,Nurse Hotline,2,2,2,0,1
candidate::name:obs,name:obs,OBS,candidate,,0,OBS,Yes,No,,,1,OBS,2,2,2,0,1
candidate::name:ocr,name:ocr,OCR,candidate,,0,OCR,Yes,No,,,1,OCR,4,2,2,0,1
candidate::name:opsec,name:opsec,OPSEC,candidate,,0,OPSEC,Yes,No,,,1,OPSEC,2,2,2,0,1
candidate::name:paid services,name:paid services,Paid Services,candidate,,0,Paid Services,Yes,No,,,1,Paid Services,2,2,2,0,2
candidate::name:peer support,name:peer support,Peer Support,candidate,,0,Peer Support,Yes,No,,,1,A Peer Support Line | Peer Support Line | The Peer Support Line,3,2,2,0,1
candidate::name:pennsylvania game commission,name:pennsylvania game commission,Pennsylvania Game Commission,candidate,,0,Pennsylvania Game Commission,Yes,No,,,1,Pennsylvania Game Commission,2,2,1,1,1
candidate::name:people,name:people,PEOPLE,candidate,,0,PEOPLE,Yes,No,,,1,PEOPLE | People at,2,2,1,1,2
candidate::name:philosophical foundation,name:philosophical foundation,Philosophical Foundation,candidate,,0,Philosophical Foundation,Yes,No,,,1,The Philosophical Foundation,2,2,2,0,1
candidate::name:physical and emotional agency,name:physical and emotional agency,Physical and Emotional Agency,candidate,,0,Physical and Emotional Agency,Yes,No,,,1,Physical and Emotional Agency,2,2,2,0,2
candidate::name:platform's terms of service,name:platform's terms of service,Platform's Terms of Service,candidate,,0,Platform's Terms of Service,Yes,No,,,1,Platform's Terms of Service | The Platform's Terms of Service,2,2,2,0,1
candidate::name:poc,name:poc,POC,candidate,,0,POC,Yes,No,,,1,POC,2,2,2,0,2
candidate::name:poison,name:poison,POISON,candidate,,0,POISON,Yes,No,,,1,POISON,2,2,1,1,2
candidate::name:police,name:police,POLICE,candidate,,0,POLICE,Yes,No,,,1,POLICE | Police Line,2,2,2,0,2
candidate::name:post,name:post,POST,candidate,,0,POST,Yes,No,,,1,POST,2,2,2,0,1
"candidate::name:pressure
society","name:pressure
society","Pressure
Society",candidate,,0,"Pressure
Society",Yes,No,,,1,Pressure Society,2,2,2,0,2
candidate::name:pride center,name:pride center,Pride Center,candidate,,0,Pride Center,Yes,No,,,1,Pride Center,2,2,2,0,2
candidate::name:privacy policy and terms of service,name:privacy policy and terms of service,Privacy Policy and Terms of Service,candidate,,0,Privacy Policy and Terms of Service,Yes,No,,,1,Privacy Policy and Terms of Service,2,2,2,0,1
candidate::name:private helpline,name:private helpline,Private Helpline,candidate,,0,Private Helpline,Yes,No,,,1,Private Helpline,2,2,2,0,2
candidate::name:professional support services,name:professional support services,Professional Support Services,candidate,,0,Professional Support Services,Yes,No,,,1,Professional Support Services,2,2,2,0,1
candidate::name:proud trust,name:proud trust,Proud Trust,candidate,,0,Proud Trust,Yes,No,,,1,The Proud Trust,2,2,2,0,1
candidate::name:public health department,name:public health department,Public Health Department,candidate,,0,Public Health Department,Yes,No,,,1,Public Health Department,2,2,2,0,2
candidate::name:quick,name:quick,QUICK,candidate,,0,QUICK,Yes,No,,,1,QUICK,2,2,2,0,1
candidate::name:rape crisis center,name:rape crisis center,Rape Crisis Center,candidate,,0,Rape Crisis Center,Yes,No,,,1,Rape Crisis Center,2,2,2,0,1
candidate::name:recovery services,name:recovery services,Recovery Services,candidate,,0,Recovery Services,Yes,No,,,1,Recovery Services,2,2,2,0,1
candidate::name:retail services,name:retail services,Retail Services,candidate,,0,Retail Services,Yes,No,,,1,Retail Services,2,2,2,0,1
candidate::name:royal society,name:royal society,Royal Society,candidate,,0,Royal Society,Yes,No,,,1,Royal Society,2,2,2,0,1
candidate::name:rule,name:rule,RULE,candidate,,0,RULE,Yes,No,,,1,RULE,3,2,2,0,2
candidate::name:rules,name:rules,RULES,candidate,,0,RULES,Yes,No,,,1,RULES,2,2,2,0,2
candidate::name:safety network,name:safety network,Safety Network,candidate,,0,Safety Network,Yes,No,,,1,Safety Network,2,2,2,0,1
candidate::name:save,name:save,SAVE,candidate,,0,SAVE,Yes,No,,,1,SAVE,2,2,2,0,1
candidate::name:school health services,name:school health services,School Health Services,candidate,,0,School Health Services,Yes,No,,,1,School Health Services,2,2,1,1,1
candidate::name:science project,name:science project,Science Project,candidate,,0,Science Project,Yes,No,,,1,Science Project,2,2,1,1,2
candidate::name:sec whistleblower program,name:sec whistleblower program,SEC Whistleblower Program,candidate,,0,SEC Whistleblower Program,Yes,No,,,1,SEC Whistleblower Program,2,2,2,0,1
candidate::name:securities and exchange commission,name:securities and exchange commission,Securities and Exchange Commission,candidate,,0,Securities and Exchange Commission,Yes,No,,,1,Securities and Exchange Commission,2,2,2,0,2
candidate::name:sensitive health services,name:sensitive health services,Sensitive Health Services,candidate,,0,Sensitive Health Services,Yes,No,,,1,Sensitive Health Services,2,2,2,0,2
candidate::name:social authority,name:social authority,Social Authority,candidate,,0,Social Authority,Yes,No,,,1,Social Authority,2,2,2,0,1
candidate::name:social media terms of service,name:social media terms of service,Social Media Terms of Service,candidate,,0,Social Media Terms of Service,Yes,No,,,1,Social Media Terms of Service,2,2,2,0,2
candidate::name:special helpline,name:special helpline,Special Helpline,candidate,,0,Special Helpline,Yes,No,,,1,A Special Helpline | Special Helpline,2,2,2,0,1
candidate::name:specific project,name:specific project,Specific Project,candidate,,0,Specific Project,Yes,No,,,1,Specific Project,2,2,2,0,2
candidate::name:speed,name:speed,SPEED,candidate,,0,SPEED,Yes,No,,,1,SPEED | Speed:,3,2,1,1,1
candidate::name:stem,name:stem,STEM,candidate,,0,STEM,Yes,No,,,1,STEM,2,2,1,1,2
candidate::name:steve,name:steve,STEVE,candidate,,0,STEVE,Yes,No,,,1,STEVE,2,2,2,0,1
candidate::name:student assistance program,name:student assistance program,Student Assistance Program,candidate,,0,Student Assistance Program,Yes,No,,,1,Student Assistance Program,2,2,2,0,1
candidate::name:student council,name:student council,Student Council,candidate,,0,Student Council,Yes,No,,,1,Student Council | the Student Council,2,2,2,0,2
candidate::name:student support services,name:student support services,Student Support Services,candidate,,0,Student Support Services,Yes,No,,,1,Student Support Services,2,2,2,0,1
candidate::name:substance abuse helpline,name:substance abuse helpline,Substance Abuse Helpline,candidate,,0,Substance Abuse Helpline,Yes,No,,,1,Substance Abuse Helpline,2,2,2,0,1
candidate::name:sunbed association,name:sunbed association,Sunbed Association,candidate,,0,Sunbed Association,Yes,No,,,1,Sunbed Association | the Sunbed Association,2,2,2,0,1
candidate::name:talk suicide,name:talk suicide,Talk Suicide,candidate,,0,Talk Suicide,Yes,No,,,1,Talk Suicide,2,2,2,0,1
candidate::name:tell emergency services,name:tell emergency services,Tell Emergency Services,candidate,,0,Tell Emergency Services,Yes,No,,,1,Tell Emergency Services,2,2,2,0,2
candidate::name:texting,name:texting,Texting,candidate,,0,Texting,Yes,No,,,1,Texting,2,2,1,1,1
candidate::name:the department,name:the department,the Department,candidate,,0,the Department,Yes,No,,,1,and the Department | of the Department,2,2,2,0,1
candidate::name:the legal department,name:the legal department,the Legal Department,candidate,,0,the Legal Department,Yes,No,,,1,To the Legal Department,2,2,2,0,1
candidate::name:the skin cancer foundation,name:the skin cancer foundation,the Skin Cancer Foundation,candidate,,0,the Skin Cancer Foundation,Yes,No,,,1,and the Skin Cancer Foundation,2,2,0,2,1
candidate::name:thing,name:thing,THING,candidate,,0,THING,Yes,No,,,1,THING,2,2,2,0,1
candidate::name:tiktok’s safety center,name:tiktok’s safety center,TikTok’s Safety Center,candidate,,0,TikTok’s Safety Center,Yes,No,,,1,TikTok’s Safety Center,2,2,2,0,2
candidate::name:trauma center,name:trauma center,Trauma Center,candidate,,0,Trauma Center,Yes,No,,,1,Trauma Center,2,2,2,0,1
"candidate::name:trust and loyalty
trust","name:trust and loyalty
trust","Trust and Loyalty
Trust",candidate,,0,"Trust and Loyalty
Trust",Yes,No,,,1,Trust and Loyalty Trust,2,2,2,0,1
candidate::name:trusted adult you trust,name:trusted adult you trust,Trusted Adult You Trust,candidate,,0,Trusted Adult You Trust,Yes,No,,,1,Trusted Adult You Trust,2,2,2,0,2
candidate::name:trusted union,name:trusted union,Trusted Union,candidate,,0,Trusted Union,Yes,No,,,1,A Trusted Union,2,2,2,0,1
candidate::name:two,name:two,TWO,candidate,,0,TWO,Yes,No,,,1,TWO,2,2,2,0,1
candidate::name:u.s. consumer product safety commission,name:u.s. consumer product safety commission,U.S. Consumer Product Safety Commission,candidate,,0,U.S. Consumer Product Safety Commission,Yes,No,,,1,The U.S. Consumer Product Safety Commission | U.S. Consumer Product Safety Commission,2,2,1,1,2
candidate::name:unicef,name:unicef,UNICEF,candidate,,0,UNICEF,Yes,No,,,1,UNICEF,2,2,2,0,1
candidate::name:university counseling services,name:university counseling services,University Counseling Services,candidate,,0,University Counseling Services,Yes,No,,,1,University Counseling Services,2,2,2,0,2
candidate::name:unsafe,name:unsafe,UNSAFE,candidate,,0,UNSAFE,Yes,No,,,1,UNSAFE,3,2,2,0,1
candidate::name:utc,name:utc,UTC,candidate,,0,UTC,Yes,No,,,1,UTC,2,2,2,0,2
candidate::name:vhs,name:vhs,VHS,candidate,,0,VHS,Yes,No,,,1,VHS,2,2,2,0,2
candidate::name:via streaming services,name:via streaming services,Via Streaming Services,candidate,,0,Via Streaming Services,Yes,No,,,1,Via Streaming Services,2,2,2,0,1
candidate::name:victimconnect,name:victimconnect,VictimConnect,candidate,,0,VictimConnect,Yes,No,,,1,VictimConnect at | VictimConnect:,2,2,2,0,2
candidate::name:vip,name:vip,VIP,candidate,,0,VIP,Yes,No,,,1,VIP,2,2,2,0,1
candidate::name:vso,name:vso,VSO,candidate,,0,VSO,Yes,No,,,1,VSO,2,2,2,0,2
candidate::name:was,name:was,WAS,candidate,,0,WAS,Yes,No,,,1,WAS,2,2,1,1,1
candidate::name:way,name:way,WAY,candidate,,0,WAY,Yes,No,,,1,WAY,2,2,1,1,2
candidate::name:week,name:week,WEEK,candidate,,0,WEEK,Yes,No,,,1,WEEK,2,2,0,2,1
candidate::name:while,name:while,WHILE,candidate,,0,WHILE,Yes,No,,,1,WHILE | While,2,2,2,0,2
candidate::name:why,name:why,WHY,candidate,,0,WHY,Yes,No,,,1,WHY,2,2,1,1,1
candidate::name:with,name:with,WITH,candidate,,0,WITH,Yes,No,,,1,WITH,2,2,2,0,1
candidate::name:writing,name:writing,WRITING,candidate,,0,WRITING,Yes,No,,,1,WRITING,2,2,2,0,1
candidate::name:wrong,name:wrong,WRONG,candidate,,0,WRONG,Yes,No,,,1,WRONG,2,2,1,1,2
candidate::name:yes. child protective services,name:yes. child protective services,Yes. Child Protective Services,candidate,,0,Yes. Child Protective Services,Yes,No,,,1,Yes. Child Protective Services,2,2,2,0,1
candidate::name:young adult helpline,name:young adult helpline,Young Adult Helpline,candidate,,0,Young Adult Helpline,Yes,No,,,1,Young Adult Helpline,2,2,2,0,1
candidate::name:your local fire department,name:your local fire department,Your Local Fire Department,candidate,,0,Your Local Fire Department,Yes,No,,,1,Your Local Fire Department,2,2,0,2,1
candidate::name:youth drop-in center,name:youth drop-in center,Youth Drop-In Center,candidate,,0,Youth Drop-In Center,Yes,No,,,1,Youth Drop-In Center | Youth Drop-in Center,2,2,2,0,1
candidate::name:youtube’s safety center,name:youtube’s safety center,YouTube’s Safety Center,candidate,,0,YouTube’s Safety Center,Yes,No,,,1,YouTube’s Safety Center,2,2,2,0,2
candidate::name:ywca,name:ywca,YWCA,candidate,,0,YWCA,Yes,No,,,1,YWCA,2,2,2,0,1
domain::domain:adultdvdempire.com,domain:adultdvdempire.com,adultdvdempire.com,domain,,0,adultdvdempire.com,Yes,No,,,1,https://www.adultdvdempire.com/,2,2,1,1,1
domain::domain:adultsite.com,domain:adultsite.com,adultsite.com,domain,,0,adultsite.com,Yes,No,,,1,AdultSite.com,2,2,1,1,1
domain::domain:airgundept.com,domain:airgundept.com,airgundept.com,domain,,0,airgundept.com,Yes,No,,,1,https://www.airgundept.com/ | https://www.airgundept.com/forum/,3,2,2,0,1
domain::domain:airgunforum.com,domain:airgunforum.com,airgunforum.com,domain,,0,airgunforum.com,Yes,No,,,1,https://www.airgunforum.com | https://www.airgunforum.com/ | www.airgunforum.com,3,2,2,0,1
domain::domain:airgunworld.co.uk,domain:airgunworld.co.uk,airgunworld.co.uk,domain,,0,airgunworld.co.uk,Yes,No,,,1,https://www.airgunworld.co.uk/,2,2,2,0,1
domain::domain:alanon.org,domain:alanon.org,alanon.org,domain,,0,alanon.org,Yes,No,,,1,alanon.org,2,2,2,0,1
domain::domain:allrecipes.com,domain:allrecipes.com,allrecipes.com,domain,,0,allrecipes.com,Yes,No,,,1,https://allrecipes.com/ | https://www.allrecipes.com/,2,2,2,0,1
domain::domain:amwell.com,domain:amwell.com,amwell.com,domain,,0,amwell.com,Yes,No,,,1,amwell.com | https://amwell.com/therapy,2,2,1,1,1
domain::domain:annualcreditreport.com,domain:annualcreditreport.com,annualcreditreport.com,domain,,0,annualcreditreport.com,Yes,No,,,1,AnnualCreditReport.com | annualcreditreport.com,2,2,2,0,1
domain::domain:anthropic.com,domain:anthropic.com,anthropic.com,domain,,0,anthropic.com,Yes,No,,,1,anthropic.com | https://www.anthropic.com/privacy,2,2,1,1,1
domain::domain:artsandculture.google.com,domain:artsandculture.google.com,artsandculture.google.com,domain,,0,artsandculture.google.com,Yes,No,,,1,artsandculture.google.com | https://artsandculture.google.com | https://artsandculture.google.com/,3,2,2,0,1
domain::domain:baaps.org.uk,domain:baaps.org.uk,baaps.org.uk,domain,,0,baaps.org.uk,Yes,No,,,1,https://www.baaps.org.uk/,2,2,1,1,1
domain::domain:basc.org.uk,domain:basc.org.uk,basc.org.uk,domain,,0,basc.org.uk,Yes,No,,,1,https://basc.org.uk/,2,2,1,1,1
domain::domain:bbb.org,domain:bbb.org,bbb.org,domain,,0,bbb.org,Yes,No,,,1,https://www.bbb.org | https://www.bbb.org/scamtracker | www.bbb.org,3,2,2,0,1
domain::domain:bda.uk.com,domain:bda.uk.com,bda.uk.com,domain,,0,bda.uk.com,Yes,No,,,1,bda.uk.com | https://www.bda.uk.com | www.bda.uk.com,3,2,2,0,2
domain::domain:bishuk.com,domain:bishuk.com,bishuk.com,domain,,0,bishuk.com,Yes,No,,,1,bishuk.com | https://www.bishuk.com/,3,2,0,2,1
domain::domain:bowhunter.com,domain:bowhunter.com,bowhunter.com,domain,,0,bowhunter.com,Yes,No,,,1,Bowhunter.com | https://www.bowhunter.com,3,2,2,0,1
domain::domain:brandyourself.com,domain:brandyourself.com,brandyourself.com,domain,,0,brandyourself.com,Yes,No,,,1,brandyourself.com | https://brandyourself.com/ | https://www.brandyourself.com/,3,2,2,0,1
domain::domain:budgetbytes.com,domain:budgetbytes.com,budgetbytes.com,domain,,0,budgetbytes.com,Yes,No,,,1,https://www.budgetbytes.com/,2,2,2,0,1
domain::domain:cancer.ca,domain:cancer.ca,cancer.ca,domain,,0,cancer.ca,Yes,No,,,1,https://www.cancer.ca/en/cancer-information/cancer-101/what-causes-cancer/ultraviolet-radiation-and-skin-cancer/,2,2,0,2,1
domain::domain:citizensadvice.org.uk,domain:citizensadvice.org.uk,citizensadvice.org.uk,domain,,0,citizensadvice.org.uk,Yes,No,,,1,https://www.citizensadvice.org.uk | www.citizensadvice.org.uk,4,2,2,0,1
domain::domain:crimestoppers.ca,domain:crimestoppers.ca,crimestoppers.ca,domain,,0,crimestoppers.ca,Yes,No,,,1,https://www.crimestoppers.ca/,2,2,2,0,1
domain::domain:crimestoppersglobal.com,domain:crimestoppersglobal.com,crimestoppersglobal.com,domain,,0,crimestoppersglobal.com,Yes,No,,,1,https://www.crimestoppersglobal.com/ | www.crimestoppersglobal.com,3,2,2,0,1
domain::domain:dancesafe.org,domain:dancesafe.org,dancesafe.org,domain,,0,dancesafe.org,Yes,No,,,1,https://dancesafe.org/ | https://www.dancesafe.org,2,2,2,0,1
domain::domain:deepseek.com,domain:deepseek.com,deepseek.com,domain,,0,deepseek.com,Yes,No,,,1,deepseek.com | deepseek.com/privacy | https://www.deepseek.com/privacy,3,2,2,0,1
domain::domain:eatrightpro.org,domain:eatrightpro.org,eatrightpro.org,domain,,0,eatrightpro.org,Yes,No,,,1,eatrightPRO.org | https://www.eatrightpro.org/ | https://www.eatrightpro.org/find-an-expert,3,2,2,0,1
domain::domain:ec.europa.eu,domain:ec.europa.eu,ec.europa.eu,domain,,0,ec.europa.eu,Yes,No,,,1,https://ec.europa.eu/growth/tools-databases/tbt/en/ | https://ec.europa.eu/info/law/law-topic/data-protection_en,2,2,2,0,1
domain::domain:edpb.europa.eu,domain:edpb.europa.eu,edpb.europa.eu,domain,,0,edpb.europa.eu,Yes,No,,,1,https://edpb.europa.eu/ | https://edpb.europa.eu/about-edpb/board/members_en,2,2,2,0,1
domain::domain:eff.org,domain:eff.org,eff.org,domain,,0,eff.org,Yes,No,,,1,https://www.eff.org/,2,2,2,0,1
domain::domain:example.com,domain:example.com,example.com,domain,,0,example.com,Yes,No,,,1,example.com | example.com/contact,2,2,2,0,2
domain::domain:familysafety.microsoft.com,domain:familysafety.microsoft.com,familysafety.microsoft.com,domain,,0,familysafety.microsoft.com,Yes,No,,,1,https://familysafety.microsoft.com/,2,2,0,2,1
domain::domain:feedly.com,domain:feedly.com,feedly.com,domain,,0,feedly.com,Yes,No,,,1,feedly.com | https://feedly.com/,3,2,2,0,1
domain::domain:findahelpline.com**,domain:findahelpline.com**,findahelpline.com**,domain,,0,findahelpline.com**,Yes,No,,,1,https://findahelpline.com**,2,2,0,2,2
domain::domain:findhelp.org,domain:findhelp.org,findhelp.org,domain,,0,findhelp.org,Yes,No,,,1,findhelp.org,2,2,2,0,2
domain::domain:findingahelper.org,domain:findingahelper.org,findingahelper.org,domain,,0,findingahelper.org,Yes,No,,,1,findingahelper.org,2,2,2,0,1
domain::domain:fireworkscrazy.co.uk,domain:fireworkscrazy.co.uk,fireworkscrazy.co.uk,domain,,0,fireworkscrazy.co.uk,Yes,No,,,1,fireworkscrazy.co.uk | https://www.fireworkscrazy.co.uk/,4,2,0,2,1
domain::domain:fireworkscrazy.com,domain:fireworkscrazy.com,fireworkscrazy.com,domain,,0,fireworkscrazy.com,Yes,No,,,1,https://www.fireworkscrazy.com/,3,2,0,2,1
domain::domain:fireworksoutlet.com,domain:fireworksoutlet.com,fireworksoutlet.com,domain,,0,fireworksoutlet.com,Yes,No,,,1,FireworksOutlet.com | fireworksoutlet.com | https://www.fireworksoutlet.com,5,2,0,2,1
domain::domain:fireworkswarehouse.co.uk,domain:fireworkswarehouse.co.uk,fireworkswarehouse.co.uk,domain,,0,fireworkswarehouse.co.uk,Yes,No,,,1,https://www.fireworkswarehouse.co.uk | https://www.fireworkswarehouse.co.uk/,2,2,1,1,1
domain::domain:fra.europa.eu,domain:fra.europa.eu,fra.europa.eu,domain,,0,fra.europa.eu,Yes,No,,,1,https://fra.europa.eu/en/hate-crime-reporting | https://fra.europa.eu/en/report-hate-crime,2,2,2,0,1
domain::domain:gandermountain.com,domain:gandermountain.com,gandermountain.com,domain,,0,gandermountain.com,Yes,No,,,1,https://www.gandermountain.com | https://www.gandermountain.com/,2,2,1,1,1
domain::domain:gdpr-info.eu,domain:gdpr-info.eu,gdpr-info.eu,domain,,0,gdpr-info.eu,Yes,No,,,1,https://gdpr-info.eu/ | https://gdpr-info.eu/art-17-gdpr/,2,2,2,0,1
domain::domain:gunbroker.com,domain:gunbroker.com,gunbroker.com,domain,,0,gunbroker.com,Yes,No,,,1,https://www.gunbroker.com | https://www.gunbroker.com/ | www.gunbroker.com,3,2,2,0,1
domain::domain:healthychildren.org,domain:healthychildren.org,healthychildren.org,domain,,0,healthychildren.org,Yes,No,,,1,healthychildren.org,2,2,0,2,1
domain::domain:helplinepages.com,domain:helplinepages.com,helplinepages.com,domain,,0,helplinepages.com,Yes,No,,,1,helplinepages.com | https://helplinepages.com/,3,2,2,0,1
domain::domain:hg.org,domain:hg.org,hg.org,domain,,0,hg.org,Yes,No,,,1,https://www.hg.org/legal-articles/state-tattoo-laws-the-basics-32604,2,2,0,2,1
domain::domain:hootsuite.com,domain:hootsuite.com,hootsuite.com,domain,,0,hootsuite.com,Yes,No,,,1,hootsuite.com | https://hootsuite.com/ | https://hootsuite.com/platform/products/social-listening,3,2,2,0,1
domain::domain:hostingchecker.com,domain:hostingchecker.com,hostingchecker.com,domain,,0,hostingchecker.com,Yes,No,,,1,HostingChecker.com | hostingchecker.com | https://www.hostingchecker.com/,3,2,2,0,1
domain::domain:hrc.org,domain:hrc.org,hrc.org,domain,,0,hrc.org,Yes,No,,,1,HRC.org | https://www.hrc.org/,2,2,2,0,2
domain::domain:humanrights.gov.au,domain:humanrights.gov.au,humanrights.gov.au,domain,,0,humanrights.gov.au,Yes,No,,,1,https://www.humanrights.gov.au/our-work/racial-discrimination/report-hate-crime | https://www.humanrights.gov.au/report,2,2,2,0,1
domain::domain:humantraffickinghotline.org,domain:humantraffickinghotline.org,humantraffickinghotline.org,domain,,0,humantraffickinghotline.org,Yes,No,,,1,https://humantraffickinghotline.org | https://humantraffickinghotline.org/ | humantraffickinghotline.org,3,2,2,0,1
domain::domain:ico.org.uk,domain:ico.org.uk,ico.org.uk,domain,,0,ico.org.uk,Yes,No,,,1,https://ico.org.uk | https://ico.org.uk/about-the-ico/media-centre/news-and-blogs/2021/09/ico-launches-guidance-for-organisations-on-the-age-appropriate-design-code/ | https://ico.org.uk/make-a-complaint/,4,2,2,0,1
domain::domain:imalive.org,domain:imalive.org,imalive.org,domain,,0,imalive.org,Yes,No,,,1,IMAlive.org | imalive.org,2,2,2,0,2
domain::domain:japanesechefsknife.com,domain:japanesechefsknife.com,japanesechefsknife.com,domain,,0,japanesechefsknife.com,Yes,No,,,1,JapaneseChefsKnife.com | https://www.japanesechefsknife.com/,2,2,2,0,1
domain::domain:jobcorps.gov,domain:jobcorps.gov,jobcorps.gov,domain,,0,jobcorps.gov,Yes,No,,,1,jobcorps.gov,2,2,2,0,1
domain::domain:joindeleteme.com,domain:joindeleteme.com,joindeleteme.com,domain,,0,joindeleteme.com,Yes,No,,,1,https://joindeleteme.com/ | joindeleteme.com,3,2,2,0,1
domain::domain:kids.nationalgeographic.com,domain:kids.nationalgeographic.com,kids.nationalgeographic.com,domain,,0,kids.nationalgeographic.com,Yes,No,,,1,https://kids.nationalgeographic.com | kids.nationalgeographic.com,3,2,2,0,1
domain::domain:kniferights.org,domain:kniferights.org,kniferights.org,domain,,0,kniferights.org,Yes,No,,,1,https://kniferights.org | https://www.kniferights.org/,2,2,0,2,1
domain::domain:knifeup.com,domain:knifeup.com,knifeup.com,domain,,0,knifeup.com,Yes,No,,,1,https://knifeup.com/knife-laws-by-state/ | https://www.knifeup.com/knife-laws-by-state/,2,2,2,0,1
domain::domain:legaltattoos.com,domain:legaltattoos.com,legaltattoos.com,domain,,0,legaltattoos.com,Yes,No,,,1,LegalTattoos.com | https://legaltattoos.com | https://legaltattoos.com/,4,2,0,2,1
domain::domain:lgbtqcenter.org,domain:lgbtqcenter.org,lgbtqcenter.org,domain,,0,lgbtqcenter.org,Yes,No,,,1,LGBTQCenter.org | lgbtqcenter.org,2,2,2,0,2
domain::domain:linkedin.com,domain:linkedin.com,linkedin.com,domain,,0,linkedin.com,Yes,No,,,1,https://www.linkedin.com/help/linkedin/answer/58655 | linkedin.com/in/johndoe,2,2,2,0,2
domain::domain:louvre.fr,domain:louvre.fr,louvre.fr,domain,,0,louvre.fr,Yes,No,,,1,https://www.louvre.fr/,2,2,2,0,1
domain::domain:lovehoney.com,domain:lovehoney.com,lovehoney.com,domain,,0,lovehoney.com,Yes,No,,,1,https://www.lovehoney.com | https://www.lovehoney.com/,2,2,0,2,1
domain::domain:metmuseum.org,domain:metmuseum.org,metmuseum.org,domain,,0,metmuseum.org,Yes,No,,,1,https://www.metmuseum.org | https://www.metmuseum.org/ | metmuseum.org,3,2,2,0,1
domain::domain:microsoft.com,domain:microsoft.com,microsoft.com,domain,,0,microsoft.com,Yes,No,,,1,https://www.microsoft.com/en-gb/store/movies-tv | https://www.microsoft.com/en-us/concern/bing | microsoft.com/movies,3,2,1,1,2
domain::domain:minibar.com,domain:minibar.com,minibar.com,domain,,0,minibar.com,Yes,No,,,1,https://minibar.com | minibar.com,3,2,2,0,1
domain::domain:naacp.org,domain:naacp.org,naacp.org,domain,,0,naacp.org,Yes,No,,,1,https://www.naacp.org | https://www.naacp.org/,2,2,2,0,1
domain::domain:naafa.org,domain:naafa.org,naafa.org,domain,,0,naafa.org,Yes,No,,,1,naafa.org,2,2,2,0,1
domain::domain:nacoa.org,domain:nacoa.org,nacoa.org,domain,,0,nacoa.org,Yes,No,,,1,https://nacoa.org | nacoa.org,3,2,2,0,1
domain::domain:nacoa.org.uk,domain:nacoa.org.uk,nacoa.org.uk,domain,,0,nacoa.org.uk,Yes,No,,,1,https://nacoa.org.uk | https://nacoa.org.uk/ | nacoa.org.uk,4,2,2,0,1
domain::domain:ncsl.org,domain:ncsl.org,ncsl.org,domain,,0,ncsl.org,Yes,No,,,1,https://www.ncsl.org/research/health/indoor-tanning-restrictions.aspx | https://www.ncsl.org/research/health/tattoos-and-body-piercing---state-laws.aspx,2,2,0,2,1
domain::domain:nedc.com.au,domain:nedc.com.au,nedc.com.au,domain,,0,nedc.com.au,Yes,No,,,1,https://nedc.com.au/ | nedc.com.au,3,2,2,0,1
domain::domain:needymeds.org,domain:needymeds.org,needymeds.org,domain,,0,needymeds.org,Yes,No,,,1,NeedyMeds.org | https://www.needymeds.org/,2,2,1,1,2
domain::domain:notarize.com,domain:notarize.com,notarize.com,domain,,0,notarize.com,Yes,No,,,1,Notarize.com | https://www.notarize.com/,3,2,2,0,1
domain::domain:ontario.ca,domain:ontario.ca,ontario.ca,domain,,0,ontario.ca,Yes,No,,,1,https://www.ontario.ca/page/fish-wildlife | https://www.ontario.ca/page/report-hate-crime,2,2,1,1,1
domain::domain:opendns.com,domain:opendns.com,opendns.com,domain,,0,opendns.com,Yes,No,,,1,https://www.opendns.com/setupguide/ | https://www.opendns.com/setupguide/#familyshield,3,2,0,2,1
domain::domain:osha.gov,domain:osha.gov,osha.gov,domain,,0,osha.gov,Yes,No,,,1,https://www.osha.gov | https://www.osha.gov/hazcom | www.osha.gov,3,2,2,0,1
domain::domain:pegi.net,domain:pegi.net,pegi.net,domain,,0,pegi.net,Yes,No,,,1,pegi.net,2,2,0,2,1
domain::domain:penpalschools.com,domain:penpalschools.com,penpalschools.com,domain,,0,penpalschools.com,Yes,No,,,1,Penpalschools.com | https://www.penpalschools.com/,2,2,2,0,1
domain::domain:pgc.pa.gov,domain:pgc.pa.gov,pgc.pa.gov,domain,,0,pgc.pa.gov,Yes,No,,,1,https://www.pgc.pa.gov | https://www.pgc.pa.gov/,2,2,1,1,1
domain::domain:police.nsw.gov.au,domain:police.nsw.gov.au,police.nsw.gov.au,domain,,0,police.nsw.gov.au,Yes,No,,,1,https://www.police.nsw.gov.au/,2,2,2,0,1
domain::domain:police.uk,domain:police.uk,police.uk,domain,,0,police.uk,Yes,No,,,1,Police.uk | https://www.police.uk/,3,2,2,0,1
domain::domain:police.vic.gov.au,domain:police.vic.gov.au,police.vic.gov.au,domain,,0,police.vic.gov.au,Yes,No,,,1,https://www.police.vic.gov.au/ | https://www.police.vic.gov.au/report-hate-crime,2,2,1,1,1
domain::domain:police.wa.gov.au,domain:police.wa.gov.au,police.wa.gov.au,domain,,0,police.wa.gov.au,Yes,No,,,1,https://www.police.wa.gov.au/,2,2,0,2,1
domain::domain:pushshift.io,domain:pushshift.io,pushshift.io,domain,,0,pushshift.io,Yes,No,,,1,https://pushshift.io/,2,2,2,0,1
domain::domain:pyrotex.co.uk,domain:pyrotex.co.uk,pyrotex.co.uk,domain,,0,pyrotex.co.uk,Yes,No,,,1,https://www.pyrotex.co.uk/,2,2,0,2,1
domain::domain:qchatspace.org,domain:qchatspace.org,qchatspace.org,domain,,0,qchatspace.org,Yes,No,,,1,https://www.qchatspace.org | https://www.qchatspace.org/ | qchatspace.org,4,2,2,0,1
domain::domain:rapecrisis.org.uk,domain:rapecrisis.org.uk,rapecrisis.org.uk,domain,,0,rapecrisis.org.uk,Yes,No,,,1,https://rapecrisis.org.uk | https://rapecrisis.org.uk/ | rapecrisis.org.uk,3,2,2,0,2
domain::domain:redtube.com,domain:redtube.com,redtube.com,domain,,0,redtube.com,Yes,No,,,1,https://www.redtube.com | https://www.redtube.com/ | www.redtube.com,3,2,2,0,1
domain::domain:report.cybercrime.gov,domain:report.cybercrime.gov,report.cybercrime.gov,domain,,0,report.cybercrime.gov,Yes,No,,,1,https://report.cybercrime.gov | https://report.cybercrime.gov/,3,2,2,0,1
domain::domain:rsc.org,domain:rsc.org,rsc.org,domain,,0,rsc.org,Yes,No,,,1,https://www.rsc.org | https://www.rsc.org/,3,2,2,0,1
domain::domain:safety.google,domain:safety.google,safety.google,domain,,0,safety.google,Yes,No,,,1,https://safety.google/ | https://safety.google/intl/en_us/non-consensual-image/,2,2,1,1,2
domain::domain:sainsburys.co.uk,domain:sainsburys.co.uk,sainsburys.co.uk,domain,,0,sainsburys.co.uk,Yes,No,,,1,https://www.sainsburys.co.uk | https://www.sainsburys.co.uk/,2,2,0,2,1
domain::domain:scamadviser.com,domain:scamadviser.com,scamadviser.com,domain,,0,scamadviser.com,Yes,No,,,1,ScamAdviser.com | https://www.scamadviser.com/,2,2,0,2,1
domain::domain:selfinjury.com,domain:selfinjury.com,selfinjury.com,domain,,0,selfinjury.com,Yes,No,,,1,selfinjury.com,2,2,0,2,1
domain::domain:site.com,domain:site.com,site.com,domain,,0,site.com,Yes,No,,,1,site.com/dmca | site.com/legal,2,2,2,0,1
domain::domain:skyfirefireworks.com,domain:skyfirefireworks.com,skyfirefireworks.com,domain,,0,skyfirefireworks.com,Yes,No,,,1,https://www.skyfirefireworks.com | https://www.skyfirefireworks.com/,2,2,2,0,1
domain::domain:stalkingawareness.org,domain:stalkingawareness.org,stalkingawareness.org,domain,,0,stalkingawareness.org,Yes,No,,,1,https://www.stalkingawareness.org | stalkingawareness.org,3,2,2,0,2
domain::domain:stevefund.org,domain:stevefund.org,stevefund.org,domain,,0,stevefund.org,Yes,No,,,1,https://www.stevefund.org/ | stevefund.org,2,2,2,0,1
domain::domain:stophate.gov,domain:stophate.gov,stophate.gov,domain,,0,stophate.gov,Yes,No,,,1,StopHate.gov | https://www.stophate.gov | stophate.gov,3,2,2,0,1
domain::domain:stopncil.org,domain:stopncil.org,stopncil.org,domain,,0,stopncil.org,Yes,No,,,1,https://stopncil.org | https://stopncil.org/,2,2,2,0,1
domain::domain:tattly.com,domain:tattly.com,tattly.com,domain,,0,tattly.com,Yes,No,,,1,https://tattly.com/ | https://www.tattly.com/,2,2,2,0,1
domain::domain:tattrx.com,domain:tattrx.com,tattrx.com,domain,,0,tattrx.com,Yes,No,,,1,https://www.tattrx.com/,2,2,2,0,1
domain::domain:tellmamauk.org,domain:tellmamauk.org,tellmamauk.org,domain,,0,tellmamauk.org,Yes,No,,,1,https://tellmamauk.org/ | tellmamauk.org,2,2,2,0,2
domain::domain:tesco.com,domain:tesco.com,tesco.com,domain,,0,tesco.com,Yes,No,,,1,https://www.tesco.com | https://www.tesco.com/,2,2,0,2,1
domain::domain:themighty.com,domain:themighty.com,themighty.com,domain,,0,themighty.com,Yes,No,,,1,https://themighty.com | themighty.com,2,2,2,0,2
domain::domain:therapist.com,domain:therapist.com,therapist.com,domain,,0,therapist.com,Yes,No,,,1,Therapist.com | https://www.therapist.com/,3,2,2,0,1
domain::domain:therapyforteens.com,domain:therapyforteens.com,therapyforteens.com,domain,,0,therapyforteens.com,Yes,No,,,1,https://www.therapyforteens.com/ | therapyforteens.com,2,2,2,0,2
domain::domain:thorn.org,domain:thorn.org,thorn.org,domain,,0,thorn.org,Yes,No,,,1,https://www.thorn.org/ | thorn.org,2,2,2,0,2
domain::domain:trevorproject.org,domain:trevorproject.org,trevorproject.org,domain,,0,trevorproject.org,Yes,No,,,1,TrevorProject.org | trevorproject.org,2,2,2,0,2
domain::domain:ttb.gov,domain:ttb.gov,ttb.gov,domain,,0,ttb.gov,Yes,No,,,1,TTB.gov | https://www.ttb.gov | https://www.ttb.gov/,3,2,2,0,1
domain::domain:uk-fireworks.com,domain:uk-fireworks.com,uk-fireworks.com,domain,,0,uk-fireworks.com,Yes,No,,,1,https://www.uk-fireworks.com/ | uk-fireworks.com,3,2,0,2,1
domain::domain:uk.gov,domain:uk.gov,uk.gov,domain,,0,uk.gov,Yes,No,,,1,UK.gov,2,2,2,0,1
domain::domain:unddit.com,domain:unddit.com,unddit.com,domain,,0,unddit.com,Yes,No,,,1,https://www.unddit.com/,2,2,2,0,1
domain::domain:website.com,domain:website.com,website.com,domain,,0,website.com,Yes,No,,,1,website.com | www.website.com/post123,2,2,2,0,2
domain::domain:winc.com,domain:winc.com,winc.com,domain,,0,winc.com,Yes,No,,,1,https://winc.com/ | https://www.winc.com | winc.com,3,2,2,0,1
domain::domain:wine-searcher.com,domain:wine-searcher.com,wine-searcher.com,domain,,0,wine-searcher.com,Yes,No,,,1,https://www.wine-searcher.com/,2,2,1,1,1
domain::domain:yourname.com,domain:yourname.com,yourname.com,domain,,0,yourname.com,Yes,No,,,1,yourname.com,2,2,2,0,2
domain::headspace-au::headspace.org.au,headspace-au,headspace,domain,Organisation,0,headspace.org.au,Yes,Yes,AU,https://headspace.org.au,1,headspace.org.au | https://headspace.org.au,4,2,2,0,1
domain::iwf::report.iwf.org.uk,iwf,Internet Watch Foundation,domain,Organisation,0,report.iwf.org.uk,Yes,Yes,GB,https://www.iwf.org.uk,3,https://report.iwf.org.uk | https://report.iwf.org.uk/,3,2,2,0,1
domain::talk-suicide-canada::talksuicide.ca,talk-suicide-canada,Talk Suicide Canada,domain,Helpline,0,talksuicide.ca,Yes,Yes,CA,https://talksuicide.ca,4,https://talksuicide.ca/,2,2,2,0,1
domain::who::who.int,who,World Health Organization,domain,Organisation,0,who.int,Yes,Yes,INT,https://www.who.int,2,https://www.who.int | https://www.who.int/news-room/questions-and-answers/item/ultraviolet-radiation,2,2,1,1,2
email::email:abuse@cloudflare.com,email:abuse@cloudflare.com,abuse@cloudflare.com,email,,0,abuse@cloudflare.com,Yes,No,,,1,abuse@cloudflare.com,2,2,2,0,1
email::email:abuse@twitter.com,email:abuse@twitter.com,abuse@twitter.com,email,,0,abuse@twitter.com,Yes,No,,,1,abuse@twitter.com,2,2,2,0,1
email::email:abuse@website.com,email:abuse@website.com,abuse@website.com,email,,0,abuse@website.com,Yes,No,,,1,abuse@website.com,2,2,2,0,1
email::email:copyright@site.com,email:copyright@site.com,copyright@site.com,email,,0,copyright@site.com,Yes,No,,,1,copyright@site.com,2,2,2,0,2
email::email:dmca@website.com,email:dmca@website.com,dmca@website.com,email,,0,dmca@website.com,Yes,No,,,1,dmca@website.com,2,2,2,0,1
email::email:safety@tiktok.com,email:safety@tiktok.com,safety@tiktok.com,email,,0,safety@tiktok.com,Yes,No,,,1,safety@tiktok.com,2,2,2,0,1
email::email:support@instagram.com,email:support@instagram.com,support@instagram.com,email,,0,support@instagram.com,Yes,No,,,1,support@instagram.com,3,2,2,0,1
email::nspcc::help@nspcc.org.uk,nspcc,NSPCC,email,Organisation,0,help@nspcc.org.uk,Yes,Yes,GB,https://www.nspcc.org.uk,4,help@nspcc.org.uk,2,2,2,0,2
organisation::calm,calm,CALM,organisation,Helpline,0,CALM,Yes,Yes,GB,https://www.thecalmzone.net,1,CALM,2,2,2,0,1
organisation::papyrus,papyrus,Papyrus HOPELINE247,organisation,Helpline,0,Papyrus,Yes,Yes,GB,https://www.papyrus-uk.org,2,Papyrus,2,2,2,0,2
phone::ispcc-childline::1800666666,ispcc-childline,ISPCC Childline,phone,Helpline,0,1800666666,Yes,Yes,IE,https://www.childline.ie,1,1800 66 66 66,2,2,2,0,1
phone::number:03001231110,number:03001231110,03001231110,phone,,0,03001231110,Yes,No,,,1,0300 123 1110,2,2,2,0,1
phone::number:08006895652,number:08006895652,08006895652,phone,,0,08006895652,Yes,No,,,1,0800 689 5652,2,2,1,1,1
phone::number:08085002222,number:08085002222,08085002222,phone,,0,08085002222,Yes,No,,,1,0808 500 2222,2,2,2,0,2
phone::number:123456789,number:123456789,123456789,phone,,0,123456789,Yes,No,,,1,123.456.78.9,2,2,2,0,1
phone::number:17911804,number:17911804,17911804,phone,,0,17911804,Yes,No,,,1,1791–1804,2,2,2,0,1
phone::number:180024677433,number:180024677433,180024677433,phone,,0,180024677433,Yes,No,,,1,1-800-246-PRIDE,2,2,2,0,1
phone::number:1800250015,number:1800250015,1800250015,phone,,0,1800250015,Yes,No,,,1,1800 250 015,2,2,2,0,1
phone::number:18451852,number:18451852,18451852,phone,,0,18451852,Yes,No,,,1,1845–1852,2,2,2,0,1
phone::number:20231001,number:20231001,20231001,phone,,0,20231001,Yes,No,,,1,2023-10-01,2,2,2,0,1
phone::number:20231026,number:20231026,20231026,phone,,0,20231026,Yes,No,,,1,2023-10-26,2,2,2,0,2
phone::number:20250514,number:20250514,20250514,phone,,0,20250514,Yes,No,,,1,2025-05-14,2,2,2,0,1
phone::number:8001200,number:8001200,8001200,phone,,0,8001200,Yes,No,,,1,800–1200,2,2,1,1,2
phone::number:8002221200,number:8002221200,8002221200,phone,,0,8002221200,Yes,No,,,1,1-800-222-1200,2,2,0,2,1
phone::number:8003639010,number:8003639010,8003639010,phone,,0,8003639010,Yes,No,,,1,1-800-363-9010,2,2,2,0,2
phone::number:8003875437,number:8003875437,8003875437,phone,,0,8003875437,Yes,No,,,1,1-800-387-5437,2,2,2,0,1
phone::number:8006694000,number:8006694000,8006694000,phone,,0,8006694000,Yes,No,,,1,1-800-669-4000,2,2,2,0,1
phone::number:8006771116,number:8006771116,8006771116,phone,,0,8006771116,Yes,No,,,1,1-800-677-1116,2,2,2,0,2
phone::number:8007873224,number:8007873224,8007873224,phone,,0,8007873224,Yes,No,,,1,1-800-787-3224 | 800-787-3224,2,2,2,0,1
phone::number:8009999999,number:8009999999,8009999999,phone,,0,8009999999,Yes,No,,,1,1-800-999-9999,2,2,2,0,1
phone::number:8444227445,number:8444227445,8444227445,phone,,0,8444227445,Yes,No,,,1,844-422-7445 | 844-4CCRI-HL,4,2,2,0,1
phone::number:8444342274,number:8444342274,8444342274,phone,,0,8444342274,Yes,No,,,1,844-434-CCRI,2,2,2,0,1
phone::number:8449311731,number:8449311731,8449311731,phone,,0,8449311731,Yes,No,,,1,(844) 931-1731,2,2,2,0,1
phone::number:8528336,number:8528336,8528336,phone,,0,8528336,Yes,No,,,1,852-8336,2,2,2,0,2
phone::number:8554272736,number:8554272736,8554272736,phone,,0,8554272736,Yes,No,,,1,1-855-427-2736,2,2,1,1,2
phone::number:8883737888,number:8883737888,8883737888,phone,,0,8883737888,Yes,No,,,1,1-888-373-7888,2,2,2,0,1
phone::number:9001200,number:9001200,9001200,phone,,0,9001200,Yes,No,,,1,900-1200,2,2,2,0,2
phone::papyrus::08000684141,papyrus,Papyrus HOPELINE247,phone,Helpline,0,08000684141,Yes,Yes,GB,https://www.papyrus-uk.org,2,0800 068 41 41,2,2,2,0,1
phone::youthline-nz::0800376633,youthline-nz,Youthline,phone,Helpline,0,0800376633,Yes,Yes,NZ,https://www.youthline.co.nz,3,0800 376 633,2,2,2,0,1
shortcode::number:104,number:104,104,shortcode,,0,104,Yes,No,,,1,104,2,2,0,2,1
shortcode::number:111?ambiguous,number:111?ambiguous,111,shortcode,Unknown,1,111,Yes,No,,,1,111,2,2,2,0,2
shortcode::number:1213,number:1213,1213,shortcode,,0,1213,Yes,No,,,1,12–13,2,2,1,1,1
shortcode::number:127,number:127,127,shortcode,,0,127,Yes,No,,,1,127,2,2,2,0,1
shortcode::number:1319,number:1319,1319,shortcode,,0,1319,Yes,No,,,1,13-19 | 13–19,2,2,2,0,2
shortcode::number:1326,number:1326,1326,shortcode,,0,1326,Yes,No,,,1,13-26 | 13–26,2,2,2,0,2
shortcode::number:1415,number:1415,1415,shortcode,,0,1415,Yes,No,,,1,14–15,2,2,2,0,2
shortcode::number:160,number:160,160,shortcode,,0,160,Yes,No,,,1,160,2,2,2,0,1
shortcode::number:1618,number:1618,1618,shortcode,,0,1618,Yes,No,,,1,16-18 | 16–18,2,2,1,1,2
shortcode::number:1624,number:1624,1624,shortcode,,0,1624,Yes,No,,,1,16–24,2,2,2,0,1
shortcode::number:170,number:170,170,shortcode,,0,170,Yes,No,,,1,170,2,2,2,0,1
shortcode::number:1821,number:1821,1821,shortcode,,0,1821,Yes,No,,,1,18-21,2,2,2,0,2
shortcode::number:234,number:234,234,shortcode,,0,234,Yes,No,,,1,234,2,2,2,0,1
shortcode::number:310,number:310,310,shortcode,,0,310,Yes,No,,,1,310 | 3–10,2,2,2,0,2
shortcode::number:312,number:312,312,shortcode,,0,312,Yes,No,,,1,3-12 | 312,2,2,1,1,1
shortcode::number:370,number:370,370,shortcode,,0,370,Yes,No,,,1,370,2,2,0,2,2
shortcode::number:5001,number:5001,5001,shortcode,,0,5001,Yes,No,,,1,500–1,2,2,2,0,2
shortcode::number:520,number:520,520,shortcode,,0,520,Yes,No,,,1,5-20 | 5–20,2,2,1,1,1
shortcode::number:555,number:555,555,shortcode,,0,555,Yes,No,,,1,5-5-5 | 555,2,2,2,0,2
shortcode::number:600,number:600,600,shortcode,,0,600,Yes,No,,,1,600,2,2,2,0,2
shortcode::number:610,number:610,610,shortcode,,0,610,Yes,No,,,1,6-10,2,2,2,0,1
shortcode::number:6568,number:6568,6568,shortcode,,0,6568,Yes,No,,,1,65-68 | 65–68,2,2,2,0,2
shortcode::number:800,number:800,800,shortcode,,0,800,Yes,No,,,1,800,2,2,2,0,2
shortcode::number:82111,number:82111,82111,shortcode,,0,82111,Yes,No,,,1,82111,2,2,2,0,1
shortcode::number:850,number:850,850,shortcode,,0,850,Yes,No,,,1,850,2,2,2,0,1
candidate::name:a. call the non-emergency police,name:a. call the non-emergency police,A. Call the Non-Emergency Police,candidate,,0,A. Call the Non-Emergency Police,Yes,No,,,1,A. Call the Non-Emergency Police Line,1,1,1,0,1
candidate::name:a. licensed alcohol delivery services,name:a. licensed alcohol delivery services,A. Licensed Alcohol Delivery Services,candidate,,0,A. Licensed Alcohol Delivery Services,Yes,No,,,1,A. Licensed Alcohol Delivery Services,1,1,1,0,1
candidate::name:a. set up device and network,name:a. set up device and network,A. Set Up Device and Network,candidate,,0,A. Set Up Device and Network,Yes,No,,,1,A. Set Up Device and Network,1,1,0,1,1
candidate::name:aanr,name:aanr,AANR,candidate,,0,AANR,Yes,No,,,1,AANR,1,1,1,0,1
candidate::name:aasect,name:aasect,AASECT,candidate,,0,AASECT,Yes,No,,,1,AASECT,1,1,0,1,1
candidate::name:aaw,name:aaw,AAW,candidate,,0,AAW,Yes,No,,,1,AAW,1,1,1,0,1
candidate::name:abcde,name:abcde,ABCDE,candidate,,0,ABCDE,Yes,No,,,1,ABCDE,1,1,1,0,1
candidate::name:abh,name:abh,ABH,candidate,,0,ABH,Yes,No,,,1,ABH,1,1,1,0,1
candidate::name:abms,name:abms,ABMS,candidate,,0,ABMS,Yes,No,,,1,ABMS,1,1,0,1,1
candidate::name:about,name:about,ABOUT,candidate,,0,ABOUT,Yes,No,,,1,ABOUT,1,1,1,0,1
candidate::name:academy of nutrition and dietetics,name:academy of nutrition and dietetics,Academy of Nutrition and Dietetics,candidate,,0,Academy of Nutrition and Dietetics,Yes,No,,,1,Academy of Nutrition and Dietetics at,1,1,1,0,1
candidate::name:access,name:access,ACCESS,candidate,,0,ACCESS,Yes,No,,,1,ACCESS,1,1,0,1,1
candidate::name:accessibility and agency,name:accessibility and agency,Accessibility and Agency,candidate,,0,Accessibility and Agency,Yes,No,,,1,Accessibility and Agency,1,1,1,0,1
candidate::name:account association,name:account association,Account Association,candidate,,0,Account Association,Yes,No,,,1,Account Association,1,1,1,0,1
candidate::name:action,name:action,ACTION,candidate,,0,ACTION,Yes,No,,,1,ACTION,1,1,1,0,1
candidate::name:actionable project,name:actionable project,Actionable Project,candidate,,0,Actionable Project,Yes,No,,,1,Actionable Project,2,1,1,0,1
candidate::name:add the,name:add the,Add the,candidate,,0,Add the,Yes,No,,,1,Add the,1,1,1,0,1
candidate::name:addiction treatment center,name:addiction treatment center,Addiction Treatment Center,candidate,,0,Addiction Treatment Center,Yes,No,,,1,Addiction Treatment Center,1,1,1,0,1
candidate::name:admin department,name:admin department,Admin Department,candidate,,0,Admin Department,Yes,No,,,1,Admin Department,1,1,1,0,1
candidate::name:adt,name:adt,ADT,candidate,,0,ADT,Yes,No,,,1,ADT,1,1,1,0,1
candidate::name:adult services,name:adult services,Adult Services,candidate,,0,Adult Services,Yes,No,,,1,Adult Services,1,1,1,0,1
candidate::name:adult video rating council,name:adult video rating council,Adult Video Rating Council,candidate,,0,Adult Video Rating Council,Yes,No,,,1,Adult Video Rating Council,1,1,0,1,1
candidate::name:adults you can trust,name:adults you can trust,Adults You Can Trust,candidate,,0,Adults You Can Trust,Yes,No,,,1,Adults You Can Trust,1,1,1,0,1
candidate::name:advisor you trust,name:advisor you trust,Advisor You Trust,candidate,,0,Advisor You Trust,Yes,No,,,1,Advisor You Trust,1,1,1,0,1
candidate::name:advocacy center,name:advocacy center,Advocacy Center,candidate,,0,Advocacy Center,Yes,No,,,1,Advocacy Center,1,1,1,0,1
candidate::name:advocacy services,name:advocacy services,Advocacy Services,candidate,,0,Advocacy Services,Yes,No,,,1,Advocacy Services,1,1,1,0,1
candidate::name:advocates and support services,name:advocates and support services,Advocates and Support Services,candidate,,0,Advocates and Support Services,Yes,No,,,1,Advocates and Support Services,1,1,1,0,1
candidate::name:aest,name:aest,AEST,candidate,,0,AEST,Yes,No,,,1,AEST,1,1,1,0,1
candidate::name:aesthetic surgery council,name:aesthetic surgery council,Aesthetic Surgery Council,candidate,,0,Aesthetic Surgery Council,Yes,No,,,1,Aesthetic Surgery Council,1,1,1,0,1
candidate::name:afr,name:afr,AFR,candidate,,0,AFR,Yes,No,,,1,AFR,1,1,1,0,1
candidate::name:age verification services,name:age verification services,Age Verification Services,candidate,,0,Age Verification Services,Yes,No,,,1,Age Verification Services,1,1,1,0,1
candidate::name:agency,name:agency,Agency,candidate,,0,Agency,Yes,No,,,1,The Agency,1,1,1,0,1
candidate::name:ahhh,name:ahhh,AHHH,candidate,,0,AHHH,Yes,No,,,1,AHHH,1,1,1,0,1
candidate::name:ai-generated suicide hotline,name:ai-generated suicide hotline,AI-Generated Suicide Hotline,candidate,,0,AI-Generated Suicide Hotline,Yes,No,,,1,AI-Generated Suicide Hotline,1,1,1,0,1
candidate::name:aid,name:aid,AID,candidate,,0,AID,Yes,No,,,1,AID,1,1,1,0,1
candidate::name:aida,name:aida,AIDA,candidate,,0,AIDA,Yes,No,,,1,AIDA,1,1,1,0,1
candidate::name:aim,name:aim,AIM,candidate,,0,AIM,Yes,No,,,1,AIM,1,1,1,0,1
candidate::name:air,name:air,AIR,candidate,,0,AIR,Yes,No,,,1,AIR,1,1,1,0,1
candidate::name:air gun bureau,name:air gun bureau,Air Gun Bureau,candidate,,0,Air Gun Bureau,Yes,No,,,1,Air Gun Bureau,1,1,0,1,1
candidate::name:airgun society,name:airgun society,Airgun Society,candidate,,0,Airgun Society,Yes,No,,,1,Airgun Society,2,1,1,0,1
candidate::name:ajf,name:ajf,AJF,candidate,,0,AJF,Yes,No,,,1,AJF,1,1,0,1,1
candidate::name:alone,name:alone,ALONE,candidate,,0,ALONE,Yes,No,,,1,ALONE,1,1,1,0,1
candidate::name:als,name:als,ALS,candidate,,0,ALS,Yes,No,,,1,ALS,1,1,1,0,1
candidate::name:ama,name:ama,AMA,candidate,,0,AMA,Yes,No,,,1,AMA,1,1,0,1,1
candidate::name:amab,name:amab,AMAB,candidate,,0,AMAB,Yes,No,,,1,AMAB,1,1,1,0,1
candidate::name:american bar association,name:american bar association,American Bar Association,candidate,,0,American Bar Association,Yes,No,,,1,American Bar Association,1,1,1,0,1
candidate::name:american diabetes association,name:american diabetes association,American Diabetes Association,candidate,,0,American Diabetes Association,Yes,No,,,1,the American Diabetes Association,1,1,1,0,1
candidate::name:american heart association,name:american heart association,American Heart Association,candidate,,0,American Heart Association,Yes,No,,,1,The American Heart Association,1,1,1,0,1
candidate::name:american job center,name:american job center,American Job Center,candidate,,0,American Job Center,Yes,No,,,1,American Job Center,1,1,1,0,1
candidate::name:american med spa association,name:american med spa association,American Med Spa Association,candidate,,0,American Med Spa Association,Yes,No,,,1,American Med Spa Association,1,1,1,0,1
candidate::name:american pyro association,name:american pyro association,American Pyro Association,candidate,,0,American Pyro Association,Yes,No,,,1,American Pyro Association,1,1,1,0,1
candidate::name:american pyrotechnic association,name:american pyrotechnic association,American Pyrotechnic Association,candidate,,0,American Pyrotechnic Association,Yes,No,,,1,American Pyrotechnic Association,1,1,1,0,1
candidate::name:american pyrotechnics association,name:american pyrotechnics association,American Pyrotechnics Association,candidate,,0,American Pyrotechnics Association,Yes,No,,,1,the American Pyrotechnics Association,1,1,0,1,1
candidate::name:anaid,name:anaid,ANAID,candidate,,0,ANAID,Yes,No,,,1,ANAID,1,1,1,0,1
candidate::name:anonymous service,name:anonymous service,Anonymous Service,candidate,,0,Anonymous Service,Yes,No,,,1,Anonymous Service,1,1,1,0,1
candidate::name:another grown-up you trust,name:another grown-up you trust,Another Grown-Up You Trust,candidate,,0,Another Grown-Up You Trust,Yes,No,,,1,Another Grown-Up You Trust,1,1,0,1,1
candidate::name:another project,name:another project,Another Project,candidate,,0,Another Project,Yes,No,,,1,Another Project,1,1,1,0,1
candidate::name:ansi,name:ansi,ANSI,candidate,,0,ANSI,Yes,No,,,1,ANSI,1,1,1,0,1
candidate::name:answer,name:answer,ANSWER,candidate,,0,ANSWER,Yes,No,,,1,ANSWER,1,1,1,0,1
candidate::name:anti-counter service,name:anti-counter service,Anti-Counter Service,candidate,,0,Anti-Counter Service,Yes,No,,,1,Anti-Counter Service,1,1,0,1,1
candidate::name:anu,name:anu,ANU,candidate,,0,ANU,Yes,No,,,1,ANU,1,1,1,0,1
candidate::name:anza,name:anza,ANZA,candidate,,0,ANZA,Yes,No,,,1,ANZA,1,1,1,0,1
candidate::name:aol,name:aol,AOL,candidate,,0,AOL,Yes,No,,,1,AOL,1,1,1,0,1
candidate::name:apk,name:apk,APK,candidate,,0,APK,Yes,No,,,1,APK,1,1,0,1,1
candidate::name:app help center,name:app help center,App Help Center,candidate,,0,App Help Center,Yes,No,,,1,App Help Center,1,1,1,0,1
candidate::name:apps,name:apps,APPS,candidate,,0,APPS,Yes,No,,,1,APPS,1,1,1,0,1
candidate::name:archive service,name:archive service,Archive Service,candidate,,0,Archive Service,Yes,No,,,1,Archive Service,1,1,1,0,1
candidate::name:archive services,name:archive services,Archive Services,candidate,,0,Archive Services,Yes,No,,,1,Archive Services,1,1,1,0,1
candidate::name:arp,name:arp,ARP,candidate,,0,ARP,Yes,No,,,1,ARP,1,1,1,0,1
candidate::name:art institute,name:art institute,Art Institute,candidate,,0,Art Institute,Yes,No,,,1,Art Institute,1,1,1,0,1
candidate::name:arv,name:arv,ARV,candidate,,0,ARV,Yes,No,,,1,ARV,1,1,1,0,1
candidate::name:asdah,name:asdah,ASDAH,candidate,,0,ASDAH,Yes,No,,,1,ASDAH,1,1,1,0,1
candidate::name:ask for the internal affairs bureau,name:ask for the internal affairs bureau,Ask for the Internal Affairs Bureau,candidate,,0,Ask for the Internal Affairs Bureau,Yes,No,,,1,Ask for the Internal Affairs Bureau,1,1,1,0,1
candidate::name:ask someone you trust,name:ask someone you trust,Ask Someone You Trust,candidate,,0,Ask Someone You Trust,Yes,No,,,1,Ask Someone You Trust,1,1,1,0,1
candidate::name:ask your network,name:ask your network,Ask Your Network,candidate,,0,Ask Your Network,Yes,No,,,1,Ask Your Network,1,1,1,0,1
candidate::name:asmr,name:asmr,ASMR,candidate,,0,ASMR,Yes,No,,,1,ASMR,1,1,1,0,1
candidate::name:assault center,name:assault center,Assault Center,candidate,,0,Assault Center,Yes,No,,,1,Assault Center,1,1,1,0,1
candidate::name:assault helpline,name:assault helpline,Assault Helpline,candidate,,0,Assault Helpline,Yes,No,,,1,Assault Helpline,1,1,1,0,1
candidate::name:assaulted women's helpline,name:assaulted women's helpline,Assaulted Women's Helpline,candidate,,0,Assaulted Women's Helpline,Yes,No,,,1,Assaulted Women's Helpline,1,1,1,0,1
candidate::name:assaulted women’s helpline,name:assaulted women’s helpline,Assaulted Women’s Helpline,candidate,,0,Assaulted Women’s Helpline,Yes,No,,,1,Assaulted Women’s Helpline,1,1,1,0,1
candidate::name:audit,name:audit,AUDIT,candidate,,0,AUDIT,Yes,No,,,1,AUDIT,1,1,1,0,1
candidate::name:aup,name:aup,AUP,candidate,,0,AUP,Yes,No,,,1,AUP,1,1,1,0,1
candidate::name:aus,name:aus,AUS,candidate,,0,AUS,Yes,No,,,1,AUS,1,1,1,0,1
candidate::name:australia,name:australia,Australia,candidate,,0,Australia,Yes,No,,,1,Australia:,1,1,1,0,1
candidate::name:australian psychological society,name:australian psychological society,Australian Psychological Society,candidate,,0,Australian Psychological Society,Yes,No,,,1,Australian Psychological Society,1,1,1,0,1
"candidate::name:authorities
child protective services","name:authorities
child protective services","Authorities
Child Protective Services",candidate,,0,"Authorities
Child Protective Services",Yes,No,,,1,Authorities Child Protective Services,1,1,1,0,1
candidate::name:avoid any reputable services,name:avoid any reputable services,Avoid Any Reputable Services,candidate,,0,Avoid Any Reputable Services,Yes,No,,,1,Avoid Any Reputable Services,1,1,0,1,1
candidate::name:avoid services,name:avoid services,Avoid Services,candidate,,0,Avoid Services,Yes,No,,,1,Avoid Services,1,1,0,1,1
candidate::name:avoiding table service,name:avoiding table service,Avoiding Table Service,candidate,,0,Avoiding Table Service,Yes,No,,,1,Avoiding Table Service,1,1,0,1,1
candidate::name:bac,name:bac,BAC,candidate,,0,BAC,Yes,No,,,1,BAC,1,1,1,0,1
candidate::name:backup,name:backup,BACKUP,candidate,,0,BACKUP,Yes,No,,,1,BACKUP,1,1,1,0,1
candidate::name:bacp,name:bacp,BACP,candidate,,0,BACP,Yes,No,,,1,BACP,1,1,1,0,1
candidate::name:balance trust,name:balance trust,Balance Trust,candidate,,0,Balance Trust,Yes,No,,,1,Balance Trust,1,1,0,1,1
candidate::name:baptist counseling center,name:baptist counseling center,Baptist Counseling Center,candidate,,0,Baptist Counseling Center,Yes,No,,,1,Baptist Counseling Center,1,1,1,0,1
candidate::name:bar service,name:bar service,Bar Service,candidate,,0,Bar Service,Yes,No,,,1,Bar Service,1,1,0,1,1
candidate::name:basc,name:basc,BASC,candidate,,0,BASC,Yes,No,,,1,BASC,1,1,1,0,1
candidate::name:bass pro shops,name:bass pro shops,Bass Pro Shops,candidate,,0,Bass Pro Shops,Yes,No,,,1,Bass Pro Shops at,1,1,0,1,1
candidate::name:bbq,name:bbq,BBQ,candidate,,0,BBQ,Yes,No,,,1,BBQ,1,1,0,1,1
candidate::name:bda,name:bda,BDA,candidate,,0,BDA,Yes,No,,,1,BDA,1,1,1,0,1
candidate::name:bdsm,name:bdsm,BDSM,candidate,,0,BDSM,Yes,No,,,1,BDSM,1,1,1,0,1
candidate::name:beam,name:beam,BEAM,candidate,,0,BEAM,Yes,No,,,1,BEAM,1,1,1,0,1
candidate::name:beat’s helpline,name:beat’s helpline,BEAT’s Helpline,candidate,,0,BEAT’s Helpline,Yes,No,,,1,BEAT’s Helpline,1,1,1,0,1
candidate::name:because of section,name:because of section,Because of Section,candidate,,0,Because of Section,Yes,No,,,1,Because of Section,1,1,1,0,1
candidate::name:beck institute,name:beck institute,Beck Institute,candidate,,0,Beck Institute,Yes,No,,,1,Beck Institute,1,1,1,0,1
candidate::name:beeps,name:beeps,BEEPS,candidate,,0,BEEPS,Yes,No,,,1,BEEPS,1,1,1,0,1
candidate::name:behavioral health,name:behavioral health,Behavioral Health,candidate,,0,Behavioral Health,Yes,No,,,1,Behavioral Health Line,1,1,1,0,1
candidate::name:being,name:being,BEING,candidate,,0,BEING,Yes,No,,,1,BEING,1,1,1,0,1
candidate::name:being with someone you trust,name:being with someone you trust,Being With Someone You Trust,candidate,,0,Being With Someone You Trust,Yes,No,,,1,Being With Someone You Trust,1,1,1,0,1
candidate::name:belt and road initiative,name:belt and road initiative,Belt and Road Initiative,candidate,,0,Belt and Road Initiative,Yes,No,,,1,Belt and Road Initiative,1,1,1,0,1
candidate::name:best,name:best,Best,candidate,,0,Best,Yes,No,,,1,The Best Line,1,1,0,1,1
candidate::name:best for,name:best for,Best for,candidate,,0,Best for,Yes,No,,,1,Best for:,1,1,1,0,1
candidate::name:betrayal of trust,name:betrayal of trust,Betrayal of Trust,candidate,,0,Betrayal of Trust,Yes,No,,,1,Betrayal of Trust,1,1,1,0,1
candidate::name:betrays trust,name:betrays trust,Betrays Trust,candidate,,0,Betrays Trust,Yes,No,,,1,Betrays Trust,1,1,1,0,1
candidate::name:better way foundation,name:better way foundation,Better Way Foundation,candidate,,0,Better Way Foundation,Yes,No,,,1,A Better Way Foundation,1,1,1,0,1
candidate::name:between,name:between,Between,candidate,,0,Between,Yes,No,,,1,Between,1,1,0,1,1
candidate::name:big hugs and people you trust,name:big hugs and people you trust,Big Hugs and People You Trust,candidate,,0,Big Hugs and People You Trust,Yes,No,,,1,Big Hugs and People You Trust,1,1,1,0,1
candidate::name:biggest,name:biggest,BIGGEST,candidate,,0,BIGGEST,Yes,No,,,1,BIGGEST,1,1,1,0,1
candidate::name:billing,name:billing,BILLING,candidate,,0,BILLING,Yes,No,,,1,BILLING,1,1,0,1,1
candidate::name:billing services,name:billing services,Billing Services,candidate,,0,Billing Services,Yes,No,,,1,Billing Services,1,1,1,0,1
candidate::name:bjj,name:bjj,BJJ,candidate,,0,BJJ,Yes,No,,,1,BJJ,1,1,1,0,1
candidate::name:blanket fort command center,name:blanket fort command center,Blanket Fort Command Center,candidate,,0,Blanket Fort Command Center,Yes,No,,,1,The Blanket Fort Command Center,1,1,1,0,1
candidate::name:blocklist services,name:blocklist services,Blocklist Services,candidate,,0,Blocklist Services,Yes,No,,,1,Blocklist Services,1,1,1,0,1
candidate::name:blurry,name:blurry,Blurry,candidate,,0,Blurry,Yes,No,,,1,The Blurry Line,1,1,1,0,1
candidate::name:bnf,name:bnf,BNF,candidate,,0,BNF,Yes,No,,,1,BNF,1,1,1,0,1
candidate::name:body image coalition,name:body image coalition,Body Image Coalition,candidate,,0,Body Image Coalition,Yes,No,,,1,The Body Image Coalition,1,1,1,0,1
candidate::name:body image helpline,name:body image helpline,Body Image Helpline,candidate,,0,Body Image Helpline,Yes,No,,,1,Body Image Helpline,1,1,1,0,1
candidate::name:body positive center,name:body positive center,Body Positive Center,candidate,,0,Body Positive Center,Yes,No,,,1,The Body Positive Center,1,1,1,0,1
candidate::name:body project,name:body project,Body Project,candidate,,0,Body Project,Yes,No,,,1,The Body Project,1,1,1,0,1
candidate::name:book,name:book,BOOK,candidate,,0,BOOK,Yes,No,,,1,BOOK,1,1,1,0,1
candidate::name:boss,name:boss,BOSS,candidate,,0,BOSS,Yes,No,,,1,BOSS,1,1,1,0,1
"candidate::name:bottom line
society","name:bottom line
society","Bottom Line
Society",candidate,,0,"Bottom Line
Society",Yes,No,,,1,The Bottom Line Society,1,1,1,0,1
candidate::name:bounce,name:bounce,BOUNCE,candidate,,0,BOUNCE,Yes,No,,,1,BOUNCE,1,1,1,0,1
candidate::name:boundaries and agency,name:boundaries and agency,Boundaries and Agency,candidate,,0,Boundaries and Agency,Yes,No,,,1,Boundaries and Agency,1,1,1,0,1
candidate::name:bpd,name:bpd,BPD,candidate,,0,BPD,Yes,No,,,1,BPD,1,1,1,0,1
candidate::name:brain's satiety center,name:brain's satiety center,Brain's Satiety Center,candidate,,0,Brain's Satiety Center,Yes,No,,,1,The Brain's Satiety Center,1,1,1,0,1
candidate::name:brave,name:brave,BRAVE,candidate,,0,BRAVE,Yes,No,,,1,BRAVE,1,1,1,0,1
candidate::name:brave girls alliance,name:brave girls alliance,Brave Girls Alliance,candidate,,0,Brave Girls Alliance,Yes,No,,,1,The Brave Girls Alliance,1,1,1,0,1
candidate::name:breach of trust,name:breach of trust,Breach of Trust,candidate,,0,Breach of Trust,Yes,No,,,1,Breach of Trust,1,1,1,0,1
candidate::name:breaking trust,name:breaking trust,Breaking Trust,candidate,,0,Breaking Trust,Yes,No,,,1,Breaking Trust,1,1,1,0,1
candidate::name:breakup,name:breakup,Breakup,candidate,,0,Breakup,Yes,No,,,1,The Breakup Line,1,1,1,0,1
candidate::name:brief description of project,name:brief description of project,Brief Description of Project,candidate,,0,Brief Description of Project,Yes,No,,,1,Brief Description of Project,1,1,1,0,1
candidate::name:bring,name:bring,BRING,candidate,,0,BRING,Yes,No,,,1,BRING,1,1,1,0,1
candidate::name:british nutrition foundation,name:british nutrition foundation,British Nutrition Foundation,candidate,,0,British Nutrition Foundation,Yes,No,,,1,British Nutrition Foundation,1,1,1,0,1
candidate::name:british psychological society,name:british psychological society,British Psychological Society,candidate,,0,British Psychological Society,Yes,No,,,1,British Psychological Society,1,1,1,0,1
candidate::name:british pyrotechnists association,name:british pyrotechnists association,British Pyrotechnists Association,candidate,,0,British Pyrotechnists Association,Yes,No,,,1,British Pyrotechnists Association,1,1,1,0,1
candidate::name:broken trust,name:broken trust,Broken Trust,candidate,,0,Broken Trust,Yes,No,,,1,Broken Trust,1,1,1,0,1
candidate::name:bsa,name:bsa,BSA,candidate,,0,BSA,Yes,No,,,1,BSA,1,1,0,1,1
candidate::name:build trust,name:build trust,Build Trust,candidate,,0,Build Trust,Yes,No,,,1,Build Trust,1,1,0,1,1
candidate::name:building agency,name:building agency,Building Agency,candidate,,0,Building Agency,Yes,No,,,1,Building Agency,1,1,0,1,1
"candidate::name:burden of social conditioning
society","name:burden of social conditioning
society","Burden of Social Conditioning
Society",candidate,,0,"Burden of Social Conditioning
Society",Yes,No,,,1,The Burden of Social Conditioning Society,1,1,0,1,1
candidate::name:but don't trust,name:but don't trust,But Don't Trust,candidate,,0,But Don't Trust,Yes,No,,,1,But Don't Trust,1,1,1,0,1
candidate::name:butterfly foundation national helpline,name:butterfly foundation national helpline,Butterfly Foundation National Helpline,candidate,,0,Butterfly Foundation National Helpline,Yes,No,,,1,Butterfly Foundation National Helpline,1,1,1,0,1
candidate::name:butterfly national helpline,name:butterfly national helpline,Butterfly National Helpline,candidate,,0,Butterfly National Helpline,Yes,No,,,1,Butterfly National Helpline,1,1,1,0,1
candidate::name:button,name:button,BUTTON,candidate,,0,BUTTON,Yes,No,,,1,BUTTON,1,1,1,0,1
candidate::name:buying,name:buying,BUYING,candidate,,0,BUYING,Yes,No,,,1,BUYING,1,1,1,0,1
candidate::name:by the national center,name:by the national center,By the National Center,candidate,,0,By the National Center,Yes,No,,,1,By the National Center,1,1,1,0,1
candidate::name:cac,name:cac,CAC,candidate,,0,CAC,Yes,No,,,1,CAC,1,1,1,0,1
candidate::name:call the anad helpline,name:call the anad helpline,Call the ANAD Helpline,candidate,,0,Call the ANAD Helpline,Yes,No,,,1,Or Call the ANAD Helpline,1,1,1,0,1
candidate::name:camhs,name:camhs,CAMHS,candidate,,0,CAMHS,Yes,No,,,1,CAMHS,1,1,1,0,1
candidate::name:campus authority,name:campus authority,Campus Authority,candidate,,0,Campus Authority,Yes,No,,,1,Campus Authority,1,1,1,0,1
candidate::name:campus counseling services,name:campus counseling services,Campus Counseling Services,candidate,,0,Campus Counseling Services,Yes,No,,,1,Campus Counseling Services,1,1,1,0,1
candidate::name:campus services,name:campus services,Campus Services,candidate,,0,Campus Services,Yes,No,,,1,Campus Services,1,1,1,0,1
candidate::name:canada firearms centre,name:canada firearms centre,Canada Firearms Centre,candidate,,0,Canada Firearms Centre,Yes,No,,,1,the Canada Firearms Centre,1,1,1,0,1
candidate::name:canadian cancer society,name:canadian cancer society,Canadian Cancer Society,candidate,,0,Canadian Cancer Society,Yes,No,,,1,Canadian Cancer Society,1,1,0,1,1
candidate::name:canadian center,name:canadian center,Canadian Center,candidate,,0,Canadian Center,Yes,No,,,1,Canadian Center,1,1,1,0,1
candidate::name:canadian counselling and psychotherapy association,name:canadian counselling and psychotherapy association,Canadian Counselling and Psychotherapy Association,candidate,,0,Canadian Counselling and Psychotherapy Association,Yes,No,,,1,Canadian Counselling and Psychotherapy Association,1,1,1,0,1
candidate::name:canadian mental health association,name:canadian mental health association,Canadian Mental Health Association,candidate,,0,Canadian Mental Health Association,Yes,No,,,1,Canadian Mental Health Association,1,1,1,0,1
candidate::name:canadian psychological association,name:canadian psychological association,Canadian Psychological Association,candidate,,0,Canadian Psychological Association,Yes,No,,,1,Canadian Psychological Association,1,1,1,0,1
candidate::name:canadian standards association,name:canadian standards association,Canadian Standards Association,candidate,,0,Canadian Standards Association,Yes,No,,,1,Canadian Standards Association,1,1,0,1,1
candidate::name:cancel service,name:cancel service,Cancel Service,candidate,,0,Cancel Service,Yes,No,,,1,Cancel Service,1,1,1,0,1
candidate::name:capture,name:capture,CAPTURE,candidate,,0,CAPTURE,Yes,No,,,1,CAPTURE,1,1,1,0,1
candidate::name:care,name:care,CARE,candidate,,0,CARE,Yes,No,,,1,CARE,1,1,1,0,1
candidate::name:cash register,name:cash register,Cash Register,candidate,,0,Cash Register,Yes,No,,,1,the Cash Register Line,1,1,1,0,1
candidate::name:cbt-ed,name:cbt-ed,CBT-ED,candidate,,0,CBT-ED,Yes,No,,,1,CBT-ED,1,1,1,0,1
candidate::name:ccai,name:ccai,CCAI,candidate,,0,CCAI,Yes,No,,,1,CCAI,1,1,1,0,1
candidate::name:ccri helpline,name:ccri helpline,CCRI Helpline,candidate,,0,CCRI Helpline,Yes,No,,,1,CCRI Helpline,1,1,1,0,1
candidate::name:cdc and truth initiative,name:cdc and truth initiative,CDC and Truth Initiative,candidate,,0,CDC and Truth Initiative,Yes,No,,,1,CDC and Truth Initiative,1,1,0,1,1
candidate::name:cdc dietary hotline,name:cdc dietary hotline,CDC Dietary Hotline,candidate,,0,CDC Dietary Hotline,Yes,No,,,1,CDC Dietary Hotline,1,1,1,0,1
candidate::name:cdc’s food safety hotline,name:cdc’s food safety hotline,CDC’s Food Safety Hotline,candidate,,0,CDC’s Food Safety Hotline,Yes,No,,,1,CDC’s Food Safety Hotline,1,1,1,0,1
candidate::name:center for technology and society,name:center for technology and society,Center for Technology and Society,candidate,,0,Center for Technology and Society,Yes,No,,,1,Center for Technology and Society,1,1,1,0,1
candidate::name:centerpoint sniper,name:centerpoint sniper,CenterPoint Sniper,candidate,,0,CenterPoint Sniper,Yes,No,,,1,CenterPoint Sniper,1,1,0,1,1
candidate::name:cervantes institute,name:cervantes institute,Cervantes Institute,candidate,,0,Cervantes Institute,Yes,No,,,1,Cervantes Institute,1,1,1,0,1
candidate::name:cfr,name:cfr,CFR,candidate,,0,CFR,Yes,No,,,1,CFR,1,1,1,0,1
candidate::name:chadd,name:chadd,CHADD,candidate,,0,CHADD,Yes,No,,,1,CHADD,1,1,0,1,1
candidate::name:chads coalition,name:chads coalition,CHADS Coalition,candidate,,0,CHADS Coalition,Yes,No,,,1,CHADS Coalition,1,1,1,0,1
candidate::name:chat service,name:chat service,Chat Service,candidate,,0,Chat Service,Yes,No,,,1,Chat Service,1,1,1,0,1
candidate::name:chat services,name:chat services,Chat Services,candidate,,0,Chat Services,Yes,No,,,1,Chat Services,1,1,1,0,1
candidate::name:check customer service,name:check customer service,Check Customer Service,candidate,,0,Check Customer Service,Yes,No,,,1,Check Customer Service,1,1,1,0,1
candidate::name:check the consumer product safety commission,name:check the consumer product safety commission,Check the Consumer Product Safety Commission,candidate,,0,Check the Consumer Product Safety Commission,Yes,No,,,1,Check the Consumer Product Safety Commission,1,1,0,1,1
candidate::name:check the help center,name:check the help center,Check the Help Center,candidate,,0,Check the Help Center,Yes,No,,,1,Check the Help Center,1,1,1,0,1
candidate::name:check the platform's terms of service,name:check the platform's terms of service,Check the Platform's Terms of Service,candidate,,0,Check the Platform's Terms of Service,Yes,No,,,1,Check the Platform's Terms of Service,1,1,1,0,1
candidate::name:check their services,name:check their services,Check Their Services,candidate,,0,Check Their Services,Yes,No,,,1,Check Their Services,1,1,1,0,1
candidate::name:check your state’s wildlife agency,name:check your state’s wildlife agency,Check Your State’s Wildlife Agency,candidate,,0,Check Your State’s Wildlife Agency,Yes,No,,,1,Check Your State’s Wildlife Agency,1,1,0,1,1
candidate::name:check your trust,name:check your trust,Check Your Trust,candidate,,0,Check Your Trust,Yes,No,,,1,Check Your Trust,1,1,1,0,1
candidate::name:child abuse hotline,name:child abuse hotline,Child Abuse Hotline,candidate,,0,Child Abuse Hotline,Yes,No,,,1,Child Abuse Hotline,1,1,1,0,1
candidate::name:child advocacy center,name:child advocacy center,Child Advocacy Center,candidate,,0,Child Advocacy Center,Yes,No,,,1,Child Advocacy Center,1,1,1,0,1
candidate::name:child and family services,name:child and family services,Child and Family Services,candidate,,0,Child and Family Services,Yes,No,,,1,Child and Family Services,1,1,1,0,1
candidate::name:child help,name:child help,Child Help,candidate,,0,Child Help,Yes,No,,,1,Child Help Line,1,1,1,0,1
candidate::name:child safety help center,name:child safety help center,Child Safety Help Center,candidate,,0,Child Safety Help Center,Yes,No,,,1,Child Safety Help Center,1,1,1,0,1
candidate::name:child services,name:child services,Child Services,candidate,,0,Child Services,Yes,No,,,1,Child Services,1,1,1,0,1
candidate::name:child welfare services,name:child welfare services,Child Welfare Services,candidate,,0,Child Welfare Services,Yes,No,,,1,Child Welfare Services,1,1,1,0,1
candidate::name:childmind institute,name:childmind institute,Childmind Institute,candidate,,0,Childmind Institute,Yes,No,,,1,The Childmind Institute,1,1,0,1,1
candidate::name:children’s health insurance program,name:children’s health insurance program,Children’s Health Insurance Program,candidate,,0,Children’s Health Insurance Program,Yes,No,,,1,Children’s Health Insurance Program,1,1,0,1,1
candidate::name:children’s services,name:children’s services,Children’s Services,candidate,,0,Children’s Services,Yes,No,,,1,Children’s Services,1,1,1,0,1
candidate::name:chinese cultural center,name:chinese cultural center,Chinese Cultural Center,candidate,,0,Chinese Cultural Center,Yes,No,,,1,the Chinese Cultural Center,1,1,1,0,1
candidate::name:chinese student association,name:chinese student association,Chinese Student Association,candidate,,0,Chinese Student Association,Yes,No,,,1,Chinese Student Association,1,1,1,0,1
candidate::name:choose the opening,name:choose the opening,Choose the Opening,candidate,,0,Choose the Opening,Yes,No,,,1,Choose the Opening Line,1,1,1,0,1
candidate::name:cica,name:cica,CICA,candidate,,0,CICA,Yes,No,,,1,CICA,1,1,1,0,1
candidate::name:city behavioral health center,name:city behavioral health center,City Behavioral Health Center,candidate,,0,City Behavioral Health Center,Yes,No,,,1,City Behavioral Health Center,1,1,1,0,1
candidate::name:city mental health services,name:city mental health services,City Mental Health Services,candidate,,0,City Mental Health Services,Yes,No,,,1,City Mental Health Services,1,1,1,0,1
candidate::name:civilian marksmanship program,name:civilian marksmanship program,Civilian Marksmanship Program,candidate,,0,Civilian Marksmanship Program,Yes,No,,,1,the Civilian Marksmanship Program,1,1,1,0,1
candidate::name:class project,name:class project,Class Project,candidate,,0,Class Project,Yes,No,,,1,Class Project,1,1,1,0,1
candidate::name:classic,name:classic,Classic,candidate,,0,Classic,Yes,No,,,1,Classic Line,1,1,1,0,1
candidate::name:clear,name:clear,Clear,candidate,,0,Clear,Yes,No,,,1,Clear Line,1,1,0,1,1
candidate::name:cloudflare and,name:cloudflare and,Cloudflare and,candidate,,0,Cloudflare and,Yes,No,,,1,Cloudflare and,1,1,1,0,1
candidate::name:cmha,name:cmha,CMHA,candidate,,0,CMHA,Yes,No,,,1,CMHA,1,1,1,0,1
candidate::name:cmp,name:cmp,CMP,candidate,,0,CMP,Yes,No,,,1,CMP,1,1,1,0,1
candidate::name:cms,name:cms,CMS,candidate,,0,CMS,Yes,No,,,1,CMS,1,1,1,0,1
candidate::name:cnil,name:cnil,CNIL,candidate,,0,CNIL,Yes,No,,,1,CNIL,1,1,1,0,1
candidate::name:cnn,name:cnn,CNN,candidate,,0,CNN,Yes,No,,,1,CNN,1,1,1,0,1
candidate::name:cns,name:cns,CNS,candidate,,0,CNS,Yes,No,,,1,CNS,1,1,1,0,1
candidate::name:coa,name:coa,COA,candidate,,0,COA,Yes,No,,,1,COA,1,1,1,0,1
"candidate::name:cognitive and physical capabilities
society","name:cognitive and physical capabilities
society","Cognitive and Physical Capabilities
Society",candidate,,0,"Cognitive and Physical Capabilities
Society",Yes,No,,,1,Cognitive and Physical Capabilities Society,1,1,1,0,1
candidate::name:coin,name:coin,COIN,candidate,,0,COIN,Yes,No,,,1,COIN,1,1,1,0,1
candidate::name:cold shower for charity,name:cold shower for charity,Cold Shower for Charity,candidate,,0,Cold Shower for Charity,Yes,No,,,1,Cold Shower for Charity,1,1,1,0,1
candidate::name:college,name:college,COLLEGE,candidate,,0,COLLEGE,Yes,No,,,1,COLLEGE,1,1,1,0,1
candidate::name:college health services,name:college health services,College Health Services,candidate,,0,College Health Services,Yes,No,,,1,College Health Services,1,1,0,1,1
candidate::name:college student services,name:college student services,College Student Services,candidate,,0,College Student Services,Yes,No,,,1,College Student Services,1,1,1,0,1
candidate::name:common services,name:common services,Common Services,candidate,,0,Common Services,Yes,No,,,1,Common Services,1,1,0,1,1
candidate::name:community and trust,name:community and trust,Community and Trust,candidate,,0,Community and Trust,Yes,No,,,1,Community and Trust,1,1,1,0,1
candidate::name:community guidelines and terms of service,name:community guidelines and terms of service,Community Guidelines and Terms of Service,candidate,,0,Community Guidelines and Terms of Service,Yes,No,,,1,Community Guidelines and Terms of Service,1,1,1,0,1
candidate::name:community project,name:community project,Community Project,candidate,,0,Community Project,Yes,No,,,1,Community Project,1,1,0,1,1
candidate::name:community security trust,name:community security trust,Community Security Trust,candidate,,0,Community Security Trust,Yes,No,,,1,Community Security Trust,1,1,1,0,1
candidate::name:community services,name:community services,Community Services,candidate,,0,Community Services,Yes,No,,,1,Community Services,1,1,1,0,1
candidate::name:community-based crisis services,name:community-based crisis services,Community-Based Crisis Services,candidate,,0,Community-Based Crisis Services,Yes,No,,,1,Community-Based Crisis Services,1,1,1,0,1
candidate::name:company's bottom,name:company's bottom,Company's Bottom,candidate,,0,Company's Bottom,Yes,No,,,1,The Company's Bottom Line,1,1,1,0,1
"candidate::name:competence
society","name:competence
society","Competence
Society",candidate,,0,"Competence
Society",Yes,No,,,1,Competence Society,1,1,1,0,1
"candidate::name:compliance
society","name:compliance
society","Compliance
Society",candidate,,0,"Compliance
Society",Yes,No,,,1,and Compliance Society,1,1,1,0,1
candidate::name:compliance and authority,name:compliance and authority,Compliance and Authority,candidate,,0,Compliance and Authority,Yes,No,,,1,Compliance and Authority,1,1,1,0,1
candidate::name:compliance hotline,name:compliance hotline,Compliance Hotline,candidate,,0,Compliance Hotline,Yes,No,,,1,Compliance Hotline,1,1,1,0,1
"candidate::name:conditioning and fear of consequences
society","name:conditioning and fear of consequences
society","Conditioning and Fear of Consequences
Society",candidate,,0,"Conditioning and Fear of Consequences
Society",Yes,No,,,1,Conditioning and Fear of Consequences Society,1,1,1,0,1
candidate::name:confidential professional services,name:confidential professional services,Confidential Professional Services,candidate,,0,Confidential Professional Services,Yes,No,,,1,Confidential Professional Services,1,1,1,0,1
candidate::name:confirm trust,name:confirm trust,Confirm Trust,candidate,,0,Confirm Trust,Yes,No,,,1,Confirm Trust,1,1,1,0,1
candidate::name:confucius institute,name:confucius institute,Confucius Institute,candidate,,0,Confucius Institute,Yes,No,,,1,Confucius Institute,1,1,1,0,1
candidate::name:conscience,name:conscience,Conscience,candidate,,0,Conscience,Yes,No,,,1,The Conscience Line,1,1,1,0,1
candidate::name:consent,name:consent,Consent,candidate,,0,Consent,Yes,No,,,1,The Consent Line,1,1,1,0,1
candidate::name:consent and agency,name:consent and agency,Consent and Agency,candidate,,0,Consent and Agency,Yes,No,,,1,The Consent and Agency Line,1,1,1,0,1
"candidate::name:consent and communication
trust","name:consent and communication
trust","Consent and Communication
Trust",candidate,,0,"Consent and Communication
Trust",Yes,No,,,1,Consent and Communication Trust,1,1,0,1,1
candidate::name:consent and respect,name:consent and respect,Consent and Respect,candidate,,0,Consent and Respect,Yes,No,,,1,The Consent and Respect Line,1,1,1,0,1
candidate::name:consent and trust,name:consent and trust,Consent and Trust,candidate,,0,Consent and Trust,Yes,No,,,1,Consent and Trust,1,1,1,0,1
candidate::name:consider support services,name:consider support services,Consider Support Services,candidate,,0,Consider Support Services,Yes,No,,,1,Consider Support Services,1,1,1,0,1
candidate::name:consider telehealth services,name:consider telehealth services,Consider Telehealth Services,candidate,,0,Consider Telehealth Services,Yes,No,,,1,Consider Telehealth Services,1,1,0,1,1
candidate::name:consistent trust,name:consistent trust,Consistent Trust,candidate,,0,Consistent Trust,Yes,No,,,1,Consistent Trust,1,1,1,0,1
candidate::name:consumer protection agency,name:consumer protection agency,Consumer Protection Agency,candidate,,0,Consumer Protection Agency,Yes,No,,,1,Consumer Protection Agency,1,1,1,0,1
candidate::name:contact child protective services,name:contact child protective services,Contact Child Protective Services,candidate,,0,Contact Child Protective Services,Yes,No,,,1,Contact Child Protective Services,1,1,1,0,1
candidate::name:contact crisis,name:contact crisis,CONTACT Crisis,candidate,,0,CONTACT Crisis,Yes,No,,,1,CONTACT Crisis Line,1,1,1,0,1
candidate::name:contact emergency services,name:contact emergency services,Contact Emergency Services,candidate,,0,Contact Emergency Services,Yes,No,,,1,Contact Emergency Services,1,1,1,0,1
candidate::name:contact internet service,name:contact internet service,Contact Internet Service,candidate,,0,Contact Internet Service,Yes,No,,,1,Contact Internet Service,1,1,1,0,1
candidate::name:contact someone you trust,name:contact someone you trust,Contact Someone You Trust,candidate,,0,Contact Someone You Trust,Yes,No,,,1,Contact Someone You Trust,1,1,1,0,1
candidate::name:contact support services,name:contact support services,Contact Support Services,candidate,,0,Contact Support Services,Yes,No,,,1,Contact Support Services,1,1,1,0,1
candidate::name:contact the platform's trust,name:contact the platform's trust,Contact the Platform's Trust,candidate,,0,Contact the Platform's Trust,Yes,No,,,1,Contact the Platform's Trust,1,1,1,0,1
candidate::name:contact the police non-emergency,name:contact the police non-emergency,Contact the Police Non-Emergency,candidate,,0,Contact the Police Non-Emergency,Yes,No,,,1,Contact the Police Non-Emergency Line,1,1,1,0,1
candidate::name:contacting child protective services,name:contacting child protective services,Contacting Child Protective Services,candidate,,0,Contacting Child Protective Services,Yes,No,,,1,Contacting Child Protective Services,1,1,1,0,1
candidate::name:contacting protective services,name:contacting protective services,Contacting Protective Services,candidate,,0,Contacting Protective Services,Yes,No,,,1,Contacting Protective Services,1,1,1,0,1
candidate::name:conversational foundation,name:conversational foundation,Conversational Foundation,candidate,,0,Conversational Foundation,Yes,No,,,1,The Conversational Foundation,1,1,1,0,1
candidate::name:copyright department,name:copyright department,Copyright Department,candidate,,0,Copyright Department,Yes,No,,,1,Copyright Department,1,1,1,0,1
candidate::name:core command center,name:core command center,Core Command Center,candidate,,0,Core Command Center,Yes,No,,,1,The Core Command Center,1,1,1,0,1
candidate::name:cornell research program,name:cornell research program,Cornell Research Program,candidate,,0,Cornell Research Program,Yes,No,,,1,Cornell Research Program,1,1,0,1,1
candidate::name:country,name:country,COUNTRY,candidate,,0,COUNTRY,Yes,No,,,1,COUNTRY,1,1,0,1,1
candidate::name:county health department,name:county health department,County Health Department,candidate,,0,County Health Department,Yes,No,,,1,County Health Department,1,1,1,0,1
candidate::name:cover-up fund,name:cover-up fund,Cover-Up Fund,candidate,,0,Cover-Up Fund,Yes,No,,,1,Cover-Up Fund,1,1,0,1,1
candidate::name:cover-up services,name:cover-up services,Cover-Up Services,candidate,,0,Cover-Up Services,Yes,No,,,1,Cover-Up Services,1,1,0,1,1
candidate::name:cpsc,name:cpsc,CPSC,candidate,,0,CPSC,Yes,No,,,1,CPSC,1,1,1,0,1
candidate::name:cran,name:cran,CRAN,candidate,,0,CRAN,Yes,No,,,1,CRAN,1,1,1,0,1
candidate::name:cravings hotline,name:cravings hotline,Cravings Hotline,candidate,,0,Cravings Hotline,Yes,No,,,1,Cravings Hotline,1,1,1,0,1
candidate::name:crazy,name:crazy,CRAZY,candidate,,0,CRAZY,Yes,No,,,1,CRAZY,1,1,1,0,1
candidate::name:creative center,name:creative center,Creative Center,candidate,,0,Creative Center,Yes,No,,,1,Creative Center,1,1,0,1,1
candidate::name:credit union,name:credit union,Credit Union,candidate,,0,Credit Union,Yes,No,,,1,Credit Union,1,1,1,0,1
candidate::name:crime stoppers,name:crime stoppers,Crime Stoppers,candidate,,0,Crime Stoppers,Yes,No,,,1,Crime Stoppers at,1,1,1,0,1
candidate::name:criminal injuries compensation authority,name:criminal injuries compensation authority,Criminal Injuries Compensation Authority,candidate,,0,Criminal Injuries Compensation Authority,Yes,No,,,1,Criminal Injuries Compensation Authority,1,1,1,0,1
candidate::name:crisis chat,name:crisis chat,Crisis Chat,candidate,,0,Crisis Chat,Yes,No,,,1,Crisis Chat at,1,1,1,0,1
candidate::name:crisis lines and text services,name:crisis lines and text services,Crisis Lines and Text Services,candidate,,0,Crisis Lines and Text Services,Yes,No,,,1,Crisis Lines and Text Services,1,1,1,0,1
candidate::name:crn,name:crn,CRN,candidate,,0,CRN,Yes,No,,,1,CRN,1,1,1,0,1
candidate::name:crosman,name:crosman,Crosman,candidate,,0,Crosman,Yes,No,,,1,Crosman,1,1,1,0,1
candidate::name:crosman pumpmaster,name:crosman pumpmaster,Crosman Pumpmaster,candidate,,0,Crosman Pumpmaster,Yes,No,,,1,Crosman Pumpmaster,2,1,0,1,1
candidate::name:crossing the digital,name:crossing the digital,Crossing the Digital,candidate,,0,Crossing the Digital,Yes,No,,,1,Crossing the Digital Line,1,1,1,0,1
candidate::name:crucial information for emergency services,name:crucial information for emergency services,Crucial Information for Emergency Services,candidate,,0,Crucial Information for Emergency Services,Yes,No,,,1,Crucial Information for Emergency Services,1,1,1,0,1
candidate::name:cryptocurrency tumbler services,name:cryptocurrency tumbler services,Cryptocurrency Tumbler Services,candidate,,0,Cryptocurrency Tumbler Services,Yes,No,,,1,Cryptocurrency Tumbler Services,1,1,0,1,1
candidate::name:csae,name:csae,CSAE,candidate,,0,CSAE,Yes,No,,,1,CSAE,1,1,1,0,1
candidate::name:cst,name:cst,CST,candidate,,0,CST,Yes,No,,,1,CST,1,1,1,0,1
candidate::name:cta,name:cta,CTA,candidate,,0,CTA,Yes,No,,,1,CTA,1,1,0,1,1
candidate::name:ctia,name:ctia,CTIA,candidate,,0,CTIA,Yes,No,,,1,CTIA,1,1,1,0,1
"candidate::name:cultural and social pressure
society","name:cultural and social pressure
society","Cultural and Social Pressure
Society",candidate,,0,"Cultural and Social Pressure
Society",Yes,No,,,1,Cultural and Social Pressure Society,1,1,1,0,1
candidate::name:customer service,name:customer service,Customer Service,candidate,,0,Customer Service,Yes,No,,,1,Customer Service,1,1,0,1,1
candidate::name:cut the,name:cut the,Cut the,candidate,,0,Cut the,Yes,No,,,1,Cut the Line,1,1,0,1,1
candidate::name:cvc,name:cvc,CVC,candidate,,0,CVC,Yes,No,,,1,CVC,1,1,1,0,1
candidate::name:cvrc,name:cvrc,CVRC,candidate,,0,CVRC,Yes,No,,,1,CVRC,1,1,1,0,1
candidate::name:cyber civil rights initiative helpline,name:cyber civil rights initiative helpline,Cyber Civil Rights Initiative Helpline,candidate,,0,Cyber Civil Rights Initiative Helpline,Yes,No,,,1,Cyber Civil Rights Initiative Helpline,1,1,1,0,1
candidate::name:cyber crime helpline,name:cyber crime helpline,Cyber Crime Helpline,candidate,,0,Cyber Crime Helpline,Yes,No,,,1,Cyber Crime Helpline,1,1,1,0,1
candidate::name:cyber safety helpline,name:cyber safety helpline,Cyber Safety Helpline,candidate,,0,Cyber Safety Helpline,Yes,No,,,1,Cyber Safety Helpline,1,1,1,0,1
candidate::name:cyberbullying helpline,name:cyberbullying helpline,Cyberbullying Helpline,candidate,,0,Cyberbullying Helpline,Yes,No,,,1,Cyberbullying Helpline,1,1,1,0,1
candidate::name:cybercivilrights initiative,name:cybercivilrights initiative,CyberCivilRights Initiative,candidate,,0,CyberCivilRights Initiative,Yes,No,,,1,CyberCivilRights Initiative,1,1,1,0,1
candidate::name:cyberfraud centre,name:cyberfraud centre,CyberFraud Centre,candidate,,0,CyberFraud Centre,Yes,No,,,1,CyberFraud Centre,1,1,1,0,1
candidate::name:cyberstalking research center,name:cyberstalking research center,Cyberstalking Research Center,candidate,,0,Cyberstalking Research Center,Yes,No,,,1,Cyberstalking Research Center,1,1,1,0,1
candidate::name:d&d,name:d&d,D&D,candidate,,0,D&D,Yes,No,,,1,D&D,1,1,1,0,1
candidate::name:d-sh,name:d-sh,D-SH,candidate,,0,D-SH,Yes,No,,,1,D-SH,1,1,1,0,1
candidate::name:date,name:date,DATE,candidate,,0,DATE,Yes,No,,,1,DATE,1,1,1,0,1
candidate::name:day,name:day,DAY,candidate,,0,DAY,Yes,No,,,1,DAY,1,1,0,1,1
candidate::name:dear trust,name:dear trust,Dear Trust,candidate,,0,Dear Trust,Yes,No,,,1,Dear Trust,1,1,1,0,1
candidate::name:death of trust,name:death of trust,Death of Trust,candidate,,0,Death of Trust,Yes,No,,,1,Death of Trust,1,1,1,0,1
candidate::name:dedicated abuse hotline,name:dedicated abuse hotline,Dedicated Abuse Hotline,candidate,,0,Dedicated Abuse Hotline,Yes,No,,,1,Dedicated Abuse Hotline,1,1,1,0,1
candidate::name:dedicated young adult,name:dedicated young adult,Dedicated Young Adult,candidate,,0,Dedicated Young Adult,Yes,No,,,1,Dedicated Young Adult Line,1,1,1,0,1
candidate::name:dedicated youth support services,name:dedicated youth support services,Dedicated Youth Support Services,candidate,,0,Dedicated Youth Support Services,Yes,No,,,1,Dedicated Youth Support Services,1,1,1,0,1
candidate::name:defender association,name:defender association,Defender Association,candidate,,0,Defender Association,Yes,No,,,1,Defender Association,1,1,1,0,1
candidate::name:defiance of authority,name:defiance of authority,Defiance of Authority,candidate,,0,Defiance of Authority,Yes,No,,,1,Defiance of Authority,1,1,0,1,1
candidate::name:delivery services,name:delivery services,Delivery Services,candidate,,0,Delivery Services,Yes,No,,,1,Delivery Services,1,1,1,0,1
candidate::name:demand service,name:demand service,Demand Service,candidate,,0,Demand Service,Yes,No,,,1,Demand Service,1,1,0,1,1
candidate::name:department of children and family services,name:department of children and family services,Department of Children and Family Services,candidate,,0,Department of Children and Family Services,Yes,No,,,1,Department of Children and Family Services,1,1,1,0,1
candidate::name:department of health and human services,name:department of health and human services,Department of Health and Human Services,candidate,,0,Department of Health and Human Services,Yes,No,,,1,Department of Health and Human Services,1,1,1,0,1
candidate::name:department of human services,name:department of human services,Department of Human Services,candidate,,0,Department of Human Services,Yes,No,,,1,Department of Human Services,1,1,1,0,1
candidate::name:depression and bipolar support alliance,name:depression and bipolar support alliance,Depression and Bipolar Support Alliance,candidate,,0,Depression and Bipolar Support Alliance,Yes,No,,,1,The Depression and Bipolar Support Alliance,1,1,1,0,1
candidate::name:depression association,name:depression association,Depression Association,candidate,,0,Depression Association,Yes,No,,,1,Depression Association,1,1,1,0,1
candidate::name:dermatology and american cancer society,name:dermatology and american cancer society,Dermatology and American Cancer Society,candidate,,0,Dermatology and American Cancer Society,Yes,No,,,1,of Dermatology and American Cancer Society,1,1,0,1,1
candidate::name:dermatology and the skin cancer foundation,name:dermatology and the skin cancer foundation,Dermatology and the Skin Cancer Foundation,candidate,,0,Dermatology and the Skin Cancer Foundation,Yes,No,,,1,Dermatology and the Skin Cancer Foundation,1,1,0,1,1
candidate::name:designated authority,name:designated authority,Designated Authority,candidate,,0,Designated Authority,Yes,No,,,1,The Designated Authority,1,1,1,0,1
candidate::name:designated trust,name:designated trust,Designated Trust,candidate,,0,Designated Trust,Yes,No,,,1,Designated Trust,1,1,1,0,1
candidate::name:detectives and forensic identification services,name:detectives and forensic identification services,Detectives and Forensic Identification Services,candidate,,0,Detectives and Forensic Identification Services,Yes,No,,,1,Detectives and Forensic Identification Services,1,1,1,0,1
candidate::name:detoxification center,name:detoxification center,Detoxification Center,candidate,,0,Detoxification Center,Yes,No,,,1,A Detoxification Center,1,1,1,0,1
candidate::name:developing agency,name:developing agency,Developing Agency,candidate,,0,Developing Agency,Yes,No,,,1,Developing Agency,1,1,1,0,1
candidate::name:dfw,name:dfw,DFW,candidate,,0,DFW,Yes,No,,,1,DFW,1,1,1,0,1
candidate::name:dhhs,name:dhhs,DHHS,candidate,,0,DHHS,Yes,No,,,1,DHHS,1,1,1,0,1
candidate::name:didi hirsch mental health services,name:didi hirsch mental health services,Didi Hirsch Mental Health Services,candidate,,0,Didi Hirsch Mental Health Services,Yes,No,,,1,Didi Hirsch Mental Health Services,1,1,1,0,1
candidate::name:dietitian hotline,name:dietitian hotline,Dietitian Hotline,candidate,,0,Dietitian Hotline,Yes,No,,,1,Dietitian Hotline,1,1,1,0,1
candidate::name:digital afterlife services,name:digital afterlife services,Digital Afterlife Services,candidate,,0,Digital Afterlife Services,Yes,No,,,1,Digital Afterlife Services,1,1,1,0,1
candidate::name:digital clean-up services,name:digital clean-up services,Digital Clean-up Services,candidate,,0,Digital Clean-up Services,Yes,No,,,1,Digital Clean-up Services,1,1,1,0,1
candidate::name:digital media law project,name:digital media law project,Digital Media Law Project,candidate,,0,Digital Media Law Project,Yes,No,,,1,Digital Media Law Project,1,1,1,0,1
candidate::name:direct,name:direct,Direct,candidate,,0,Direct,Yes,No,,,1,Direct Line,1,1,1,0,1
candidate::name:discord's trust,name:discord's trust,Discord's Trust,candidate,,0,Discord's Trust,Yes,No,,,1,Discord's Trust,1,1,1,0,1
candidate::name:discord’s trust,name:discord’s trust,Discord’s Trust,candidate,,0,Discord’s Trust,Yes,No,,,1,Discord’s Trust,1,1,1,0,1
candidate::name:disease control and prevention's nutrition hotline,name:disease control and prevention's nutrition hotline,Disease Control and Prevention's Nutrition Hotline,candidate,,0,Disease Control and Prevention's Nutrition Hotline,Yes,No,,,1,Disease Control and Prevention's Nutrition Hotline,1,1,1,0,1
candidate::name:distilled spirits council,name:distilled spirits council,Distilled Spirits Council,candidate,,0,Distilled Spirits Council,Yes,No,,,1,Distilled Spirits Council,1,1,1,0,1
candidate::name:dlc,name:dlc,DLC,candidate,,0,DLC,Yes,No,,,1,DLC,1,1,1,0,1
candidate::name:dmca takedown services,name:dmca takedown services,DMCA Takedown Services,candidate,,0,DMCA Takedown Services,Yes,No,,,1,DMCA Takedown Services,1,1,1,0,1
candidate::name:dmm,name:dmm,DMM,candidate,,0,DMM,Yes,No,,,1,DMM,1,1,1,0,1
candidate::name:dmt,name:dmt,DMT,candidate,,0,DMT,Yes,No,,,1,DMT,1,1,1,0,1
candidate::name:do project,name:do project,Do Project,candidate,,0,Do Project,Yes,No,,,1,Do Project,1,1,1,0,1
candidate::name:do the,name:do the,Do the,candidate,,0,Do the,Yes,No,,,1,Do the,1,1,1,0,1
candidate::name:domestic violence advocacy center,name:domestic violence advocacy center,Domestic Violence Advocacy Center,candidate,,0,Domestic Violence Advocacy Center,Yes,No,,,1,Domestic Violence Advocacy Center,1,1,1,0,1
candidate::name:don't trust,name:don't trust,Don't Trust,candidate,,0,Don't Trust,Yes,No,,,1,Don't Trust,1,1,1,0,1
candidate::name:done,name:done,DONE,candidate,,0,DONE,Yes,No,,,1,DONE,1,1,1,0,1
candidate::name:don’t trust,name:don’t trust,Don’t Trust,candidate,,0,Don’t Trust,Yes,No,,,1,Don’t Trust,1,1,1,0,1
candidate::name:dot,name:dot,DOT,candidate,,0,DOT,Yes,No,,,1,DOT,1,1,1,0,1
candidate::name:draft,name:draft,DRAFT,candidate,,0,DRAFT,Yes,No,,,1,DRAFT,1,1,1,0,1
candidate::name:draw,name:draw,DRAW,candidate,,0,DRAW,Yes,No,,,1,DRAW,1,1,1,0,1
candidate::name:drinker,name:drinker,DRINKER,candidate,,0,DRINKER,Yes,No,,,1,DRINKER,1,1,1,0,1
candidate::name:drug,name:drug,DRUG,candidate,,0,DRUG,Yes,No,,,1,DRUG,1,1,1,0,1
candidate::name:drug and alcohol helpline,name:drug and alcohol helpline,Drug and Alcohol Helpline,candidate,,0,Drug and Alcohol Helpline,Yes,No,,,1,Drug and Alcohol Helpline,1,1,1,0,1
candidate::name:drug policy alliance,name:drug policy alliance,Drug Policy Alliance,candidate,,0,Drug Policy Alliance,Yes,No,,,1,the Drug Policy Alliance,1,1,1,0,1
candidate::name:dun,name:dun,DUN,candidate,,0,DUN,Yes,No,,,1,DUN,2,1,0,1,1
candidate::name:duuun,name:duuun,DUUUN,candidate,,0,DUUUN,Yes,No,,,1,DUUUN,1,1,0,1,1
candidate::name:dv hotline,name:dv hotline,DV Hotline,candidate,,0,DV Hotline,Yes,No,,,1,DV Hotline,1,1,1,0,1
candidate::name:dvro,name:dvro,DVRO,candidate,,0,DVRO,Yes,No,,,1,DVRO,1,1,1,0,1
candidate::name:dxa,name:dxa,DXA,candidate,,0,DXA,Yes,No,,,1,DXA,1,1,1,0,1
candidate::name:eas,name:eas,EAS,candidate,,0,EAS,Yes,No,,,1,EAS,1,1,1,0,1
candidate::name:eass,name:eass,EASS,candidate,,0,EASS,Yes,No,,,1,EASS,1,1,1,0,1
candidate::name:easy project,name:easy project,Easy Project,candidate,,0,Easy Project,Yes,No,,,1,Easy Project,1,1,1,0,1
candidate::name:eat,name:eat,EAT,candidate,,0,EAT,Yes,No,,,1,EAT,1,1,1,0,1
candidate::name:eating disorder foundation,name:eating disorder foundation,Eating Disorder Foundation,candidate,,0,Eating Disorder Foundation,Yes,No,,,1,Eating Disorder Foundation,1,1,1,0,1
candidate::name:eating disorder intake network,name:eating disorder intake network,Eating Disorder Intake Network,candidate,,0,Eating Disorder Intake Network,Yes,No,,,1,Eating Disorder Intake Network,1,1,1,0,1
candidate::name:eating disorder treatment center,name:eating disorder treatment center,Eating Disorder Treatment Center,candidate,,0,Eating Disorder Treatment Center,Yes,No,,,1,Eating Disorder Treatment Center,1,1,1,0,1
candidate::name:eating disorders association,name:eating disorders association,Eating Disorders Association,candidate,,0,Eating Disorders Association,Yes,No,,,1,Eating Disorders Association,1,1,1,0,1
candidate::name:eating disorders information network,name:eating disorders information network,Eating Disorders Information Network,candidate,,0,Eating Disorders Information Network,Yes,No,,,1,Eating Disorders Information Network,1,1,1,0,1
candidate::name:eating disorders resource center,name:eating disorders resource center,Eating Disorders Resource Center,candidate,,0,Eating Disorders Resource Center,Yes,No,,,1,The Eating Disorders Resource Center,1,1,1,0,1
candidate::name:eating recovery foundation,name:eating recovery foundation,Eating Recovery Foundation,candidate,,0,Eating Recovery Foundation,Yes,No,,,1,Eating Recovery Foundation,1,1,1,0,1
candidate::name:ebt,name:ebt,EBT,candidate,,0,EBT,Yes,No,,,1,EBT,1,1,1,0,1
candidate::name:eda,name:eda,EDA,candidate,,0,EDA,Yes,No,,,1,EDA,1,1,1,0,1
candidate::name:edi,name:edi,EDI,candidate,,0,EDI,Yes,No,,,1,EDI,1,1,1,0,1
candidate::name:edrc,name:edrc,EDRC,candidate,,0,EDRC,Yes,No,,,1,EDRC,1,1,1,0,1
candidate::name:eeo,name:eeo,EEO,candidate,,0,EEO,Yes,No,,,1,EEO,1,1,1,0,1
candidate::name:egg,name:egg,EGG,candidate,,0,EGG,Yes,No,,,1,EGG,1,1,1,0,1
"candidate::name:ego and performance anxiety
society","name:ego and performance anxiety
society","Ego and Performance Anxiety
Society",candidate,,0,"Ego and Performance Anxiety
Society",Yes,No,,,1,Ego and Performance Anxiety Society,1,1,1,0,1
candidate::name:elderly,name:elderly,ELDERLY,candidate,,0,ELDERLY,Yes,No,,,1,ELDERLY,1,1,0,1,1
candidate::name:elsewhere,name:elsewhere,Elsewhere,candidate,,0,Elsewhere,Yes,No,,,1,Elsewhere:,1,1,1,0,1
candidate::name:email archiving services,name:email archiving services,Email Archiving Services,candidate,,0,Email Archiving Services,Yes,No,,,1,Email Archiving Services,1,1,1,0,1
candidate::name:email the abuse department,name:email the abuse department,Email the Abuse Department,candidate,,0,Email the Abuse Department,Yes,No,,,1,Email the Abuse Department,1,1,1,0,1
candidate::name:emotional center,name:emotional center,Emotional Center,candidate,,0,Emotional Center,Yes,No,,,1,The Emotional Center,1,1,1,0,1
candidate::name:emotional safety and trust,name:emotional safety and trust,Emotional Safety and Trust,candidate,,0,Emotional Safety and Trust,Yes,No,,,1,Emotional Safety and Trust,1,1,1,0,1
"candidate::name:emotions aren't always logical
society","name:emotions aren't always logical
society","Emotions Aren't Always Logical
Society",candidate,,0,"Emotions Aren't Always Logical
Society",Yes,No,,,1,Emotions Aren't Always Logical Society,1,1,1,0,1
candidate::name:empowerment and agency,name:empowerment and agency,Empowerment and Agency,candidate,,0,Empowerment and Agency,Yes,No,,,1,Empowerment and Agency,1,1,0,1,1
candidate::name:emtala,name:emtala,EMTALA,candidate,,0,EMTALA,Yes,No,,,1,EMTALA,1,1,1,0,1
candidate::name:end addiction helpline,name:end addiction helpline,End Addiction Helpline,candidate,,0,End Addiction Helpline,Yes,No,,,1,End Addiction Helpline,1,1,1,0,1
candidate::name:ending violence association,name:ending violence association,Ending Violence Association,candidate,,0,Ending Violence Association,Yes,No,,,1,Ending Violence Association,1,1,1,0,1
candidate::name:endurance art project,name:endurance art project,Endurance Art Project,candidate,,0,Endurance Art Project,Yes,No,,,1,The Endurance Art Project,1,1,0,1,1
candidate::name:engineering project,name:engineering project,Engineering Project,candidate,,0,Engineering Project,Yes,No,,,1,Engineering Project,1,1,1,0,1
candidate::name:entry,name:entry,ENTRY,candidate,,0,ENTRY,Yes,No,,,1,ENTRY,1,1,0,1,1
candidate::name:epo,name:epo,EPO,candidate,,0,EPO,Yes,No,,,1,EPO,1,1,1,0,1
candidate::name:equal opportunity commission,name:equal opportunity commission,Equal Opportunity Commission,candidate,,0,Equal Opportunity Commission,Yes,No,,,1,Equal Opportunity Commission,1,1,1,0,1
candidate::name:eroding trust,name:eroding trust,Eroding Trust,candidate,,0,Eroding Trust,Yes,No,,,1,Eroding Trust,1,1,1,0,1
candidate::name:erosion of agency,name:erosion of agency,Erosion of Agency,candidate,,0,Erosion of Agency,Yes,No,,,1,The Erosion of Agency,1,1,1,0,1
candidate::name:establish clear family values around trust,name:establish clear family values around trust,Establish Clear Family Values Around Trust,candidate,,0,Establish Clear Family Values Around Trust,Yes,No,,,1,Establish Clear Family Values Around Trust,1,1,0,1,1
candidate::name:eu digital services,name:eu digital services,EU Digital Services,candidate,,0,EU Digital Services,Yes,No,,,1,EU Digital Services,1,1,1,0,1
candidate::name:eu fundamental rights agency,name:eu fundamental rights agency,EU Fundamental Rights Agency,candidate,,0,EU Fundamental Rights Agency,Yes,No,,,1,EU Fundamental Rights Agency,1,1,1,0,1
candidate::name:european tanning association,name:european tanning association,European Tanning Association,candidate,,0,European Tanning Association,Yes,No,,,1,European Tanning Association,1,1,0,1,1
candidate::name:ever,name:ever,EVER,candidate,,0,EVER,Yes,No,,,1,EVER,1,1,1,0,1
candidate::name:exact,name:exact,EXACT,candidate,,0,EXACT,Yes,No,,,1,EXACT,1,1,1,0,1
candidate::name:exact follow-up,name:exact follow-up,Exact Follow-Up,candidate,,0,Exact Follow-Up,Yes,No,,,1,The Exact Follow-Up Line,1,1,1,0,1
candidate::name:examples,name:examples,Examples,candidate,,0,Examples,Yes,No,,,1,Examples:,1,1,1,0,1
candidate::name:exclusivity,name:exclusivity,Exclusivity,candidate,,0,Exclusivity,Yes,No,,,1,Exclusivity Line,1,1,1,0,1
candidate::name:expected,name:expected,EXPECTED,candidate,,0,EXPECTED,Yes,No,,,1,EXPECTED,1,1,0,1,1
candidate::name:exploit customer service,name:exploit customer service,Exploit Customer Service,candidate,,0,Exploit Customer Service,Yes,No,,,1,Exploit Customer Service,1,1,0,1,1
candidate::name:external government agency,name:external government agency,External Government Agency,candidate,,0,External Government Agency,Yes,No,,,1,External Government Agency,1,1,1,0,1
candidate::name:extreme,name:extreme,EXTREME,candidate,,0,EXTREME,Yes,No,,,1,EXTREME,1,1,1,0,1
candidate::name:fac,name:fac,FAC,candidate,,0,FAC,Yes,No,,,1,FAC,1,1,0,1,1
candidate::name:facebook abuse center,name:facebook abuse center,Facebook Abuse Center,candidate,,0,Facebook Abuse Center,Yes,No,,,1,Facebook Abuse Center,1,1,1,0,1
candidate::name:facebook help center,name:facebook help center,Facebook Help Center,candidate,,0,Facebook Help Center,Yes,No,,,1,Facebook Help Center,1,1,1,0,1
candidate::name:facebook trust,name:facebook trust,Facebook Trust,candidate,,0,Facebook Trust,Yes,No,,,1,Facebook Trust,1,1,1,0,1
candidate::name:facebook's reporting center,name:facebook's reporting center,Facebook's Reporting Center,candidate,,0,Facebook's Reporting Center,Yes,No,,,1,Facebook's Reporting Center,1,1,1,0,1
candidate::name:fail,name:fail,FAIL,candidate,,0,FAIL,Yes,No,,,1,FAIL,1,1,0,1,1
candidate::name:family acceptance project,name:family acceptance project,Family Acceptance Project,candidate,,0,Family Acceptance Project,Yes,No,,,1,The Family Acceptance Project,1,1,1,0,1
candidate::name:family and sexual violence counselling service,name:family and sexual violence counselling service,Family and Sexual Violence Counselling Service,candidate,,0,Family and Sexual Violence Counselling Service,Yes,No,,,1,Family and Sexual Violence Counselling Service,1,1,1,0,1
candidate::name:family center,name:family center,Family Center,candidate,,0,Family Center,Yes,No,,,1,Family Center,1,1,1,0,1
candidate::name:family helpline,name:family helpline,Family Helpline,candidate,,0,Family Helpline,Yes,No,,,1,Family Helpline,1,1,0,1,1
candidate::name:family online safety institute,name:family online safety institute,Family Online Safety Institute,candidate,,0,Family Online Safety Institute,Yes,No,,,1,Family Online Safety Institute,1,1,0,1,1
candidate::name:family you trust,name:family you trust,Family You Trust,candidate,,0,Family You Trust,Yes,No,,,1,Family You Trust,1,1,1,0,1
candidate::name:fast,name:fast,FAST,candidate,,0,FAST,Yes,No,,,1,FAST,1,1,1,0,1
candidate::name:fda food information,name:fda food information,FDA Food Information,candidate,,0,FDA Food Information,Yes,No,,,1,FDA Food Information Line,1,1,1,0,1
"candidate::name:fear of judgment and shame
society","name:fear of judgment and shame
society","Fear of Judgment and Shame
Society",candidate,,0,"Fear of Judgment and Shame
Society",Yes,No,,,1,Fear of Judgment and Shame Society,1,1,1,0,1
"candidate::name:fear of judgment and stigma
society","name:fear of judgment and stigma
society","Fear of Judgment and Stigma
Society",candidate,,0,"Fear of Judgment and Stigma
Society",Yes,No,,,1,Fear of Judgment and Stigma Society,1,1,1,0,1
candidate::name:federal bureau,name:federal bureau,Federal Bureau,candidate,,0,Federal Bureau,Yes,No,,,1,the Federal Bureau,1,1,1,0,1
candidate::name:federal communications commission,name:federal communications commission,Federal Communications Commission,candidate,,0,Federal Communications Commission,Yes,No,,,1,Federal Communications Commission,1,1,1,0,1
candidate::name:fedup,name:fedup,FEDUP,candidate,,0,FEDUP,Yes,No,,,1,FEDUP,1,1,1,0,1
candidate::name:fesc,name:fesc,FESC,candidate,,0,FESC,Yes,No,,,1,FESC,1,1,1,0,1
"candidate::name:final thought
society","name:final thought
society","Final Thought
Society",candidate,,0,"Final Thought
Society",Yes,No,,,1,A Final Thought Society,1,1,1,0,1
candidate::name:find,name:find,FIND,candidate,,0,FIND,Yes,No,,,1,FIND,1,1,1,0,1
candidate::name:find mental health services,name:find mental health services,Find Mental Health Services,candidate,,0,Find Mental Health Services,Yes,No,,,1,Find Mental Health Services,1,1,1,0,1
candidate::name:fire department,name:fire department,Fire Department,candidate,,0,Fire Department,Yes,No,,,1,the Fire Department,1,1,1,0,1
candidate::name:fire department and emergency medical services,name:fire department and emergency medical services,Fire Department and Emergency Medical Services,candidate,,0,Fire Department and Emergency Medical Services,Yes,No,,,1,Fire Department and Emergency Medical Services,1,1,1,0,1
candidate::name:fis,name:fis,FIS,candidate,,0,FIS,Yes,No,,,1,FIS,1,1,1,0,1
candidate::name:fishing,name:fishing,Fishing,candidate,,0,Fishing,Yes,No,,,1,Fishing Line,1,1,1,0,1
candidate::name:fitness program,name:fitness program,Fitness Program,candidate,,0,Fitness Program,Yes,No,,,1,Fitness Program,1,1,1,0,1
candidate::name:floats,name:floats,FLOATS,candidate,,0,FLOATS,Yes,No,,,1,FLOATS,1,1,1,0,1
candidate::name:fluff,name:fluff,FLUFF,candidate,,0,FLUFF,Yes,No,,,1,FLUFF,1,1,1,0,1
candidate::name:focus on agency,name:focus on agency,Focus on Agency,candidate,,0,Focus on Agency,Yes,No,,,1,Focus on Agency,1,1,0,1,1
candidate::name:follow,name:follow,FOLLOW,candidate,,0,FOLLOW,Yes,No,,,1,FOLLOW,1,1,0,1,1
candidate::name:follow-up,name:follow-up,Follow-Up,candidate,,0,Follow-Up,Yes,No,,,1,The Follow-Up Line,1,1,1,0,1
candidate::name:ford,name:ford,FORD,candidate,,0,FORD,Yes,No,,,1,FORD,1,1,1,0,1
candidate::name:foreign,name:foreign,FOREIGN,candidate,,0,FOREIGN,Yes,No,,,1,FOREIGN,1,1,1,0,1
candidate::name:forensic services,name:forensic services,Forensic Services,candidate,,0,Forensic Services,Yes,No,,,1,and Forensic Services,1,1,1,0,1
candidate::name:formal terms of service,name:formal terms of service,Formal Terms of Service,candidate,,0,Formal Terms of Service,Yes,No,,,1,The Formal Terms of Service,1,1,1,0,1
candidate::name:fosta,name:fosta,FOSTA,candidate,,0,FOSTA,Yes,No,,,1,FOSTA,1,1,1,0,1
candidate::name:fpa,name:fpa,FPA,candidate,,0,FPA,Yes,No,,,1,FPA,1,1,1,0,1
candidate::name:fra,name:fra,FRA,candidate,,0,FRA,Yes,No,,,1,FRA,1,1,1,0,1
candidate::name:free ad-supported services,name:free ad-supported services,Free Ad-Supported Services,candidate,,0,Free Ad-Supported Services,Yes,No,,,1,Free Ad-Supported Services,1,1,0,1,1
candidate::name:free crisis helpline,name:free crisis helpline,Free Crisis Helpline,candidate,,0,Free Crisis Helpline,Yes,No,,,1,Free Crisis Helpline,1,1,1,0,1
candidate::name:free services,name:free services,Free Services,candidate,,0,Free Services,Yes,No,,,1,Free Services,1,1,1,0,1
candidate::name:free speech coalition,name:free speech coalition,Free Speech Coalition,candidate,,0,Free Speech Coalition,Yes,No,,,1,the Free Speech Coalition,1,1,0,1,1
candidate::name:freeze,name:freeze,FREEZE,candidate,,0,FREEZE,Yes,No,,,1,FREEZE,1,1,1,0,1
candidate::name:fried,name:fried,FRIED,candidate,,0,FRIED,Yes,No,,,1,FRIED,1,1,1,0,1
candidate::name:friends,name:friends,FRIENDS,candidate,,0,FRIENDS,Yes,No,,,1,FRIENDS,1,1,1,0,1
candidate::name:from,name:from,FROM,candidate,,0,FROM,Yes,No,,,1,FROM,1,1,1,0,1
candidate::name:fsa,name:fsa,FSA,candidate,,0,FSA,Yes,No,,,1,FSA,1,1,1,0,1
candidate::name:full service,name:full service,Full Service,candidate,,0,Full Service,Yes,No,,,1,Full Service,1,1,0,1,1
candidate::name:future tattoo fund,name:future tattoo fund,Future Tattoo Fund,candidate,,0,Future Tattoo Fund,Yes,No,,,1,Future Tattoo Fund,1,1,0,1,1
candidate::name:fyp,name:fyp,FYP,candidate,,0,FYP,Yes,No,,,1,FYP,1,1,1,0,1
candidate::name:game commission,name:game commission,Game Commission,candidate,,0,Game Commission,Yes,No,,,1,Game Commission,1,1,1,0,1
candidate::name:gaming commission,name:gaming commission,Gaming Commission,candidate,,0,Gaming Commission,Yes,No,,,1,Gaming Commission,1,1,1,0,1
candidate::name:gap,name:gap,GAP,candidate,,0,GAP,Yes,No,,,1,GAP,1,1,1,0,1
candidate::name:garden project,name:garden project,Garden Project,candidate,,0,Garden Project,Yes,No,,,1,Garden Project,1,1,1,0,1
candidate::name:gay and lesbian medical association,name:gay and lesbian medical association,Gay and Lesbian Medical Association,candidate,,0,Gay and Lesbian Medical Association,Yes,No,,,1,Gay and Lesbian Medical Association,1,1,1,0,1
candidate::name:gay-straight alliance,name:gay-straight alliance,Gay-Straight Alliance,candidate,,0,Gay-Straight Alliance,Yes,No,,,1,Gay-Straight Alliance,1,1,1,0,1
candidate::name:gdpr-k,name:gdpr-k,GDPR-K,candidate,,0,GDPR-K,Yes,No,,,1,GDPR-K,1,1,1,0,1
candidate::name:ged,name:ged,GED,candidate,,0,GED,Yes,No,,,1,GED,1,1,1,0,1
"candidate::name:gender
society","name:gender
society","Gender
Society",candidate,,0,"Gender
Society",Yes,No,,,1,Gender Society,1,1,1,0,1
candidate::name:getting,name:getting,GETTING,candidate,,0,GETTING,Yes,No,,,1,GETTING,1,1,1,0,1
candidate::name:give,name:give,GIVE,candidate,,0,GIVE,Yes,No,,,1,GIVE,1,1,0,1,1
candidate::name:glad,name:glad,GLAD,candidate,,0,GLAD,Yes,No,,,1,GLAD,1,1,1,0,1
candidate::name:glma,name:glma,GLMA,candidate,,0,GLMA,Yes,No,,,1,GLMA,1,1,1,0,1
candidate::name:gog,name:gog,GOG,candidate,,0,GOG,Yes,No,,,1,GOG,1,1,1,0,1
candidate::name:google safety center,name:google safety center,Google Safety Center,candidate,,0,Google Safety Center,Yes,No,,,1,Google Safety Center,1,1,0,1,1
candidate::name:google search help center,name:google search help center,Google Search Help Center,candidate,,0,Google Search Help Center,Yes,No,,,1,Google Search Help Center,1,1,1,0,1
candidate::name:gooo,name:gooo,GOOO,candidate,,0,GOOO,Yes,No,,,1,GOOO,1,1,1,0,1
candidate::name:government hotline,name:government hotline,Government Hotline,candidate,,0,Government Hotline,Yes,No,,,1,Government Hotline,1,1,1,0,1
candidate::name:gpa,name:gpa,GPA,candidate,,0,GPA,Yes,No,,,1,GPA,1,1,1,0,1
candidate::name:gpu,name:gpu,GPU,candidate,,0,GPU,Yes,No,,,1,GPU,1,1,1,0,1
candidate::name:great,name:great,GREAT,candidate,,0,GREAT,Yes,No,,,1,GREAT,1,1,1,0,1
candidate::name:grocery delivery services,name:grocery delivery services,Grocery Delivery Services,candidate,,0,Grocery Delivery Services,Yes,No,,,1,Grocery Delivery Services,1,1,1,0,1
candidate::name:grown-up,name:grown-up,GROWN-UP,candidate,,0,GROWN-UP,Yes,No,,,1,GROWN-UP,1,1,1,0,1
candidate::name:grown-ups you trust,name:grown-ups you trust,Grown-Ups You Trust,candidate,,0,Grown-Ups You Trust,Yes,No,,,1,The Grown-Ups You Trust,1,1,1,0,1
candidate::name:growth project,name:growth project,Growth Project,candidate,,0,Growth Project,Yes,No,,,1,Growth Project,1,1,0,1,1
candidate::name:guardian,name:guardian,GUARDIAN,candidate,,0,GUARDIAN,Yes,No,,,1,GUARDIAN,1,1,1,0,1
candidate::name:guidance,name:guidance,GUIDANCE,candidate,,0,GUIDANCE,Yes,No,,,1,GUIDANCE,1,1,1,0,1
candidate::name:guide,name:guide,GUIDE,candidate,,0,GUIDE,Yes,No,,,1,GUIDE,1,1,0,1,1
candidate::name:h&n,name:h&n,H&N,candidate,,0,H&N,Yes,No,,,1,H&N,1,1,1,0,1
candidate::name:har,name:har,HAR,candidate,,0,HAR,Yes,No,,,1,HAR,1,1,1,0,1
candidate::name:harm reduction coalition,name:harm reduction coalition,Harm Reduction Coalition,candidate,,0,Harm Reduction Coalition,Yes,No,,,1,the Harm Reduction Coalition,1,1,1,0,1
candidate::name:haro,name:haro,HARO,candidate,,0,HARO,Yes,No,,,1,HARO,1,1,1,0,1
candidate::name:hate crime hotline,name:hate crime hotline,Hate Crime Hotline,candidate,,0,Hate Crime Hotline,Yes,No,,,1,Hate Crime Hotline,1,1,1,0,1
candidate::name:hate speech report center,name:hate speech report center,Hate Speech Report Center,candidate,,0,Hate Speech Report Center,Yes,No,,,1,Hate Speech Report Center,1,1,1,0,1
candidate::name:hdl,name:hdl,HDL,candidate,,0,HDL,Yes,No,,,1,HDL,1,1,1,0,1
candidate::name:head of department,name:head of department,Head of Department,candidate,,0,Head of Department,Yes,No,,,1,Head of Department,1,1,1,0,1
candidate::name:health and human services,name:health and human services,Health and Human Services,candidate,,0,Health and Human Services,Yes,No,,,1,of Health and Human Services,1,1,1,0,1
candidate::name:health department,name:health department,Health Department,candidate,,0,Health Department,Yes,No,,,1,Health Department,1,1,0,1,1
candidate::name:healthy eating advisory service,name:healthy eating advisory service,Healthy Eating Advisory Service,candidate,,0,Healthy Eating Advisory Service,Yes,No,,,1,Healthy Eating Advisory Service,1,1,1,0,1
candidate::name:healthy eating hotline,name:healthy eating hotline,Healthy Eating Hotline,candidate,,0,Healthy Eating Hotline,Yes,No,,,1,Healthy Eating Hotline,1,1,1,0,1
candidate::name:heartland alliance,name:heartland alliance,Heartland Alliance,candidate,,0,Heartland Alliance,Yes,No,,,1,Heartland Alliance,1,1,1,0,1
candidate::name:heartland wellness center,name:heartland wellness center,Heartland Wellness Center,candidate,,0,Heartland Wellness Center,Yes,No,,,1,Heartland Wellness Center,1,1,1,0,1
candidate::name:height,name:height,Height,candidate,,0,Height,Yes,No,,,1,Height:,1,1,1,0,1
candidate::name:helpline services,name:helpline services,Helpline Services,candidate,,0,Helpline Services,Yes,No,,,1,Helpline Services,1,1,1,0,1
candidate::name:hero,name:hero,HERO,candidate,,0,HERO,Yes,No,,,1,HERO,1,1,1,0,1
candidate::name:high,name:high,HIGH,candidate,,0,HIGH,Yes,No,,,1,HIGH,1,1,1,0,1
candidate::name:highest trust,name:highest trust,Highest Trust,candidate,,0,Highest Trust,Yes,No,,,1,Highest Trust,1,1,1,0,1
candidate::name:historical foundation,name:historical foundation,Historical Foundation,candidate,,0,Historical Foundation,Yes,No,,,1,The Historical Foundation,1,1,1,0,1
candidate::name:hiv project,name:hiv project,HIV Project,candidate,,0,HIV Project,Yes,No,,,1,HIV Project,1,1,1,0,1
candidate::name:honest,name:honest,HONEST,candidate,,0,HONEST,Yes,No,,,1,HONEST,1,1,1,0,1
"candidate::name:honesty and trust
trust","name:honesty and trust
trust","Honesty and Trust
Trust",candidate,,0,"Honesty and Trust
Trust",Yes,No,,,1,Honesty and Trust Trust,1,1,1,0,1
candidate::name:hook,name:hook,HOOK,candidate,,0,HOOK,Yes,No,,,1,HOOK,1,1,0,1,1
candidate::name:hosting service,name:hosting service,Hosting Service,candidate,,0,Hosting Service,Yes,No,,,1,Hosting Service,1,1,1,0,1
candidate::name:hour services,name:hour services,Hour Services,candidate,,0,Hour Services,Yes,No,,,1,Hour Services,1,1,1,0,1
candidate::name:hours,name:hours,HOURS,candidate,,0,HOURS,Yes,No,,,1,HOURS,1,1,0,1,1
candidate::name:housing authority,name:housing authority,Housing Authority,candidate,,0,Housing Authority,Yes,No,,,1,Housing Authority,1,1,1,0,1
candidate::name:housing resource assistance program,name:housing resource assistance program,Housing Resource Assistance Program,candidate,,0,Housing Resource Assistance Program,Yes,No,,,1,Housing Resource Assistance Program,1,1,1,0,1
candidate::name:hrap,name:hrap,HRAP,candidate,,0,HRAP,Yes,No,,,1,HRAP,1,1,1,0,1
candidate::name:hrsa health center,name:hrsa health center,HRSA Health Center,candidate,,0,HRSA Health Center,Yes,No,,,1,HRSA Health Center,1,1,0,1,1
candidate::name:hud,name:hud,HUD,candidate,,0,HUD,Yes,No,,,1,HUD,1,1,1,0,1
candidate::name:huge project,name:huge project,Huge Project,candidate,,0,Huge Project,Yes,No,,,1,Huge Project,1,1,1,0,1
candidate::name:human network,name:human network,Human Network,candidate,,0,Human Network,Yes,No,,,1,Human Network,1,1,1,0,1
candidate::name:human services agency,name:human services agency,Human Services Agency,candidate,,0,Human Services Agency,Yes,No,,,1,Human Services Agency,1,1,1,0,1
candidate::name:humanity,name:humanity,HUMANITY,candidate,,0,HUMANITY,Yes,No,,,1,HUMANITY,1,1,0,1,1
candidate::name:hungry,name:hungry,HUNGRY,candidate,,0,HUNGRY,Yes,No,,,1,HUNGRY,1,1,0,1,1
candidate::name:hunt,name:hunt,HUNT,candidate,,0,HUNT,Yes,No,,,1,HUNT,1,1,0,1,1
candidate::name:hurt,name:hurt,HURT,candidate,,0,HURT,Yes,No,,,1,HURT,1,1,0,1,1
candidate::name:hysa,name:hysa,HYSA,candidate,,0,HYSA,Yes,No,,,1,HYSA,1,1,1,0,1
candidate::name:i'm calling,name:i'm calling,I'M CALLING,candidate,,0,I'M CALLING,Yes,No,,,1,I'M CALLING,1,1,1,0,1
candidate::name:iaedp,name:iaedp,IAEDP,candidate,,0,IAEDP,Yes,No,,,1,IAEDP,1,1,1,0,1
candidate::name:iafis,name:iafis,IAFIS,candidate,,0,IAFIS,Yes,No,,,1,IAFIS,1,1,1,0,1
candidate::name:icac,name:icac,ICAC,candidate,,0,ICAC,Yes,No,,,1,ICAC,1,1,1,0,1
candidate::name:ice,name:ice,ICE,candidate,,0,ICE,Yes,No,,,1,ICE,2,1,1,0,1
candidate::name:icf,name:icf,ICF,candidate,,0,ICF,Yes,No,,,1,ICF,1,1,1,0,1
candidate::name:identify the right authority,name:identify the right authority,Identify the Right Authority,candidate,,0,Identify the Right Authority,Yes,No,,,1,Identify the Right Authority,1,1,1,0,1
candidate::name:ied,name:ied,IED,candidate,,0,IED,Yes,No,,,1,IED,1,1,1,0,1
candidate::name:iep,name:iep,IEP,candidate,,0,IEP,Yes,No,,,1,IEP,2,1,1,0,1
candidate::name:if emergency services,name:if emergency services,If Emergency Services,candidate,,0,If Emergency Services,Yes,No,,,1,If Emergency Services,1,1,1,0,1
candidate::name:ifttt,name:ifttt,IFTTT,candidate,,0,IFTTT,Yes,No,,,1,IFTTT,1,1,1,0,1
candidate::name:ignore terms of service,name:ignore terms of service,Ignore Terms of Service,candidate,,0,Ignore Terms of Service,Yes,No,,,1,Ignore Terms of Service,1,1,0,1,1
candidate::name:image removal services,name:image removal services,Image Removal Services,candidate,,0,Image Removal Services,Yes,No,,,1,Image Removal Services,1,1,1,0,1
candidate::name:imagine ai-generated,name:imagine ai-generated,Imagine AI-generated,candidate,,0,Imagine AI-generated,Yes,No,,,1,Imagine AI-generated,1,1,1,0,1
candidate::name:imax,name:imax,IMAX,candidate,,0,IMAX,Yes,No,,,1,IMAX,1,1,0,1,1
candidate::name:in canada,name:in canada,In Canada,candidate,,0,In Canada,Yes,No,,,1,In Canada:,1,1,1,0,1
candidate::name:in the,name:in the,In the,candidate,,0,In the,Yes,No,,,1,In the,1,1,1,0,1
candidate::name:in-group humor and agency,name:in-group humor and agency,In-Group Humor and Agency,candidate,,0,In-Group Humor and Agency,Yes,No,,,1,In-Group Humor and Agency,1,1,0,1,1
candidate::name:in-person authority,name:in-person authority,In-Person Authority,candidate,,0,In-Person Authority,Yes,No,,,1,The In-Person Authority,1,1,1,0,1
candidate::name:inach,name:inach,INACH,candidate,,0,INACH,Yes,No,,,1,INACH,1,1,1,0,1
candidate::name:inc,name:inc,INC,candidate,,0,INC,Yes,No,,,1,INC,1,1,1,0,1
candidate::name:individualized education program,name:individualized education program,Individualized Education Program,candidate,,0,Individualized Education Program,Yes,No,,,1,Individualized Education Program,1,1,1,0,1
candidate::name:indoor tanning association,name:indoor tanning association,Indoor Tanning Association,candidate,,0,Indoor Tanning Association,Yes,No,,,1,the Indoor Tanning Association,1,1,0,1,1
candidate::name:information and referral helpline,name:information and referral helpline,Information and Referral Helpline,candidate,,0,Information and Referral Helpline,Yes,No,,,1,Information and Referral Helpline,1,1,1,0,1
candidate::name:inside,name:inside,INSIDE,candidate,,0,INSIDE,Yes,No,,,1,INSIDE,1,1,1,0,1
candidate::name:instinctive,name:instinctive,Instinctive,candidate,,0,Instinctive,Yes,No,,,1,The Instinctive Line,1,1,1,0,1
candidate::name:intelligence services,name:intelligence services,Intelligence Services,candidate,,0,Intelligence Services,Yes,No,,,1,Intelligence Services,1,1,1,0,1
candidate::name:internal,name:internal,Internal,candidate,,0,Internal,Yes,No,,,1,The Internal Line,1,1,1,0,1
candidate::name:internal agency,name:internal agency,Internal Agency,candidate,,0,Internal Agency,Yes,No,,,1,Internal Agency,1,1,1,0,1
candidate::name:internal revenue service,name:internal revenue service,Internal Revenue Service,candidate,,0,Internal Revenue Service,Yes,No,,,1,Internal Revenue Service,1,1,1,0,1
candidate::name:international ocd foundation,name:international ocd foundation,International OCD Foundation,candidate,,0,International OCD Foundation,Yes,No,,,1,International OCD Foundation,1,1,1,0,1
candidate::name:international revenge porn helpline,name:international revenge porn helpline,International Revenge Porn Helpline,candidate,,0,International Revenge Porn Helpline,Yes,No,,,1,International Revenge Porn Helpline,1,1,1,0,1
candidate::name:internet crimes complaint center,name:internet crimes complaint center,Internet Crimes Complaint Center,candidate,,0,Internet Crimes Complaint Center,Yes,No,,,1,the Internet Crimes Complaint Center,1,1,1,0,1
candidate::name:interpol,name:interpol,INTERPOL,candidate,,0,INTERPOL,Yes,No,,,1,INTERPOL | INTERPOL at,2,1,1,0,1
candidate::name:intimacy and trust,name:intimacy and trust,Intimacy and Trust,candidate,,0,Intimacy and Trust,Yes,No,,,1,Intimacy and Trust,1,1,0,1,1
candidate::name:inuit hope for wellness help,name:inuit hope for wellness help,Inuit Hope for Wellness Help,candidate,,0,Inuit Hope for Wellness Help,Yes,No,,,1,Inuit Hope for Wellness Help Line,1,1,1,0,1
candidate::name:iocdf,name:iocdf,IOCDF,candidate,,0,IOCDF,Yes,No,,,1,IOCDF,1,1,1,0,1
candidate::name:iopc,name:iopc,IOPC,candidate,,0,IOPC,Yes,No,,,1,IOPC,1,1,1,0,1
candidate::name:ipl,name:ipl,IPL,candidate,,0,IPL,Yes,No,,,1,IPL,1,1,1,0,1
candidate::name:irb,name:irb,IRB,candidate,,0,IRB,Yes,No,,,1,IRB,1,1,1,0,1
candidate::name:irl,name:irl,IRL,candidate,,0,IRL,Yes,No,,,1,IRL,1,1,1,0,1
candidate::name:irs whistleblower program,name:irs whistleblower program,IRS Whistleblower Program,candidate,,0,IRS Whistleblower Program,Yes,No,,,1,IRS Whistleblower Program,1,1,1,0,1
candidate::name:it breaks trust,name:it breaks trust,It Breaks Trust,candidate,,0,It Breaks Trust,Yes,No,,,1,It Breaks Trust,1,1,1,0,1
candidate::name:it requires extreme trust,name:it requires extreme trust,It Requires Extreme Trust,candidate,,0,It Requires Extreme Trust,Yes,No,,,1,It Requires Extreme Trust,1,1,1,0,1
candidate::name:japan foundation,name:japan foundation,Japan Foundation,candidate,,0,Japan Foundation,Yes,No,,,1,Japan Foundation,1,1,1,0,1
candidate::name:jason,name:jason,JASON,candidate,,0,JASON,Yes,No,,,1,JASON,1,1,1,0,1
candidate::name:jed program,name:jed program,JED Program,candidate,,0,JED Program,Yes,No,,,1,The JED Program,1,1,1,0,1
candidate::name:jet programme,name:jet programme,JET Programme,candidate,,0,JET Programme,Yes,No,,,1,JET Programme,1,1,1,0,1
candidate::name:jewish family services,name:jewish family services,Jewish Family Services,candidate,,0,Jewish Family Services,Yes,No,,,1,Jewish Family Services,1,1,1,0,1
candidate::name:jira service,name:jira service,Jira Service,candidate,,0,Jira Service,Yes,No,,,1,Jira Service,1,1,1,0,1
candidate::name:job,name:job,JOB,candidate,,0,JOB,Yes,No,,,1,JOB,1,1,1,0,1
candidate::name:joeoss foundation,name:joeoss foundation,Joeoss Foundation,candidate,,0,Joeoss Foundation,Yes,No,,,1,Joeoss Foundation,1,1,0,1,1
candidate::name:jpeg,name:jpeg,JPEG,candidate,,0,JPEG,Yes,No,,,1,JPEG,1,1,1,0,1
candidate::name:jpg,name:jpg,JPG,candidate,,0,JPG,Yes,No,,,1,JPG,1,1,1,0,1
candidate::name:justice department,name:justice department,Justice Department,candidate,,0,Justice Department,Yes,No,,,1,Justice Department,1,1,1,0,1
"candidate::name:keeping confidences
trust","name:keeping confidences
trust","Keeping Confidences
Trust",candidate,,0,"Keeping Confidences
Trust",Yes,No,,,1,Keeping Confidences Trust,1,1,1,0,1
candidate::name:keg,name:keg,KEG,candidate,,0,KEG,Yes,No,,,1,KEG,1,1,0,1,1
candidate::name:kid's helpline,name:kid's helpline,Kid's Helpline,candidate,,0,Kid's Helpline,Yes,No,,,1,Kid's Helpline,1,1,1,0,1
candidate::name:kid-friendly helpline,name:kid-friendly helpline,Kid-Friendly Helpline,candidate,,0,Kid-Friendly Helpline,Yes,No,,,1,Kid-Friendly Helpline,1,1,1,0,1
candidate::name:kids' helpline,name:kids' helpline,Kids' Helpline,candidate,,0,Kids' Helpline,Yes,No,,,1,Kids' Helpline,1,1,1,0,1
candidate::name:kiki's delivery service,name:kiki's delivery service,Kiki's Delivery Service,candidate,,0,Kiki's Delivery Service,Yes,No,,,1,Kiki's Delivery Service,1,1,1,0,1
candidate::name:kinsey institute,name:kinsey institute,Kinsey Institute,candidate,,0,Kinsey Institute,Yes,No,,,1,Kinsey Institute,1,1,1,0,1
candidate::name:know how delivery services,name:know how delivery services,Know How Delivery Services,candidate,,0,Know How Delivery Services,Yes,No,,,1,Know How Delivery Services,1,1,0,1,1
candidate::name:know the emergency,name:know the emergency,Know the Emergency,candidate,,0,Know the Emergency,Yes,No,,,1,Know the Emergency Line,1,1,1,0,1
candidate::name:l-o-c-k,name:l-o-c-k,L-O-C-K,candidate,,0,L-O-C-K,Yes,No,,,1,L-O-C-K,1,1,1,0,1
candidate::name:la lgbt center,name:la lgbt center,LA LGBT Center,candidate,,0,LA LGBT Center,Yes,No,,,1,the LA LGBT Center,1,1,1,0,1
candidate::name:lack of agency,name:lack of agency,Lack of Agency,candidate,,0,Lack of Agency,Yes,No,,,1,Lack of Agency,1,1,1,0,1
candidate::name:lapd,name:lapd,LAPD,candidate,,0,LAPD,Yes,No,,,1,LAPD,1,1,1,0,1
candidate::name:lcbo,name:lcbo,LCBO,candidate,,0,LCBO,Yes,No,,,1,LCBO,1,1,1,0,1
candidate::name:leftover,name:leftover,LEFTOVER,candidate,,0,LEFTOVER,Yes,No,,,1,LEFTOVER,1,1,1,0,1
candidate::name:legal and future,name:legal and future,Legal and Future,candidate,,0,Legal and Future,Yes,No,,,1,The Legal and Future Line,1,1,1,0,1
candidate::name:legal and protective services,name:legal and protective services,Legal and Protective Services,candidate,,0,Legal and Protective Services,Yes,No,,,1,Legal and Protective Services,1,1,1,0,1
candidate::name:legal bottom,name:legal bottom,Legal Bottom,candidate,,0,Legal Bottom,Yes,No,,,1,The Legal Bottom Line,1,1,0,1,1
candidate::name:legal streaming services,name:legal streaming services,Legal Streaming Services,candidate,,0,Legal Streaming Services,Yes,No,,,1,Legal Streaming Services,1,1,1,0,1
candidate::name:legality,name:legality,Legality,candidate,,0,Legality,Yes,No,,,1,The Legality Line,1,1,1,0,1
candidate::name:legality and adult authority,name:legality and adult authority,Legality and Adult Authority,candidate,,0,Legality and Adult Authority,Yes,No,,,1,Legality and Adult Authority,1,1,1,0,1
candidate::name:let,name:let,LET,candidate,,0,LET,Yes,No,,,1,LET,1,1,1,0,1
candidate::name:leverage your existing network,name:leverage your existing network,Leverage Your Existing Network,candidate,,0,Leverage Your Existing Network,Yes,No,,,1,Leverage Your Existing Network,1,1,1,0,1
candidate::name:levi's,name:levi's,Levi's,candidate,,0,Levi's,Yes,No,,,1,Levi's,1,1,1,0,1
candidate::name:lgbqt,name:lgbqt,LGBQT,candidate,,0,LGBQT,Yes,No,,,1,LGBQT,1,1,1,0,1
candidate::name:lgbtiq,name:lgbtiq,LGBTIQ,candidate,,0,LGBTIQ,Yes,No,,,1,LGBTIQ,1,1,1,0,1
candidate::name:lgbtq national help center,name:lgbtq national help center,LGBTQ National Help Center,candidate,,0,LGBTQ National Help Center,Yes,No,,,1,The LGBTQ National Help Center,1,1,1,0,1
candidate::name:licensed delivery service,name:licensed delivery service,Licensed Delivery Service,candidate,,0,Licensed Delivery Service,Yes,No,,,1,Licensed Delivery Service,1,1,0,1,1
candidate::name:licensed service,name:licensed service,Licensed Service,candidate,,0,Licensed Service,Yes,No,,,1,Licensed Service,1,1,1,0,1
"candidate::name:lie
society","name:lie
society","Lie
Society",candidate,,0,"Lie
Society",Yes,No,,,1,Lie Society,1,1,1,0,1
candidate::name:life,name:life,LIFE,candidate,,0,LIFE,Yes,No,,,1,LIFE,1,1,1,0,1
candidate::name:like,name:like,LIKE,candidate,,0,LIKE,Yes,No,,,1,LIKE,1,1,1,0,1
candidate::name:limits,name:limits,LIMITS,candidate,,0,LIMITS,Yes,No,,,1,LIMITS,1,1,1,0,1
candidate::name:lines,name:lines,LINES,candidate,,0,LINES,Yes,No,,,1,LINES,1,1,1,0,1
candidate::name:link,name:link,LINK,candidate,,0,LINK,Yes,No,,,1,LINK,1,1,1,0,1
candidate::name:liss,name:liss,LISS,candidate,,0,LISS,Yes,No,,,1,LISS,1,1,1,0,1
candidate::name:llm,name:llm,LLM,candidate,,0,LLM,Yes,No,,,1,LLM,1,1,1,0,1
candidate::name:loc,name:loc,LOC,candidate,,0,LOC,Yes,No,,,1,LOC,1,1,1,0,1
candidate::name:local,name:local,LOCAL,candidate,,0,LOCAL,Yes,No,,,1,LOCAL,1,1,1,0,1
candidate::name:local community center,name:local community center,Local Community Center,candidate,,0,Local Community Center,Yes,No,,,1,Local Community Center,1,1,1,0,1
candidate::name:local crisis center,name:local crisis center,Local Crisis Center,candidate,,0,Local Crisis Center,Yes,No,,,1,Local Crisis Center,1,1,1,0,1
candidate::name:local cultural center,name:local cultural center,Local Cultural Center,candidate,,0,Local Cultural Center,Yes,No,,,1,Local Cultural Center,1,1,1,0,1
candidate::name:local emergency services,name:local emergency services,Local Emergency Services,candidate,,0,Local Emergency Services,Yes,No,,,1,Local Emergency Services,1,1,1,0,1
candidate::name:local fire department,name:local fire department,Local Fire Department,candidate,,0,Local Fire Department,Yes,No,,,1,Local Fire Department,1,1,0,1,1
candidate::name:local health department,name:local health department,Local Health Department,candidate,,0,Local Health Department,Yes,No,,,1,Local Health Department,1,1,1,0,1
candidate::name:local health services,name:local health services,Local Health Services,candidate,,0,Local Health Services,Yes,No,,,1,Local Health Services,1,1,1,0,1
candidate::name:local human rights commission,name:local human rights commission,Local Human Rights Commission,candidate,,0,Local Human Rights Commission,Yes,No,,,1,Local Human Rights Commission,1,1,1,0,1
candidate::name:local junior archery program,name:local junior archery program,Local Junior Archery Program,candidate,,0,Local Junior Archery Program,Yes,No,,,1,Local Junior Archery Program,1,1,1,0,1
candidate::name:local mental health services,name:local mental health services,Local Mental Health Services,candidate,,0,Local Mental Health Services,Yes,No,,,1,Local Mental Health Services,1,1,0,1,1
candidate::name:local police department,name:local police department,Local Police Department,candidate,,0,Local Police Department,Yes,No,,,1,Local Police Department,1,1,1,0,1
candidate::name:local police non-emergency,name:local police non-emergency,Local Police Non-Emergency,candidate,,0,Local Police Non-Emergency,Yes,No,,,1,Local Police Non-Emergency Line,1,1,1,0,1
candidate::name:local services,name:local services,Local Services,candidate,,0,Local Services,Yes,No,,,1,Local Services,1,1,1,0,1
candidate::name:local social services,name:local social services,Local Social Services,candidate,,0,Local Social Services,Yes,No,,,1,Local Social Services,1,1,1,0,1
candidate::name:local support services,name:local support services,Local Support Services,candidate,,0,Local Support Services,Yes,No,,,1,Local Support Services,1,1,1,0,1
candidate::name:local university cooperative extension services,name:local university cooperative extension services,Local University Cooperative Extension Services,candidate,,0,Local University Cooperative Extension Services,Yes,No,,,1,Local University Cooperative Extension Services,1,1,1,0,1
candidate::name:local youth services,name:local youth services,Local Youth Services,candidate,,0,Local Youth Services,Yes,No,,,1,Local Youth Services,1,1,1,0,1
candidate::name:lockbox,name:lockbox,LOCKBOX,candidate,,0,LOCKBOX,Yes,No,,,1,LOCKBOX,1,1,1,0,1
candidate::name:lol,name:lol,LOL,candidate,,0,LOL,Yes,No,,,1,LOL,2,1,0,1,1
candidate::name:long-term bottom,name:long-term bottom,Long-Term Bottom,candidate,,0,Long-Term Bottom,Yes,No,,,1,The Long-Term Bottom Line,1,1,1,0,1
candidate::name:lots,name:lots,LOTS,candidate,,0,LOTS,Yes,No,,,1,LOTS,1,1,1,0,1
candidate::name:low,name:low,LOW,candidate,,0,LOW,Yes,No,,,1,LOW,1,1,1,0,1
candidate::name:lpcc,name:lpcc,LPCC,candidate,,0,LPCC,Yes,No,,,1,LPCC,1,1,1,0,1
candidate::name:ltd,name:ltd,LTD,candidate,,0,LTD,Yes,No,,,1,LTD,1,1,0,1,1
candidate::name:ltl,name:ltl,LTL,candidate,,0,LTL,Yes,No,,,1,LTL,1,1,1,0,1
candidate::name:magic,name:magic,MAGIC,candidate,,0,MAGIC,Yes,No,,,1,MAGIC,1,1,1,0,1
candidate::name:main helpline,name:main helpline,Main Helpline,candidate,,0,Main Helpline,Yes,No,,,1,Main Helpline,1,1,1,0,1
candidate::name:mainstream streaming services,name:mainstream streaming services,Mainstream Streaming Services,candidate,,0,Mainstream Streaming Services,Yes,No,,,1,Mainstream Streaming Services,1,1,1,0,1
candidate::name:major trauma centre,name:major trauma centre,Major Trauma Centre,candidate,,0,Major Trauma Centre,Yes,No,,,1,Major Trauma Centre,1,1,1,0,1
candidate::name:managing streaming services,name:managing streaming services,Managing Streaming Services,candidate,,0,Managing Streaming Services,Yes,No,,,1,Managing Streaming Services,1,1,0,1,1
candidate::name:mandated,name:mandated,MANDATED,candidate,,0,MANDATED,Yes,No,,,1,MANDATED,1,1,1,0,1
candidate::name:mate,name:mate,MATE,candidate,,0,MATE,Yes,No,,,1,MATE,1,1,0,1,1
candidate::name:maxxim,name:maxxim,MAXXIM,candidate,,0,MAXXIM,Yes,No,,,1,MAXXIM,1,1,0,1,1
candidate::name:meal delivery service,name:meal delivery service,Meal Delivery Service,candidate,,0,Meal Delivery Service,Yes,No,,,1,The Meal Delivery Service,1,1,1,0,1
candidate::name:meal delivery services,name:meal delivery services,Meal Delivery Services,candidate,,0,Meal Delivery Services,Yes,No,,,1,Meal Delivery Services,1,1,1,0,1
candidate::name:meal kit service,name:meal kit service,Meal Kit Service,candidate,,0,Meal Kit Service,Yes,No,,,1,A Meal Kit Service,1,1,1,0,1
candidate::name:meal kit services,name:meal kit services,Meal Kit Services,candidate,,0,Meal Kit Services,Yes,No,,,1,Meal Kit Services,1,1,1,0,1
candidate::name:meal prep,name:meal prep,Meal Prep,candidate,,0,Meal Prep,Yes,No,,,1,Meal Prep,1,1,1,0,1
candidate::name:meal prep service,name:meal prep service,Meal Prep Service,candidate,,0,Meal Prep Service,Yes,No,,,1,A Meal Prep Service,1,1,1,0,1
candidate::name:media development authority,name:media development authority,Media Development Authority,candidate,,0,Media Development Authority,Yes,No,,,1,Media Development Authority,1,1,0,1,1
candidate::name:medical helpline,name:medical helpline,Medical Helpline,candidate,,0,Medical Helpline,Yes,No,,,1,A Medical Helpline,1,1,1,0,1
candidate::name:medical services,name:medical services,Medical Services,candidate,,0,Medical Services,Yes,No,,,1,Medical Services,1,1,1,0,1
candidate::name:mental health crisis,name:mental health crisis,Mental Health Crisis,candidate,,0,Mental Health Crisis,Yes,No,,,1,Mental Health Crisis Line,1,1,1,0,1
candidate::name:mental health crisis center,name:mental health crisis center,Mental Health Crisis Center,candidate,,0,Mental Health Crisis Center,Yes,No,,,1,Mental Health Crisis Center,1,1,0,1,1
candidate::name:mental health helpline,name:mental health helpline,Mental Health Helpline,candidate,,0,Mental Health Helpline,Yes,No,,,1,Mental Health Helpline,1,1,1,0,1
candidate::name:merchant services,name:merchant services,Merchant Services,candidate,,0,Merchant Services,Yes,No,,,1,Merchant Services,1,1,1,0,1
candidate::name:mermaids,name:mermaids,Mermaids,candidate,,0,Mermaids,Yes,No,,,1,Mermaids,1,1,1,0,1
candidate::name:mermaids helpline,name:mermaids helpline,Mermaids Helpline,candidate,,0,Mermaids Helpline,Yes,No,,,1,Mermaids Helpline,1,1,1,0,1
candidate::name:messes,name:messes,MESSES,candidate,,0,MESSES,Yes,No,,,1,MESSES,1,1,0,1,1
candidate::name:meta’s safety center,name:meta’s safety center,Meta’s Safety Center,candidate,,0,Meta’s Safety Center,Yes,No,,,1,Meta’s Safety Center,1,1,1,0,1
candidate::name:mha,name:mha,MHA,candidate,,0,MHA,Yes,No,,,1,MHA,1,1,1,0,1
candidate::name:mhg services,name:mhg services,MHG Services,candidate,,0,MHG Services,Yes,No,,,1,MHG Services,1,1,0,1,1
candidate::name:minimum viable project,name:minimum viable project,Minimum Viable Project,candidate,,0,Minimum Viable Project,Yes,No,,,1,Minimum Viable Project,1,1,1,0,1
candidate::name:minor consent for mental health services,name:minor consent for mental health services,Minor Consent for Mental Health Services,candidate,,0,Minor Consent for Mental Health Services,Yes,No,,,1,Minor Consent for Mental Health Services,1,1,1,0,1
candidate::name:mirror,name:mirror,MIRROR,candidate,,0,MIRROR,Yes,No,,,1,MIRROR,1,1,1,0,1
candidate::name:mlk,name:mlk,MLK,candidate,,0,MLK,Yes,No,,,1,MLK,1,1,1,0,1
candidate::name:mnr,name:mnr,MNR,candidate,,0,MNR,Yes,No,,,1,MNR,1,1,0,1,1
candidate::name:moderators and trust,name:moderators and trust,Moderators and Trust,candidate,,0,Moderators and Trust,Yes,No,,,1,Moderators and Trust,1,1,1,0,1
candidate::name:mom,name:mom,MOM,candidate,,0,MOM,Yes,No,,,1,MOM,1,1,0,1,1
candidate::name:monitoring services,name:monitoring services,Monitoring Services,candidate,,0,Monitoring Services,Yes,No,,,1,Monitoring Services,1,1,1,0,1
candidate::name:month emergency fund,name:month emergency fund,Month Emergency Fund,candidate,,0,Month Emergency Fund,Yes,No,,,1,Month Emergency Fund,1,1,1,0,1
candidate::name:months,name:months,Months,candidate,,0,Months,Yes,No,,,1,Months,1,1,1,0,1
candidate::name:mooooo,name:mooooo,MOOOOO,candidate,,0,MOOOOO,Yes,No,,,1,MOOOOO,1,1,1,0,1
candidate::name:moral agency,name:moral agency,Moral Agency,candidate,,0,Moral Agency,Yes,No,,,1,Moral Agency,1,1,1,0,1
candidate::name:moral and consent,name:moral and consent,Moral and Consent,candidate,,0,Moral and Consent,Yes,No,,,1,The Moral and Consent Line,1,1,1,0,1
candidate::name:moral and emotional,name:moral and emotional,Moral and Emotional,candidate,,0,Moral and Emotional,Yes,No,,,1,The Moral and Emotional Line,1,1,1,0,1
candidate::name:more,name:more,MORE,candidate,,0,MORE,Yes,No,,,1,MORE,1,1,1,0,1
candidate::name:mpa,name:mpa,MPA,candidate,,0,MPA,Yes,No,,,1,MPA,1,1,0,1,1
candidate::name:mpaa's,name:mpaa's,MPAA's,candidate,,0,MPAA's,Yes,No,,,1,MPAA's,1,1,0,1,1
candidate::name:msds,name:msds,MSDS,candidate,,0,MSDS,Yes,No,,,1,MSDS,1,1,1,0,1
candidate::name:mysterious invisible,name:mysterious invisible,Mysterious Invisible,candidate,,0,Mysterious Invisible,Yes,No,,,1,The Mysterious Invisible Line,1,1,0,1,1
candidate::name:naafa,name:naafa,NAAFA,candidate,,0,NAAFA,Yes,No,,,1,NAAFA,1,1,1,0,1
candidate::name:nacoa,name:nacoa,NACOA,candidate,,0,NACOA,Yes,No,,,1,NACOA,1,1,1,0,1
candidate::name:nada helpline,name:nada helpline,NADA Helpline,candidate,,0,NADA Helpline,Yes,No,,,1,NADA Helpline,1,1,0,1,1
candidate::name:name,name:name,NAME,candidate,,0,NAME,Yes,No,,,1,NAME,1,1,1,0,1
candidate::name:napaba,name:napaba,NAPABA,candidate,,0,NAPABA,Yes,No,,,1,NAPABA,1,1,1,0,1
candidate::name:nasp,name:nasp,NASP,candidate,,0,NASP,Yes,No,,,1,NASP,1,1,1,0,1
candidate::name:national alcohol beverage control association,name:national alcohol beverage control association,National Alcohol Beverage Control Association,candidate,,0,National Alcohol Beverage Control Association,Yes,No,,,1,National Alcohol Beverage Control Association,1,1,0,1,1
candidate::name:national alcohol helpline,name:national alcohol helpline,National Alcohol Helpline,candidate,,0,National Alcohol Helpline,Yes,No,,,1,The National Alcohol Helpline,1,1,1,0,1
candidate::name:national asian pacific american bar association,name:national asian pacific american bar association,National Asian Pacific American Bar Association,candidate,,0,National Asian Pacific American Bar Association,Yes,No,,,1,National Asian Pacific American Bar Association,1,1,1,0,1
candidate::name:national bullying helpline,name:national bullying helpline,National Bullying Helpline,candidate,,0,National Bullying Helpline,Yes,No,,,1,National Bullying Helpline,1,1,1,0,1
candidate::name:national dating abuse hotline,name:national dating abuse hotline,National Dating Abuse Hotline,candidate,,0,National Dating Abuse Hotline,Yes,No,,,1,the National Dating Abuse Hotline,1,1,1,0,1
candidate::name:national disability rights network,name:national disability rights network,National Disability Rights Network,candidate,,0,National Disability Rights Network,Yes,No,,,1,National Disability Rights Network,1,1,1,0,1
candidate::name:national eating disorders alliance,name:national eating disorders alliance,National Eating Disorders Alliance,candidate,,0,National Eating Disorders Alliance,Yes,No,,,1,National Eating Disorders Alliance,1,1,1,0,1
candidate::name:national fire protection association,name:national fire protection association,National Fire Protection Association,candidate,,0,National Fire Protection Association,Yes,No,,,1,National Fire Protection Association,1,1,1,0,1
candidate::name:national hate crime hotline,name:national hate crime hotline,National Hate Crime Hotline,candidate,,0,National Hate Crime Hotline,Yes,No,,,1,National Hate Crime Hotline,1,1,1,0,1
candidate::name:national help center,name:national help center,National Help Center,candidate,,0,National Help Center,Yes,No,,,1,National Help Center,1,1,1,0,1
candidate::name:national hotline,name:national hotline,National Hotline,candidate,,0,National Hotline,Yes,No,,,1,National Hotline,1,1,1,0,1
candidate::name:national network,name:national network,National Network,candidate,,0,National Network,Yes,No,,,1,National Network,1,1,1,0,1
candidate::name:national nutrition hotline,name:national nutrition hotline,National Nutrition Hotline,candidate,,0,National Nutrition Hotline,Yes,No,,,1,National Nutrition Hotline,1,1,1,0,1
candidate::name:national online safety hotline,name:national online safety hotline,National Online Safety Hotline,candidate,,0,National Online Safety Hotline,Yes,No,,,1,National Online Safety Hotline,1,1,1,0,1
candidate::name:national overdose response service,name:national overdose response service,National Overdose Response Service,candidate,,0,National Overdose Response Service,Yes,No,,,1,National Overdose Response Service,1,1,1,0,1
candidate::name:national queer and trans asian coalition,name:national queer and trans asian coalition,National Queer and Trans Asian Coalition,candidate,,0,National Queer and Trans Asian Coalition,Yes,No,,,1,National Queer and Trans Asian Coalition,1,1,1,0,1
candidate::name:national rifle association,name:national rifle association,National Rifle Association,candidate,,0,National Rifle Association,Yes,No,,,1,The National Rifle Association,1,1,0,1,1
candidate::name:national safety council,name:national safety council,National Safety Council,candidate,,0,National Safety Council,Yes,No,,,1,National Safety Council,1,1,0,1,1
candidate::name:national sex education coalition,name:national sex education coalition,National Sex Education Coalition,candidate,,0,National Sex Education Coalition,Yes,No,,,1,The National Sex Education Coalition,1,1,0,1,1
candidate::name:national stalking resource center,name:national stalking resource center,National Stalking Resource Center,candidate,,0,National Stalking Resource Center,Yes,No,,,1,National Stalking Resource Center,1,1,1,0,1
candidate::name:national suicide prevention helpline,name:national suicide prevention helpline,National Suicide Prevention Helpline,candidate,,0,National Suicide Prevention Helpline,Yes,No,,,1,National Suicide Prevention Helpline,1,1,1,0,1
candidate::name:national teen crisis,name:national teen crisis,National Teen Crisis,candidate,,0,National Teen Crisis,Yes,No,,,1,the National Teen Crisis Line,1,1,1,0,1
candidate::name:national teen dating helpline,name:national teen dating helpline,National Teen Dating Helpline,candidate,,0,National Teen Dating Helpline,Yes,No,,,1,National Teen Dating Helpline,1,1,1,0,1
candidate::name:national teen dating violence helpline,name:national teen dating violence helpline,National Teen Dating Violence Helpline,candidate,,0,National Teen Dating Violence Helpline,Yes,No,,,1,National Teen Dating Violence Helpline,1,1,1,0,1
candidate::name:national teen pregnancy hotline,name:national teen pregnancy hotline,National Teen Pregnancy Hotline,candidate,,0,National Teen Pregnancy Hotline,Yes,No,,,1,National Teen Pregnancy Hotline,1,1,0,1,1
candidate::name:national threat operations center,name:national threat operations center,National Threat Operations Center,candidate,,0,National Threat Operations Center,Yes,No,,,1,National Threat Operations Center,1,1,1,0,1
candidate::name:nationalably center,name:nationalably center,Nationalably Center,candidate,,0,Nationalably Center,Yes,No,,,1,The Nationalably Center,1,1,0,1,1
candidate::name:natural resources department,name:natural resources department,Natural Resources Department,candidate,,0,Natural Resources Department,Yes,No,,,1,Natural Resources Department,1,1,0,1,1
candidate::name:naturist society foundation,name:naturist society foundation,Naturist Society Foundation,candidate,,0,Naturist Society Foundation,Yes,No,,,1,The Naturist Society Foundation,1,1,1,0,1
candidate::name:ncadd hopeline,name:ncadd hopeline,NCADD HopeLine,candidate,,0,NCADD HopeLine,Yes,No,,,1,NCADD HopeLine,1,1,1,0,1
candidate::name:ncte,name:ncte,NCTE,candidate,,0,NCTE,Yes,No,,,1,NCTE,1,1,1,0,1
candidate::name:neat,name:neat,NEAT,candidate,,0,NEAT,Yes,No,,,1,NEAT,1,1,1,0,1
candidate::name:nedc,name:nedc,NEDC,candidate,,0,NEDC,Yes,No,,,1,NEDC,1,1,1,0,1
candidate::name:needed,name:needed,NEEDED,candidate,,0,NEEDED,Yes,No,,,1,NEEDED,1,1,0,1,1
candidate::name:neighbor you know and trust,name:neighbor you know and trust,Neighbor You Know and Trust,candidate,,0,Neighbor You Know and Trust,Yes,No,,,1,A Neighbor You Know and Trust,1,1,1,0,1
candidate::name:new,name:new,NEW,candidate,,0,NEW,Yes,No,,,1,NEW,1,1,1,0,1
candidate::name:new picket,name:new picket,New Picket,candidate,,0,New Picket,Yes,No,,,1,the New Picket Line,1,1,1,0,1
candidate::name:next,name:next,NEXT,candidate,,0,NEXT,Yes,No,,,1,NEXT,1,1,1,0,1
candidate::name:ngo,name:ngo,NGO,candidate,,0,NGO,Yes,No,,,1,NGO,1,1,1,0,1
candidate::name:ngt,name:ngt,NGT,candidate,,0,NGT,Yes,No,,,1,NGT,1,1,1,0,1
candidate::name:nhk,name:nhk,NHK,candidate,,0,NHK,Yes,No,,,1,NHK,1,1,1,0,1
candidate::name:niaaa,name:niaaa,NIAAA,candidate,,0,NIAAA,Yes,No,,,1,NIAAA,1,1,1,0,1
candidate::name:no hate crime hotline,name:no hate crime hotline,No Hate Crime Hotline,candidate,,0,No Hate Crime Hotline,Yes,No,,,1,No Hate Crime Hotline,1,1,1,0,1
candidate::name:no table service,name:no table service,No Table Service,candidate,,0,No Table Service,Yes,No,,,1,No Table Service,1,1,0,1,1
candidate::name:non-emergency medical,name:non-emergency medical,Non-Emergency Medical,candidate,,0,Non-Emergency Medical,Yes,No,,,1,Non-Emergency Medical Line,1,1,1,0,1
candidate::name:non-negotiable bottom,name:non-negotiable bottom,Non-Negotiable Bottom,candidate,,0,Non-Negotiable Bottom,Yes,No,,,1,The Non-Negotiable Bottom Line,1,1,1,0,1
candidate::name:none,name:none,NONE,candidate,,0,NONE,Yes,No,,,1,NONE,1,1,0,1,1
candidate::name:noooo,name:noooo,NOOOO,candidate,,0,NOOOO,Yes,No,,,1,NOOOO,1,1,0,1,1
candidate::name:normal,name:normal,NORMAL,candidate,,0,NORMAL,Yes,No,,,1,NORMAL,1,1,1,0,1
candidate::name:not blind trust,name:not blind trust,Not Blind Trust,candidate,,0,Not Blind Trust,Yes,No,,,1,Not Blind Trust,1,1,1,0,1
candidate::name:notarization service,name:notarization service,Notarization Service,candidate,,0,Notarization Service,Yes,No,,,1,Notarization Service,1,1,1,0,1
candidate::name:nqta,name:nqta,NQTA,candidate,,0,NQTA,Yes,No,,,1,NQTA,1,1,1,0,1
candidate::name:nric,name:nric,NRIC,candidate,,0,NRIC,Yes,No,,,1,NRIC,1,1,1,0,1
candidate::name:nrs,name:nrs,NRS,candidate,,0,NRS,Yes,No,,,1,NRS,1,1,1,0,1
candidate::name:nsvrc,name:nsvrc,NSVRC,candidate,,0,NSVRC,Yes,No,,,1,NSVRC,1,1,1,0,1
candidate::name:nutrition services,name:nutrition services,Nutrition Services,candidate,,0,Nutrition Services,Yes,No,,,1,Nutrition Services,1,1,1,0,1
candidate::name:nypd,name:nypd,NYPD,candidate,,0,NYPD,Yes,No,,,1,NYPD,1,1,1,0,1
candidate::name:nyt,name:nyt,NYT,candidate,,0,NYT,Yes,No,,,1,NYT,1,1,1,0,1
candidate::name:oag,name:oag,OAG,candidate,,0,OAG,Yes,No,,,1,OAG,1,1,1,0,1
candidate::name:ob-gyn,name:ob-gyn,OB-GYN,candidate,,0,OB-GYN,Yes,No,,,1,OB-GYN,1,1,1,0,1
candidate::name:odihr,name:odihr,ODIHR,candidate,,0,ODIHR,Yes,No,,,1,ODIHR,1,1,1,0,1
candidate::name:offering services,name:offering services,Offering Services,candidate,,0,Offering Services,Yes,No,,,1,Offering Services,1,1,1,0,1
candidate::name:official transcription service,name:official transcription service,Official Transcription Service,candidate,,0,Official Transcription Service,Yes,No,,,1,Official Transcription Service,1,1,1,0,1
candidate::name:oflc,name:oflc,OFLC,candidate,,0,OFLC,Yes,No,,,1,OFLC,1,1,1,0,1
candidate::name:okay,name:okay,OKAY,candidate,,0,OKAY,Yes,No,,,1,OKAY,1,1,1,0,1
candidate::name:on-call nurse,name:on-call nurse,On-call Nurse,candidate,,0,On-call Nurse,Yes,No,,,1,On-call Nurse Line,1,1,1,0,1
candidate::name:on-demand services,name:on-demand services,On-Demand Services,candidate,,0,On-Demand Services,Yes,No,,,1,On-Demand Services,1,1,1,0,1
candidate::name:one,name:one,One,candidate,,0,One,Yes,No,,,1,The One Line,1,1,1,0,1
candidate::name:online hotline,name:online hotline,Online Hotline,candidate,,0,Online Hotline,Yes,No,,,1,Online Hotline,1,1,1,0,1
candidate::name:online service,name:online service,Online Service,candidate,,0,Online Service,Yes,No,,,1,Online Service,1,1,1,0,1
candidate::name:ontario police commission,name:ontario police commission,Ontario Police Commission,candidate,,0,Ontario Police Commission,Yes,No,,,1,Ontario Police Commission,1,1,1,0,1
candidate::name:ooda,name:ooda,OODA,candidate,,0,OODA,Yes,No,,,1,OODA,2,1,1,0,1
candidate::name:open path collective,name:open path collective,Open Path Collective,candidate,,0,Open Path Collective,Yes,No,,,1,Open Path Collective:,1,1,1,0,1
candidate::name:open path psychotherapy collective,name:open path psychotherapy collective,Open Path Psychotherapy Collective,candidate,,0,Open Path Psychotherapy Collective,Yes,No,,,1,Open Path Psychotherapy Collective:,1,1,1,0,1
candidate::name:openai’s terms of service,name:openai’s terms of service,OpenAI’s Terms of Service,candidate,,0,OpenAI’s Terms of Service,Yes,No,,,1,OpenAI’s Terms of Service,1,1,0,1,1
candidate::name:orm,name:orm,ORM,candidate,,0,ORM,Yes,No,,,1,ORM,1,1,1,0,1
candidate::name:osce,name:osce,OSCE,candidate,,0,OSCE,Yes,No,,,1,OSCE,1,1,1,0,1
candidate::name:osint,name:osint,OSINT,candidate,,0,OSINT,Yes,No,,,1,OSINT,1,1,1,0,1
candidate::name:otp,name:otp,OTP,candidate,,0,OTP,Yes,No,,,1,OTP,1,1,1,0,1
candidate::name:out of the,name:out of the,Out of the,candidate,,0,Out of the,Yes,No,,,1,Out of the Line,1,1,1,0,1
candidate::name:outpatient mental health services,name:outpatient mental health services,Outpatient Mental Health Services,candidate,,0,Outpatient Mental Health Services,Yes,No,,,1,Outpatient Mental Health Services,1,1,1,0,1
candidate::name:outside,name:outside,OUTSIDE,candidate,,0,OUTSIDE,Yes,No,,,1,OUTSIDE,1,1,1,0,1
candidate::name:outside the home you can trust,name:outside the home you can trust,Outside the Home You Can Trust,candidate,,0,Outside the Home You Can Trust,Yes,No,,,1,Outside the Home You Can Trust,1,1,1,0,1
candidate::name:pa-c,name:pa-c,PA-C,candidate,,0,PA-C,Yes,No,,,1,PA-C,1,1,1,0,1
candidate::name:pace,name:pace,PACE,candidate,,0,PACE,Yes,No,,,1,PACE,1,1,1,0,1
candidate::name:pacer,name:pacer,PACER,candidate,,0,PACER,Yes,No,,,1,PACER,1,1,1,0,1
candidate::name:pacer's national bullying prevention center,name:pacer's national bullying prevention center,Pacer's National Bullying Prevention Center,candidate,,0,Pacer's National Bullying Prevention Center,Yes,No,,,1,Pacer's National Bullying Prevention Center,1,1,1,0,1
candidate::name:padi,name:padi,PADI,candidate,,0,PADI,Yes,No,,,1,PADI,1,1,1,0,1
candidate::name:pain,name:pain,PAIN,candidate,,0,PAIN,Yes,No,,,1,PAIN,1,1,0,1,1
candidate::name:pants,name:pants,PANTS,candidate,,0,PANTS,Yes,No,,,1,PANTS,1,1,1,0,1
candidate::name:parent,name:parent,PARENT,candidate,,0,PARENT,Yes,No,,,1,PARENT,1,1,1,0,1
candidate::name:parlor,name:parlor,PARLOR,candidate,,0,PARLOR,Yes,No,,,1,PARLOR,1,1,1,0,1
candidate::name:partial trust,name:partial trust,Partial Trust,candidate,,0,Partial Trust,Yes,No,,,1,Partial Trust,1,1,0,1,1
candidate::name:passed,name:passed,PASSED,candidate,,0,PASSED,Yes,No,,,1,PASSED,1,1,1,0,1
candidate::name:paste,name:paste,PASTE,candidate,,0,PASTE,Yes,No,,,1,PASTE,1,1,1,0,1
candidate::name:patient assistance program,name:patient assistance program,Patient Assistance Program,candidate,,0,Patient Assistance Program,Yes,No,,,1,Patient Assistance Program,1,1,0,1,1
candidate::name:pbs,name:pbs,PBS,candidate,,0,PBS,Yes,No,,,1,PBS,1,1,1,0,1
candidate::name:pcos,name:pcos,PCOS,candidate,,0,PCOS,Yes,No,,,1,PCOS,1,1,1,0,1
candidate::name:peer pressure,name:peer pressure,Peer Pressure,candidate,,0,Peer Pressure,Yes,No,,,1,The Peer Pressure Line,1,1,1,0,1
candidate::name:peer respite center,name:peer respite center,Peer Respite Center,candidate,,0,Peer Respite Center,Yes,No,,,1,Peer Respite Center,1,1,1,0,1
candidate::name:peer support hotline,name:peer support hotline,Peer Support Hotline,candidate,,0,Peer Support Hotline,Yes,No,,,1,A Peer Support Hotline,1,1,1,0,1
candidate::name:people around you you can trust,name:people around you you can trust,People Around You You Can Trust,candidate,,0,People Around You You Can Trust,Yes,No,,,1,People Around You You Can Trust,1,1,1,0,1
candidate::name:people you can trust,name:people you can trust,People You Can Trust,candidate,,0,People You Can Trust,Yes,No,,,1,People You Can Trust,1,1,1,0,1
candidate::name:pep,name:pep,PEP,candidate,,0,PEP,Yes,No,,,1,PEP,1,1,1,0,1
"candidate::name:perfection.

trust","name:perfection.

trust","Perfection.

Trust",candidate,,0,"Perfection.

Trust",Yes,No,,,1,Perfection. Trust,1,1,0,1,1
"candidate::name:performance anxiety and ego
society","name:performance anxiety and ego
society","Performance Anxiety and Ego
Society",candidate,,0,"Performance Anxiety and Ego
Society",Yes,No,,,1,Performance Anxiety and Ego Society,1,1,1,0,1
"candidate::name:performance anxiety and insecurity
society","name:performance anxiety and insecurity
society","Performance Anxiety and Insecurity
Society",candidate,,0,"Performance Anxiety and Insecurity
Society",Yes,No,,,1,Performance Anxiety and Insecurity Society,1,1,1,0,1
candidate::name:person,name:person,PERSON,candidate,,0,PERSON,Yes,No,,,1,PERSON,1,1,1,0,1
candidate::name:personal,name:personal,PERSONAL,candidate,,0,PERSONAL,Yes,No,,,1,PERSONAL,1,1,1,0,1
"candidate::name:perspective
society","name:perspective
society","Perspective
Society",candidate,,0,"Perspective
Society",Yes,No,,,1,Perspective Society,1,1,1,0,1
candidate::name:pestle,name:pestle,PESTLE,candidate,,0,PESTLE,Yes,No,,,1,PESTLE,1,1,1,0,1
candidate::name:pet,name:pet,PET,candidate,,0,PET,Yes,No,,,1,PET,1,1,1,0,1
candidate::name:pew research center,name:pew research center,Pew Research Center,candidate,,0,Pew Research Center,Yes,No,,,1,Pew Research Center,1,1,1,0,1
candidate::name:pfc,name:pfc,PFC,candidate,,0,PFC,Yes,No,,,1,PFC,1,1,1,0,1
candidate::name:physical foundation,name:physical foundation,Physical Foundation,candidate,,0,Physical Foundation,Yes,No,,,1,The Physical Foundation,1,1,1,0,1
candidate::name:physical harm,name:physical harm,Physical Harm,candidate,,0,Physical Harm,Yes,No,,,1,The Physical Harm Line,1,1,1,0,1
candidate::name:physical safety,name:physical safety,Physical Safety,candidate,,0,Physical Safety,Yes,No,,,1,The Physical Safety Line,1,1,1,0,1
candidate::name:pic,name:pic,PIC,candidate,,0,PIC,Yes,No,,,1,PIC,1,1,1,0,1
candidate::name:pills,name:pills,PILLS,candidate,,0,PILLS,Yes,No,,,1,PILLS,1,1,1,0,1
candidate::name:pipeda,name:pipeda,PIPEDA,candidate,,0,PIPEDA,Yes,No,,,1,PIPEDA,1,1,1,0,1
candidate::name:place,name:place,PLACE,candidate,,0,PLACE,Yes,No,,,1,PLACE,1,1,1,0,1
candidate::name:planned parenthood,name:planned parenthood,Planned Parenthood,candidate,,0,Planned Parenthood,Yes,No,,,1,Planned Parenthood at,1,1,0,1,1
candidate::name:platform moderation and terms of service,name:platform moderation and terms of service,Platform Moderation and Terms of Service,candidate,,0,Platform Moderation and Terms of Service,Yes,No,,,1,Platform Moderation and Terms of Service,1,1,1,0,1
candidate::name:platform's trust,name:platform's trust,Platform's Trust,candidate,,0,Platform's Trust,Yes,No,,,1,The Platform's Trust,1,1,1,0,1
candidate::name:platform’s safety center,name:platform’s safety center,Platform’s Safety Center,candidate,,0,Platform’s Safety Center,Yes,No,,,1,the Platform’s Safety Center,1,1,1,0,1
candidate::name:platform’s terms of service,name:platform’s terms of service,Platform’s Terms of Service,candidate,,0,Platform’s Terms of Service,Yes,No,,,1,The Platform’s Terms of Service,1,1,1,0,1
candidate::name:poison hotline,name:poison hotline,Poison Hotline,candidate,,0,Poison Hotline,Yes,No,,,1,the Poison Hotline,1,1,1,0,1
candidate::name:poisoning hotline,name:poisoning hotline,Poisoning Hotline,candidate,,0,Poisoning Hotline,Yes,No,,,1,Poisoning Hotline,1,1,1,0,1
candidate::name:police oversight commission,name:police oversight commission,Police Oversight Commission,candidate,,0,Police Oversight Commission,Yes,No,,,1,Police Oversight Commission,1,1,1,0,1
candidate::name:pop,name:pop,POP,candidate,,0,POP,Yes,No,,,1,POP,1,1,0,1,1
candidate::name:pornhub network,name:pornhub network,Pornhub Network,candidate,,0,Pornhub Network,Yes,No,,,1,Pornhub Network,1,1,1,0,1
candidate::name:pos,name:pos,POS,candidate,,0,POS,Yes,No,,,1,POS,1,1,0,1,1
candidate::name:post-gender society,name:post-gender society,Post-Gender Society,candidate,,0,Post-Gender Society,Yes,No,,,1,Post-Gender Society,1,1,1,0,1
candidate::name:postal services,name:postal services,Postal Services,candidate,,0,Postal Services,Yes,No,,,1,Postal Services,1,1,0,1,1
candidate::name:posted,name:posted,POSTED,candidate,,0,POSTED,Yes,No,,,1,POSTED,2,1,1,0,1
candidate::name:pots,name:pots,POTS,candidate,,0,POTS,Yes,No,,,1,POTS,1,1,0,1,1
candidate::name:power dynamic,name:power dynamic,Power Dynamic,candidate,,0,Power Dynamic,Yes,No,,,1,The Power Dynamic Line,1,1,1,0,1
candidate::name:power dynamics and authority,name:power dynamics and authority,Power Dynamics and Authority,candidate,,0,Power Dynamics and Authority,Yes,No,,,1,Power Dynamics and Authority,1,1,1,0,1
candidate::name:power dynamics and fear of authority,name:power dynamics and fear of authority,Power Dynamics and Fear of Authority,candidate,,0,Power Dynamics and Fear of Authority,Yes,No,,,1,Power Dynamics and Fear of Authority,1,1,1,0,1
candidate::name:power of the network,name:power of the network,Power of the Network,candidate,,0,Power of the Network,Yes,No,,,1,The Power of the Network,1,1,1,0,1
candidate::name:ppnow,name:ppnow,PPNOW,candidate,,0,PPNOW,Yes,No,,,1,PPNOW,1,1,1,0,1
candidate::name:ppv,name:ppv,PPV,candidate,,0,PPV,Yes,No,,,1,PPV,1,1,1,0,1
candidate::name:practical bottom,name:practical bottom,Practical Bottom,candidate,,0,Practical Bottom,Yes,No,,,1,The Practical Bottom Line,1,1,1,0,1
candidate::name:practice the opening,name:practice the opening,Practice the Opening,candidate,,0,Practice the Opening,Yes,No,,,1,Practice the Opening Line,1,1,1,0,1
candidate::name:pretend,name:pretend,PRETEND,candidate,,0,PRETEND,Yes,No,,,1,PRETEND,1,1,1,0,1
candidate::name:privacy,name:privacy,Privacy,candidate,,0,Privacy,Yes,No,,,1,Privacy Line,1,1,1,0,1
candidate::name:privacy removal services,name:privacy removal services,Privacy Removal Services,candidate,,0,Privacy Removal Services,Yes,No,,,1,Privacy Removal Services,1,1,1,0,1
candidate::name:privacy services,name:privacy services,Privacy Services,candidate,,0,Privacy Services,Yes,No,,,1,Privacy Services,1,1,1,0,1
candidate::name:professional and legal,name:professional and legal,Professional and Legal,candidate,,0,Professional and Legal,Yes,No,,,1,The Professional and Legal Line,1,1,1,0,1
candidate::name:professional association,name:professional association,Professional Association,candidate,,0,Professional Association,Yes,No,,,1,A Professional Association,1,1,1,0,1
candidate::name:professional network,name:professional network,Professional Network,candidate,,0,Professional Network,Yes,No,,,1,Professional Network,1,1,1,0,1
candidate::name:professional takedown services,name:professional takedown services,Professional Takedown Services,candidate,,0,Professional Takedown Services,Yes,No,,,1,Professional Takedown Services,1,1,1,0,1
candidate::name:prop,name:prop,PROP,candidate,,0,PROP,Yes,No,,,1,PROP,1,1,1,0,1
candidate::name:protective alliance,name:protective alliance,Protective Alliance,candidate,,0,Protective Alliance,Yes,No,,,1,Protective Alliance,1,1,1,0,1
candidate::name:provide services,name:provide services,Provide Services,candidate,,0,Provide Services,Yes,No,,,1,Provide Services,1,1,1,0,1
candidate::name:prp,name:prp,PRP,candidate,,0,PRP,Yes,No,,,1,PRP,1,1,0,1,1
candidate::name:psi,name:psi,PSI,candidate,,0,PSI,Yes,No,,,1,PSI,1,1,1,0,1
candidate::name:psychological agency,name:psychological agency,Psychological Agency,candidate,,0,Psychological Agency,Yes,No,,,1,Psychological Agency,1,1,1,0,1
candidate::name:psychological and emotional,name:psychological and emotional,Psychological and Emotional,candidate,,0,Psychological and Emotional,Yes,No,,,1,The Psychological and Emotional Line,1,1,1,0,1
"candidate::name:psychological conditioning and socialization
society","name:psychological conditioning and socialization
society","Psychological Conditioning and Socialization
Society",candidate,,0,"Psychological Conditioning and Socialization
Society",Yes,No,,,1,Psychological Conditioning and Socialization Society,1,1,1,0,1
candidate::name:psychological resilience and agency,name:psychological resilience and agency,Psychological Resilience and Agency,candidate,,0,Psychological Resilience and Agency,Yes,No,,,1,Psychological Resilience and Agency,1,1,0,1,1
candidate::name:psychological services,name:psychological services,Psychological Services,candidate,,0,Psychological Services,Yes,No,,,1,Psychological Services,1,1,1,0,1
candidate::name:psychological services center,name:psychological services center,Psychological Services Center,candidate,,0,Psychological Services Center,Yes,No,,,1,Psychological Services Center,1,1,1,0,1
candidate::name:psychology today,name:psychology today,Psychology Today,candidate,,0,Psychology Today,Yes,No,,,1,Psychology Today:,1,1,1,0,1
candidate::name:public art project,name:public art project,Public Art Project,candidate,,0,Public Art Project,Yes,No,,,1,Public Art Project,1,1,1,0,1
candidate::name:public service,name:public service,Public Service,candidate,,0,Public Service,Yes,No,,,1,Public Service,1,1,1,0,1
candidate::name:qld,name:qld,QLD,candidate,,0,QLD,Yes,No,,,1,QLD,1,1,1,0,1
candidate::name:qpoc,name:qpoc,QPOC,candidate,,0,QPOC,Yes,No,,,1,QPOC,1,1,1,0,1
candidate::name:question,name:question,QUESTION,candidate,,0,QUESTION,Yes,No,,,1,QUESTION,1,1,0,1,1
candidate::name:quick project,name:quick project,Quick Project,candidate,,0,Quick Project,Yes,No,,,1,Quick Project,1,1,1,0,1
candidate::name:raices,name:raices,RAICES,candidate,,0,RAICES,Yes,No,,,1,RAICES,1,1,1,0,1
candidate::name:rainbow youth project,name:rainbow youth project,Rainbow Youth Project,candidate,,0,Rainbow Youth Project,Yes,No,,,1,The Rainbow Youth Project,1,1,1,0,1
candidate::name:raising children network,name:raising children network,Raising Children Network,candidate,,0,Raising Children Network,Yes,No,,,1,Raising Children Network,1,1,0,1,1
candidate::name:ram,name:ram,RAM,candidate,,0,RAM,Yes,No,,,1,RAM,1,1,1,0,1
candidate::name:rape crisis hotline,name:rape crisis hotline,Rape Crisis Hotline,candidate,,0,Rape Crisis Hotline,Yes,No,,,1,Rape Crisis Hotline,1,1,1,0,1
candidate::name:rav,name:rav,RAV,candidate,,0,RAV,Yes,No,,,1,RAV,1,1,1,0,1
candidate::name:rcmp,name:rcmp,RCMP,candidate,,0,RCMP,Yes,No,,,1,RCMP,1,1,1,0,1
candidate::name:re-establishment of agency,name:re-establishment of agency,Re-establishment of Agency,candidate,,0,Re-establishment of Agency,Yes,No,,,1,The Re-establishment of Agency,1,1,1,0,1
candidate::name:read,name:read,READ,candidate,,0,READ,Yes,No,,,1,READ,1,1,1,0,1
candidate::name:read the terms of service,name:read the terms of service,Read the Terms of Service,candidate,,0,Read the Terms of Service,Yes,No,,,1,Read the Terms of Service,1,1,1,0,1
candidate::name:readme,name:readme,README,candidate,,0,README,Yes,No,,,1,README,1,1,1,0,1
candidate::name:real anti-aging foundation,name:real anti-aging foundation,REAL Anti-Aging Foundation,candidate,,0,REAL Anti-Aging Foundation,Yes,No,,,1,The REAL Anti-Aging Foundation,1,1,0,1,1
candidate::name:real slut network,name:real slut network,Real Slut Network,candidate,,0,Real Slut Network,Yes,No,,,1,Real Slut Network,1,1,1,0,1
candidate::name:reasons,name:reasons,REASONS,candidate,,0,REASONS,Yes,No,,,1,REASONS,1,1,1,0,1
candidate::name:rebuild trust,name:rebuild trust,Rebuild Trust,candidate,,0,Rebuild Trust,Yes,No,,,1,Rebuild Trust,1,1,1,0,1
candidate::name:rec center,name:rec center,Rec Center,candidate,,0,Rec Center,Yes,No,,,1,Rec Center,1,1,1,0,1
candidate::name:receiving table service,name:receiving table service,Receiving Table Service,candidate,,0,Receiving Table Service,Yes,No,,,1,Receiving Table Service,1,1,0,1,1
candidate::name:record,name:record,RECORD,candidate,,0,RECORD,Yes,No,,,1,RECORD,1,1,1,0,1
candidate::name:recovery center,name:recovery center,Recovery Center,candidate,,0,Recovery Center,Yes,No,,,1,Recovery Center,1,1,1,0,1
candidate::name:reference terms of service,name:reference terms of service,Reference Terms of Service,candidate,,0,Reference Terms of Service,Yes,No,,,1,Reference Terms of Service,1,1,1,0,1
candidate::name:regaining agency,name:regaining agency,Regaining Agency,candidate,,0,Regaining Agency,Yes,No,,,1,Regaining Agency,1,1,1,0,1
candidate::name:registered dietitian hotline,name:registered dietitian hotline,Registered Dietitian Hotline,candidate,,0,Registered Dietitian Hotline,Yes,No,,,1,Registered Dietitian Hotline,1,1,1,0,1
candidate::name:rei,name:rei,REI,candidate,,0,REI,Yes,No,,,1,REI,1,1,0,1,1
candidate::name:rejection of authority,name:rejection of authority,Rejection of Authority,candidate,,0,Rejection of Authority,Yes,No,,,1,Rejection of Authority,1,1,0,1,1
candidate::name:religious services,name:religious services,Religious Services,candidate,,0,Religious Services,Yes,No,,,1,Religious Services,1,1,1,0,1
candidate::name:remember,name:remember,REMEMBER,candidate,,0,REMEMBER,Yes,No,,,1,REMEMBER,1,1,1,0,1
candidate::name:removal services,name:removal services,Removal Services,candidate,,0,Removal Services,Yes,No,,,1,Removal Services,1,1,1,0,1
candidate::name:renfrew center,name:renfrew center,Renfrew Center,candidate,,0,Renfrew Center,Yes,No,,,1,The Renfrew Center,1,1,1,0,1
candidate::name:repeal,name:repeal,REPEAL,candidate,,0,REPEAL,Yes,No,,,1,REPEAL,1,1,1,0,1
candidate::name:report,name:report,REPORT,candidate,,0,REPORT,Yes,No,,,1,REPORT,1,1,1,0,1
candidate::name:report center,name:report center,Report Center,candidate,,0,Report Center,Yes,No,,,1,Report Center,1,1,1,0,1
candidate::name:reporting for terms of service,name:reporting for terms of service,Reporting for Terms of Service,candidate,,0,Reporting for Terms of Service,Yes,No,,,1,Reporting for Terms of Service,1,1,1,0,1
candidate::name:reputable service,name:reputable service,Reputable Service,candidate,,0,Reputable Service,Yes,No,,,1,Reputable Service,1,1,0,1,1
candidate::name:reputation management services,name:reputation management services,Reputation Management Services,candidate,,0,Reputation Management Services,Yes,No,,,1,Reputation Management Services,1,1,1,0,1
candidate::name:requirement of service,name:requirement of service,Requirement of Service,candidate,,0,Requirement of Service,Yes,No,,,1,Requirement of Service,1,1,0,1,1
candidate::name:resource,name:resource,Resource,candidate,,0,Resource,Yes,No,,,1,Resource Line,1,1,1,0,1
candidate::name:respect,name:respect,RESPECT,candidate,,0,RESPECT,Yes,No,,,1,RESPECT,1,1,1,0,1
candidate::name:respect for agency,name:respect for agency,Respect for Agency,candidate,,0,Respect for Agency,Yes,No,,,1,Respect for Agency,1,1,1,0,1
candidate::name:respect for authority,name:respect for authority,Respect for Authority,candidate,,0,Respect for Authority,Yes,No,,,1,Respect for Authority,1,1,0,1,1
candidate::name:respond,name:respond,RESPOND,candidate,,0,RESPOND,Yes,No,,,1,RESPOND,1,1,1,0,1
candidate::name:results,name:results,RESULTS,candidate,,0,RESULTS,Yes,No,,,1,RESULTS,1,1,0,1,1
candidate::name:return of agency,name:return of agency,Return of Agency,candidate,,0,Return of Agency,Yes,No,,,1,A Return of Agency,1,1,1,0,1
candidate::name:review platform terms of service,name:review platform terms of service,Review Platform Terms of Service,candidate,,0,Review Platform Terms of Service,Yes,No,,,1,Review Platform Terms of Service,1,1,1,0,1
candidate::name:review the terms of service,name:review the terms of service,Review the Terms of Service,candidate,,0,Review the Terms of Service,Yes,No,,,1,Review the Terms of Service,1,1,1,0,1
candidate::name:rice,name:rice,RICE,candidate,,0,RICE,Yes,No,,,1,RICE,1,1,1,0,1
candidate::name:role of authority,name:role of authority,Role of Authority,candidate,,0,Role of Authority,Yes,No,,,1,The Role of Authority,1,1,1,0,1
candidate::name:rss,name:rss,RSS,candidate,,0,RSS,Yes,No,,,1,RSS,2,1,1,0,1
candidate::name:rui,name:rui,RUI,candidate,,0,RUI,Yes,No,,,1,RUI,1,1,1,0,1
candidate::name:sadd,name:sadd,SADD,candidate,,0,SADD,Yes,No,,,1,SADD,1,1,1,0,1
candidate::name:safe adult you trust,name:safe adult you trust,Safe Adult You Trust,candidate,,0,Safe Adult You Trust,Yes,No,,,1,A Safe Adult You Trust,1,1,1,0,1
candidate::name:safe adults you can trust,name:safe adults you can trust,Safe Adults You Can Trust,candidate,,0,Safe Adults You Can Trust,Yes,No,,,1,Safe Adults You Can Trust,1,1,1,0,1
candidate::name:safe grown-up you trust,name:safe grown-up you trust,Safe Grown-Up You Trust,candidate,,0,Safe Grown-Up You Trust,Yes,No,,,1,A Safe Grown-Up You Trust,1,1,1,0,1
candidate::name:safer,name:safer,SAFER,candidate,,0,SAFER,Yes,No,,,1,SAFER,1,1,0,1,1
candidate::name:safest,name:safest,SAFEST,candidate,,0,SAFEST,Yes,No,,,1,SAFEST,1,1,1,0,1
candidate::name:safety plan and services,name:safety plan and services,Safety Plan and Services,candidate,,0,Safety Plan and Services,Yes,No,,,1,The Safety Plan and Services,1,1,1,0,1
candidate::name:sale,name:sale,SALE,candidate,,0,SALE,Yes,No,,,1,SALE,1,1,0,1,1
candidate::name:sap,name:sap,SAP,candidate,,0,SAP,Yes,No,,,1,SAP,1,1,1,0,1
candidate::name:saq,name:saq,SAQ,candidate,,0,SAQ,Yes,No,,,1,SAQ,1,1,1,0,1
candidate::name:sarc,name:sarc,SARC,candidate,,0,SARC,Yes,No,,,1,SARC,1,1,1,0,1
"candidate::name:save this number
program","name:save this number
program","Save This Number
Program",candidate,,0,"Save This Number
Program",Yes,No,,,1,Save This Number Program,1,1,1,0,1
candidate::name:saving,name:saving,SAVING,candidate,,0,SAVING,Yes,No,,,1,SAVING,1,1,1,0,1
candidate::name:scenario,name:scenario,SCENARIO,candidate,,0,SCENARIO,Yes,No,,,1,SCENARIO,1,1,1,0,1
candidate::name:school authority,name:school authority,School Authority,candidate,,0,School Authority,Yes,No,,,1,A School Authority,1,1,1,0,1
candidate::name:school counseling center,name:school counseling center,School Counseling Center,candidate,,0,School Counseling Center,Yes,No,,,1,School Counseling Center,1,1,1,0,1
candidate::name:school health center,name:school health center,School Health Center,candidate,,0,School Health Center,Yes,No,,,1,School Health Center,1,1,1,0,1
candidate::name:school it department,name:school it department,School IT Department,candidate,,0,School IT Department,Yes,No,,,1,School IT Department,1,1,1,0,1
candidate::name:school-based health center,name:school-based health center,School-Based Health Center,candidate,,0,School-Based Health Center,Yes,No,,,1,A School-Based Health Center,1,1,1,0,1
candidate::name:school-based services,name:school-based services,School-Based Services,candidate,,0,School-Based Services,Yes,No,,,1,School-Based Services,1,1,1,0,1
candidate::name:science,name:science,SCIENCE,candidate,,0,SCIENCE,Yes,No,,,1,SCIENCE,1,1,1,0,1
candidate::name:score,name:score,SCORE,candidate,,0,SCORE,Yes,No,,,1,SCORE,1,1,1,0,1
candidate::name:scp foundation,name:scp foundation,SCP Foundation,candidate,,0,SCP Foundation,Yes,No,,,1,SCP Foundation,1,1,1,0,1
candidate::name:sds,name:sds,SDS,candidate,,0,SDS,Yes,No,,,1,SDS,1,1,1,0,1
candidate::name:second,name:second,Second,candidate,,0,Second,Yes,No,,,1,The Second Line,1,1,1,0,1
candidate::name:seconds,name:seconds,Seconds,candidate,,0,Seconds,Yes,No,,,1,Seconds,1,1,1,0,1
candidate::name:secret,name:secret,SECRET,candidate,,0,SECRET,Yes,No,,,1,SECRET,1,1,1,0,1
candidate::name:secret helpline,name:secret helpline,Secret Helpline,candidate,,0,Secret Helpline,Yes,No,,,1,Secret Helpline,1,1,1,0,1
candidate::name:secret society,name:secret society,Secret Society,candidate,,0,Secret Society,Yes,No,,,1,Secret Society,1,1,1,0,1
candidate::name:secure file transfer services,name:secure file transfer services,Secure File Transfer Services,candidate,,0,Secure File Transfer Services,Yes,No,,,1,Secure File Transfer Services,1,1,1,0,1
candidate::name:seeking,name:seeking,SEEKING,candidate,,0,SEEKING,Yes,No,,,1,SEEKING,1,1,1,0,1
candidate::name:self-destructing link services,name:self-destructing link services,Self-Destructing Link Services,candidate,,0,Self-Destructing Link Services,Yes,No,,,1,Self-Destructing Link Services,1,1,1,0,1
candidate::name:self-trust and agency,name:self-trust and agency,Self-Trust and Agency,candidate,,0,Self-Trust and Agency,Yes,No,,,1,Self-Trust and Agency,1,1,1,0,1
candidate::name:sem,name:sem,SEM,candidate,,0,SEM,Yes,No,,,1,SEM,1,1,0,1,1
candidate::name:sesta,name:sesta,SESTA,candidate,,0,SESTA,Yes,No,,,1,SESTA,1,1,1,0,1
candidate::name:set up your home wi-fi network,name:set up your home wi-fi network,Set Up Your Home Wi-Fi Network,candidate,,0,Set Up Your Home Wi-Fi Network,Yes,No,,,1,Set Up Your Home Wi-Fi Network,1,1,0,1,1
candidate::name:sex information and education council,name:sex information and education council,Sex Information and Education Council,candidate,,0,Sex Information and Education Council,Yes,No,,,1,the Sex Information and Education Council,1,1,0,1,1
candidate::name:sexual advice association,name:sexual advice association,Sexual Advice Association,candidate,,0,Sexual Advice Association,Yes,No,,,1,the Sexual Advice Association,1,1,0,1,1
candidate::name:sexual assault agency,name:sexual assault agency,Sexual Assault Agency,candidate,,0,Sexual Assault Agency,Yes,No,,,1,Sexual Assault Agency,1,1,1,0,1
candidate::name:sexual assault center,name:sexual assault center,Sexual Assault Center,candidate,,0,Sexual Assault Center,Yes,No,,,1,Sexual Assault Center,1,1,1,0,1
candidate::name:sexual assault referral centre,name:sexual assault referral centre,Sexual Assault Referral Centre,candidate,,0,Sexual Assault Referral Centre,Yes,No,,,1,Sexual Assault Referral Centre,1,1,1,0,1
candidate::name:sexual health,name:sexual health,Sexual Health,candidate,,0,Sexual Health,Yes,No,,,1,Sexual Health Line,1,1,0,1,1
candidate::name:sfx,name:sfx,SFX,candidate,,0,SFX,Yes,No,,,1,SFX,1,1,1,0,1
candidate::name:shared project,name:shared project,Shared Project,candidate,,0,Shared Project,Yes,No,,,1,Shared Project,1,1,1,0,1
candidate::name:shelters and youth services,name:shelters and youth services,Shelters and Youth Services,candidate,,0,Shelters and Youth Services,Yes,No,,,1,Shelters and Youth Services,1,1,1,0,1
candidate::name:show,name:show,SHOW,candidate,,0,SHOW,Yes,No,,,1,SHOW,1,1,1,0,1
candidate::name:shutdown,name:shutdown,SHUTDOWN,candidate,,0,SHUTDOWN,Yes,No,,,1,SHUTDOWN,1,1,1,0,1
candidate::name:side,name:side,SIDE,candidate,,0,SIDE,Yes,No,,,1,SIDE,1,1,1,0,1
candidate::name:side project,name:side project,Side Project,candidate,,0,Side Project,Yes,No,,,1,Side Project,1,1,1,0,1
candidate::name:signal,name:signal,Signal,candidate,,0,Signal,Yes,No,,,1,Signal,1,1,1,0,1
candidate::name:signs,name:signs,SIGNS,candidate,,0,SIGNS,Yes,No,,,1,SIGNS,1,1,1,0,1
candidate::name:silver,name:silver,Silver,candidate,,0,Silver,Yes,No,,,1,The Silver Line,1,1,1,0,1
candidate::name:similar services,name:similar services,Similar Services,candidate,,0,Similar Services,Yes,No,,,1,Similar Services,1,1,1,0,1
candidate::name:simplicity and trust,name:simplicity and trust,Simplicity and Trust,candidate,,0,Simplicity and Trust,Yes,No,,,1,Simplicity and Trust,1,1,0,1,1
candidate::name:sios,name:sios,SIOS,candidate,,0,SIOS,Yes,No,,,1,SIOS,1,1,0,1,1
candidate::name:site's terms of service,name:site's terms of service,Site's Terms of Service,candidate,,0,Site's Terms of Service,Yes,No,,,1,the Site's Terms of Service,1,1,1,0,1
candidate::name:slays,name:slays,SLAYS,candidate,,0,SLAYS,Yes,No,,,1,SLAYS,1,1,1,0,1
candidate::name:sleep,name:sleep,SLEEP,candidate,,0,SLEEP,Yes,No,,,1,SLEEP,1,1,1,0,1
candidate::name:small acts of trust,name:small acts of trust,Small Acts of Trust,candidate,,0,Small Acts of Trust,Yes,No,,,1,Small Acts of Trust,1,1,1,0,1
candidate::name:smash,name:smash,SMASH,candidate,,0,SMASH,Yes,No,,,1,SMASH,1,1,1,0,1
candidate::name:snap-ed hotline,name:snap-ed hotline,SNAP-Ed Hotline,candidate,,0,SNAP-Ed Hotline,Yes,No,,,1,SNAP-Ed Hotline,1,1,1,0,1
candidate::name:sobering center,name:sobering center,Sobering Center,candidate,,0,Sobering Center,Yes,No,,,1,Sobering Center,1,1,1,0,1
"candidate::name:social and behavioral contribution
society","name:social and behavioral contribution
society","Social and Behavioral Contribution
Society",candidate,,0,"Social and Behavioral Contribution
Society",Yes,No,,,1,Social and Behavioral Contribution Society,1,1,1,0,1
"candidate::name:social conditioning
society","name:social conditioning
society","Social Conditioning
Society",candidate,,0,"Social Conditioning
Society",Yes,No,,,1,and Social Conditioning Society,1,1,0,1,1
"candidate::name:social conditioning and shame
society","name:social conditioning and shame
society","Social Conditioning and Shame
Society",candidate,,0,"Social Conditioning and Shame
Society",Yes,No,,,1,Social Conditioning and Shame Society,1,1,1,0,1
"candidate::name:social pressure and media
society","name:social pressure and media
society","Social Pressure and Media
Society",candidate,,0,"Social Pressure and Media
Society",Yes,No,,,1,Social Pressure and Media Society,1,1,1,0,1
candidate::name:society,name:society,Society,candidate,,0,Society,Yes,No,,,1,The Society,1,1,1,0,1
candidate::name:soma,name:soma,SOMA,candidate,,0,SOMA,Yes,No,,,1,SOMA,1,1,1,0,1
candidate::name:somebody,name:somebody,SOMEBODY,candidate,,0,SOMEBODY,Yes,No,,,1,SOMEBODY,1,1,1,0,1
candidate::name:spa,name:spa,SPA,candidate,,0,SPA,Yes,No,,,1,SPA,1,1,1,0,1
candidate::name:specialist helpline,name:specialist helpline,Specialist Helpline,candidate,,0,Specialist Helpline,Yes,No,,,1,Specialist Helpline,1,1,0,1,1
candidate::name:specialist program,name:specialist program,Specialist Program,candidate,,0,Specialist Program,Yes,No,,,1,A Specialist Program,1,1,1,0,1
candidate::name:specialized agency,name:specialized agency,Specialized Agency,candidate,,0,Specialized Agency,Yes,No,,,1,Specialized Agency,1,1,1,0,1
candidate::name:specialized helpline,name:specialized helpline,Specialized Helpline,candidate,,0,Specialized Helpline,Yes,No,,,1,Specialized Helpline,1,1,1,0,1
candidate::name:specialized removal services,name:specialized removal services,Specialized Removal Services,candidate,,0,Specialized Removal Services,Yes,No,,,1,Specialized Removal Services,1,1,1,0,1
candidate::name:specialized support services,name:specialized support services,Specialized Support Services,candidate,,0,Specialized Support Services,Yes,No,,,1,Specialized Support Services,1,1,1,0,1
candidate::name:specialized takedown service,name:specialized takedown service,Specialized Takedown Service,candidate,,0,Specialized Takedown Service,Yes,No,,,1,Specialized Takedown Service,1,1,1,0,1
candidate::name:specialty alcohol delivery services,name:specialty alcohol delivery services,Specialty Alcohol Delivery Services,candidate,,0,Specialty Alcohol Delivery Services,Yes,No,,,1,Specialty Alcohol Delivery Services,1,1,1,0,1
candidate::name:stable,name:stable,STABLE,candidate,,0,STABLE,Yes,No,,,1,STABLE,1,1,1,0,1
candidate::name:staff council,name:staff council,Staff Council,candidate,,0,Staff Council,Yes,No,,,1,Staff Council,1,1,1,0,1
candidate::name:stalking helpline,name:stalking helpline,Stalking Helpline,candidate,,0,Stalking Helpline,Yes,No,,,1,Stalking Helpline,1,1,1,0,1
candidate::name:stalking hotline,name:stalking hotline,Stalking Hotline,candidate,,0,Stalking Hotline,Yes,No,,,1,Stalking Hotline,1,1,1,0,1
candidate::name:state wildlife agency,name:state wildlife agency,State Wildlife Agency,candidate,,0,State Wildlife Agency,Yes,No,,,1,State Wildlife Agency,1,1,1,0,1
candidate::name:states,name:states,STATES,candidate,,0,STATES,Yes,No,,,1,STATES,1,1,1,0,1
candidate::name:stop hate project,name:stop hate project,Stop Hate Project,candidate,,0,Stop Hate Project,Yes,No,,,1,Stop Hate Project,1,1,1,0,1
candidate::name:straight,name:straight,Straight,candidate,,0,Straight,Yes,No,,,1,Straight Line,1,1,1,0,1
candidate::name:student alliance,name:student alliance,Student Alliance,candidate,,0,Student Alliance,Yes,No,,,1,Student Alliance,1,1,1,0,1
candidate::name:student center,name:student center,Student Center,candidate,,0,Student Center,Yes,No,,,1,Student Center,1,1,1,0,1
candidate::name:student emergency fund,name:student emergency fund,Student Emergency Fund,candidate,,0,Student Emergency Fund,Yes,No,,,1,Student Emergency Fund,1,1,1,0,1
candidate::name:student union,name:student union,Student Union,candidate,,0,Student Union,Yes,No,,,1,Student Union,1,1,1,0,1
candidate::name:student wellness center,name:student wellness center,Student Wellness Center,candidate,,0,Student Wellness Center,Yes,No,,,1,Student Wellness Center,1,1,1,0,1
candidate::name:subscription service,name:subscription service,Subscription Service,candidate,,0,Subscription Service,Yes,No,,,1,Subscription Service,1,1,1,0,1
candidate::name:substance abuse and mental health,name:substance abuse and mental health,Substance Abuse and Mental Health,candidate,,0,Substance Abuse and Mental Health,Yes,No,,,1,Substance Abuse and Mental Health at,1,1,1,0,1
candidate::name:substance abuse and mental health services,name:substance abuse and mental health services,Substance Abuse and Mental Health Services,candidate,,0,Substance Abuse and Mental Health Services,Yes,No,,,1,Substance Abuse and Mental Health Services,1,1,1,0,1
candidate::name:substance abuse resource center,name:substance abuse resource center,Substance Abuse Resource Center,candidate,,0,Substance Abuse Resource Center,Yes,No,,,1,Substance Abuse Resource Center,1,1,1,0,1
candidate::name:suicide lifeline,name:suicide lifeline,Suicide Lifeline,candidate,,0,Suicide Lifeline,Yes,No,,,1,Suicide Lifeline,1,1,1,0,1
candidate::name:summary checklist for emergency services,name:summary checklist for emergency services,Summary Checklist for Emergency Services,candidate,,0,Summary Checklist for Emergency Services,Yes,No,,,1,Summary Checklist for Emergency Services,1,1,1,0,1
candidate::name:supervised program,name:supervised program,Supervised Program,candidate,,0,Supervised Program,Yes,No,,,1,Supervised Program,1,1,0,1,1
candidate::name:support and services,name:support and services,Support and Services,candidate,,0,Support and Services,Yes,No,,,1,Support and Services,1,1,1,0,1
candidate::name:support center,name:support center,Support Center,candidate,,0,Support Center,Yes,No,,,1,Support Center,1,1,1,0,1
candidate::name:survival program,name:survival program,Survival Program,candidate,,0,Survival Program,Yes,No,,,1,Survival Program,1,1,1,0,1
candidate::name:survived,name:survived,SURVIVED,candidate,,0,SURVIVED,Yes,No,,,1,SURVIVED,1,1,1,0,1
candidate::name:svod,name:svod,SVOD,candidate,,0,SVOD,Yes,No,,,1,SVOD,1,1,1,0,1
candidate::name:syringe services,name:syringe services,Syringe Services,candidate,,0,Syringe Services,Yes,No,,,1,Syringe Services,1,1,1,0,1
candidate::name:tag,name:tag,TAG,candidate,,0,TAG,Yes,No,,,1,TAG,1,1,1,0,1
candidate::name:take action through,name:take action through,Take Action Through,candidate,,0,Take Action Through,Yes,No,,,1,Take Action Through,1,1,1,0,1
candidate::name:take it down,name:take it down,Take It Down,candidate,,0,Take It Down,Yes,No,,,1,Take It Down:,1,1,1,0,1
candidate::name:take the initiative,name:take the initiative,Take the Initiative,candidate,,0,Take the Initiative,Yes,No,,,1,Take the Initiative,1,1,1,0,1
candidate::name:tanning services,name:tanning services,Tanning Services,candidate,,0,Tanning Services,Yes,No,,,1,Tanning Services,1,1,0,1,1
candidate::name:target customer service,name:target customer service,Target Customer Service,candidate,,0,Target Customer Service,Yes,No,,,1,Target Customer Service,1,1,0,1,1
candidate::name:tattooing,name:tattooing,Tattooing,candidate,,0,Tattooing,Yes,No,,,1,Tattooing,1,1,0,1,1
candidate::name:teach trust,name:teach trust,Teach Trust,candidate,,0,Teach Trust,Yes,No,,,1,Teach Trust,1,1,0,1,1
candidate::name:teacher,name:teacher,TEACHER,candidate,,0,TEACHER,Yes,No,,,1,TEACHER,1,1,1,0,1
candidate::name:team project,name:team project,Team Project,candidate,,0,Team Project,Yes,No,,,1,Team Project,1,1,1,0,1
candidate::name:ted,name:ted,TED,candidate,,0,TED,Yes,No,,,1,TED,1,1,1,0,1
candidate::name:teen health and the nemours foundation,name:teen health and the nemours foundation,Teen Health and the Nemours Foundation,candidate,,0,Teen Health and the Nemours Foundation,Yes,No,,,1,Teen Health and the Nemours Foundation,1,1,1,0,1
candidate::name:teen health center,name:teen health center,Teen Health Center,candidate,,0,Teen Health Center,Yes,No,,,1,Teen Health Center,1,1,1,0,1
candidate::name:teen program,name:teen program,Teen Program,candidate,,0,Teen Program,Yes,No,,,1,Teen Program,1,1,1,0,1
candidate::name:teen-specific helpline,name:teen-specific helpline,Teen-Specific Helpline,candidate,,0,Teen-Specific Helpline,Yes,No,,,1,Teen-Specific Helpline,1,1,1,0,1
candidate::name:telehealth hotline,name:telehealth hotline,Telehealth Hotline,candidate,,0,Telehealth Hotline,Yes,No,,,1,Telehealth Hotline,1,1,1,0,1
candidate::name:teletherapy service,name:teletherapy service,Teletherapy Service,candidate,,0,Teletherapy Service,Yes,No,,,1,Teletherapy Service,1,1,1,0,1
candidate::name:tell mama,name:tell mama,Tell MAMA,candidate,,0,Tell MAMA,Yes,No,,,1,Tell MAMA –,1,1,1,0,1
candidate::name:tell people you trust,name:tell people you trust,Tell People You Trust,candidate,,0,Tell People You Trust,Yes,No,,,1,Tell People You Trust,1,1,1,0,1
candidate::name:tell your support network,name:tell your support network,Tell Your Support Network,candidate,,0,Tell Your Support Network,Yes,No,,,1,Tell Your Support Network,1,1,1,0,1
candidate::name:telling someone you trust,name:telling someone you trust,Telling Someone You Trust,candidate,,0,Telling Someone You Trust,Yes,No,,,1,Telling Someone You Trust,1,1,1,0,1
candidate::name:tension,name:tension,Tension,candidate,,0,Tension,Yes,No,,,1,Tension Line,1,1,1,0,1
candidate::name:than,name:than,THAN,candidate,,0,THAN,Yes,No,,,1,THAN,1,1,0,1,1
candidate::name:the american society,name:the american society,the American Society,candidate,,0,the American Society,Yes,No,,,1,of the American Society,1,1,1,0,1
candidate::name:the anad helpline,name:the anad helpline,the ANAD Helpline,candidate,,0,the ANAD Helpline,Yes,No,,,1,Call the ANAD Helpline,1,1,1,0,1
candidate::name:the assaulted women's helpline,name:the assaulted women's helpline,the Assaulted Women's Helpline,candidate,,0,the Assaulted Women's Helpline,Yes,No,,,1,Call the Assaulted Women's Helpline,1,1,1,0,1
candidate::name:the association,name:the association,the Association,candidate,,0,the Association,Yes,No,,,1,and the Association,1,1,1,0,1
candidate::name:the british association,name:the british association,the British Association,candidate,,0,the British Association,Yes,No,,,1,and the British Association,1,1,0,1,1
candidate::name:the crisis lifeline,name:the crisis lifeline,the Crisis Lifeline,candidate,,0,the Crisis Lifeline,Yes,No,,,1,for the Crisis Lifeline,1,1,1,0,1
candidate::name:the crown prosecution service,name:the crown prosecution service,the Crown Prosecution Service,candidate,,0,the Crown Prosecution Service,Yes,No,,,1,for the Crown Prosecution Service,1,1,1,0,1
candidate::name:the jason foundation,name:the jason foundation,the Jason Foundation,candidate,,0,the Jason Foundation,Yes,No,,,1,and the Jason Foundation,1,1,0,1,1
candidate::name:the member services,name:the member services,the Member Services,candidate,,0,the Member Services,Yes,No,,,1,Call the Member Services,1,1,1,0,1
candidate::name:the national eating disorders helpline,name:the national eating disorders helpline,the National Eating Disorders Helpline,candidate,,0,the National Eating Disorders Helpline,Yes,No,,,1,Call the National Eating Disorders Helpline,1,1,0,1,1
candidate::name:the national helpline,name:the national helpline,the National Helpline,candidate,,0,the National Helpline,Yes,No,,,1,Call the National Helpline,1,1,1,0,1
candidate::name:the national runaway safeline,name:the national runaway safeline,the National Runaway Safeline,candidate,,0,the National Runaway Safeline,Yes,No,,,1,Call the National Runaway Safeline at,1,1,1,0,1
candidate::name:the soviet union,name:the soviet union,the Soviet Union,candidate,,0,the Soviet Union,Yes,No,,,1,and the Soviet Union,1,1,1,0,1
candidate::name:the us postal service,name:the us postal service,the US Postal Service,candidate,,0,the US Postal Service,Yes,No,,,1,and the US Postal Service,1,1,0,1,1
candidate::name:the usda's myplate hotline,name:the usda's myplate hotline,the USDA's MyPlate Hotline,candidate,,0,the USDA's MyPlate Hotline,Yes,No,,,1,Call the USDA's MyPlate Hotline,1,1,1,0,1
candidate::name:the usda's national hunger hotline,name:the usda's national hunger hotline,the USDA's National Hunger Hotline,candidate,,0,the USDA's National Hunger Hotline,Yes,No,,,1,Call the USDA's National Hunger Hotline,1,1,1,0,1
candidate::name:their specific project,name:their specific project,Their Specific Project,candidate,,0,Their Specific Project,Yes,No,,,1,Their Specific Project,1,1,1,0,1
candidate::name:their terms of service,name:their terms of service,Their Terms of Service,candidate,,0,Their Terms of Service,Yes,No,,,1,Their Terms of Service,1,1,1,0,1
candidate::name:their trust,name:their trust,Their Trust,candidate,,0,Their Trust,Yes,No,,,1,Their Trust,1,1,1,0,1
candidate::name:therapyden,name:therapyden,TherapyDen,candidate,,0,TherapyDen,Yes,No,,,1,TherapyDen:,1,1,1,0,1
candidate::name:there,name:there,THERE,candidate,,0,THERE,Yes,No,,,1,THERE,1,1,0,1,1
candidate::name:these,name:these,THESE,candidate,,0,THESE,Yes,No,,,1,THESE,1,1,1,0,1
candidate::name:thin,name:thin,Thin,candidate,,0,Thin,Yes,No,,,1,A Thin Line,1,1,1,0,1
candidate::name:things,name:things,THINGS,candidate,,0,THINGS,Yes,No,,,1,THINGS,1,1,1,0,1
candidate::name:third-party removal services,name:third-party removal services,Third-Party Removal Services,candidate,,0,Third-Party Removal Services,Yes,No,,,1,Third-Party Removal Services,1,1,1,0,1
candidate::name:third-party services,name:third-party services,Third-Party Services,candidate,,0,Third-Party Services,Yes,No,,,1,Third-Party Services,1,1,1,0,1
candidate::name:throw,name:throw,THROW,candidate,,0,THROW,Yes,No,,,1,THROW,1,1,1,0,1
candidate::name:thunk,name:thunk,THUNK,candidate,,0,THUNK,Yes,No,,,1,THUNK,1,1,1,0,1
candidate::name:tiktok safety center,name:tiktok safety center,TikTok Safety Center,candidate,,0,TikTok Safety Center,Yes,No,,,1,TikTok Safety Center,1,1,1,0,1
candidate::name:tiktok trust,name:tiktok trust,TikTok Trust,candidate,,0,TikTok Trust,Yes,No,,,1,TikTok Trust,1,1,1,0,1
candidate::name:time-stamping services,name:time-stamping services,Time-stamping Services,candidate,,0,Time-stamping Services,Yes,No,,,1,Time-stamping Services,1,1,1,0,1
candidate::name:tipp,name:tipp,TIPP,candidate,,0,TIPP,Yes,No,,,1,TIPP,1,1,1,0,1
candidate::name:tips,name:tips,TIPS,candidate,,0,TIPS,Yes,No,,,1,TIPS Line,1,1,1,0,1
candidate::name:tmj,name:tmj,TMJ,candidate,,0,TMJ,Yes,No,,,1,TMJ,1,1,0,1,1
candidate::name:tnt,name:tnt,TNT,candidate,,0,TNT,Yes,No,,,1,TNT,1,1,1,0,1
candidate::name:tobacco tax and trade bureau,name:tobacco tax and trade bureau,Tobacco Tax and Trade Bureau,candidate,,0,Tobacco Tax and Trade Bureau,Yes,No,,,1,and Tobacco Tax and Trade Bureau,1,1,0,1,1
candidate::name:tokyo film society,name:tokyo film society,Tokyo Film Society,candidate,,0,Tokyo Film Society,Yes,No,,,1,the Tokyo Film Society,1,1,1,0,1
candidate::name:tonight,name:tonight,TONIGHT,candidate,,0,TONIGHT,Yes,No,,,1,TONIGHT,1,1,0,1,1
candidate::name:too,name:too,TOO,candidate,,0,TOO,Yes,No,,,1,TOO,1,1,1,0,1
candidate::name:tool,name:tool,TOOL,candidate,,0,TOOL,Yes,No,,,1,TOOL,1,1,1,0,1
candidate::name:tor network,name:tor network,Tor Network,candidate,,0,Tor Network,Yes,No,,,1,Tor Network,1,1,0,1,1
candidate::name:tpe,name:tpe,TPE,candidate,,0,TPE,Yes,No,,,1,TPE,1,1,0,1,1
candidate::name:trade union,name:trade union,Trade Union,candidate,,0,Trade Union,Yes,No,,,1,Trade Union,1,1,1,0,1
candidate::name:travel fund,name:travel fund,Travel Fund,candidate,,0,Travel Fund,Yes,No,,,1,Travel Fund,1,1,1,0,1
candidate::name:treatment referral routing service,name:treatment referral routing service,Treatment Referral Routing Service,candidate,,0,Treatment Referral Routing Service,Yes,No,,,1,Treatment Referral Routing Service,1,1,1,0,1
candidate::name:trip fund,name:trip fund,Trip Fund,candidate,,0,Trip Fund,Yes,No,,,1,Trip Fund,1,1,1,0,1
candidate::name:trouble,name:trouble,TROUBLE,candidate,,0,TROUBLE,Yes,No,,,1,TROUBLE,1,1,1,0,1
candidate::name:trusted,name:trusted,TRUSTED,candidate,,0,TRUSTED,Yes,No,,,1,TRUSTED,1,1,1,0,1
candidate::name:trusted friends and extended network,name:trusted friends and extended network,Trusted Friends and Extended Network,candidate,,0,Trusted Friends and Extended Network,Yes,No,,,1,Trusted Friends and Extended Network,1,1,1,0,1
candidate::name:trusted support network,name:trusted support network,Trusted Support Network,candidate,,0,Trusted Support Network,Yes,No,,,1,Trusted Support Network,1,1,1,0,1
candidate::name:try,name:try,TRY,candidate,,0,TRY,Yes,No,,,1,TRY,1,1,1,0,1
candidate::name:try this quick project,name:try this quick project,Try This Quick Project,candidate,,0,Try This Quick Project,Yes,No,,,1,Try This Quick Project,1,1,1,0,1
candidate::name:trying,name:trying,TRYING,candidate,,0,TRYING,Yes,No,,,1,TRYING,1,1,1,0,1
candidate::name:tuesday,name:tuesday,TUESDAY,candidate,,0,TUESDAY,Yes,No,,,1,TUESDAY,1,1,1,0,1
candidate::name:tutoring center,name:tutoring center,Tutoring Center,candidate,,0,Tutoring Center,Yes,No,,,1,Tutoring Center,1,1,1,0,1
candidate::name:tvod,name:tvod,TVOD,candidate,,0,TVOD,Yes,No,,,1,TVOD,1,1,1,0,1
candidate::name:twitter,name:twitter,Twitter,candidate,,0,Twitter,Yes,No,,,1,Twitter,1,1,1,0,1
candidate::name:type of program,name:type of program,Type of Program,candidate,,0,Type of Program,Yes,No,,,1,The Type of Program,1,1,1,0,1
candidate::name:u.k. revenge porn helpline,name:u.k. revenge porn helpline,U.K. Revenge Porn Helpline,candidate,,0,U.K. Revenge Porn Helpline,Yes,No,,,1,the U.K. Revenge Porn Helpline,1,1,1,0,1
candidate::name:u.s. bureau,name:u.s. bureau,U.S. Bureau,candidate,,0,U.S. Bureau,Yes,No,,,1,U.S. Bureau,1,1,1,0,1
candidate::name:u.s. equal employment opportunity commission,name:u.s. equal employment opportunity commission,U.S. Equal Employment Opportunity Commission,candidate,,0,U.S. Equal Employment Opportunity Commission,Yes,No,,,1,U.S. Equal Employment Opportunity Commission,1,1,1,0,1
candidate::name:u.s. hate crime hotline,name:u.s. hate crime hotline,U.S. Hate Crime Hotline,candidate,,0,U.S. Hate Crime Hotline,Yes,No,,,1,U.S. Hate Crime Hotline,1,1,1,0,1
candidate::name:uae,name:uae,UAE,candidate,,0,UAE,Yes,No,,,1,UAE,1,1,1,0,1
candidate::name:ucla,name:ucla,UCLA,candidate,,0,UCLA,Yes,No,,,1,UCLA,1,1,1,0,1
candidate::name:ucr,name:ucr,UCR,candidate,,0,UCR,Yes,No,,,1,UCR,1,1,1,0,1
candidate::name:uk shooting sports council,name:uk shooting sports council,UK Shooting Sports Council,candidate,,0,UK Shooting Sports Council,Yes,No,,,1,UK Shooting Sports Council,1,1,0,1,1
candidate::name:ukca,name:ukca,UKCA,candidate,,0,UKCA,Yes,No,,,1,UKCA,1,1,0,1,1
candidate::name:uk’s revenge porn helpline,name:uk’s revenge porn helpline,UK’s Revenge Porn Helpline,candidate,,0,UK’s Revenge Porn Helpline,Yes,No,,,1,the UK’s Revenge Porn Helpline,1,1,1,0,1
candidate::name:ultimate authority,name:ultimate authority,Ultimate Authority,candidate,,0,Ultimate Authority,Yes,No,,,1,The Ultimate Authority,1,1,1,0,1
candidate::name:ultimate bottom,name:ultimate bottom,Ultimate Bottom,candidate,,0,Ultimate Bottom,Yes,No,,,1,The Ultimate Bottom Line,1,1,1,0,1
candidate::name:uncanny valley of authority,name:uncanny valley of authority,Uncanny Valley of Authority,candidate,,0,Uncanny Valley of Authority,Yes,No,,,1,The Uncanny Valley of Authority,1,1,1,0,1
candidate::name:unconscious and you can't,name:unconscious and you can't,Unconscious and You Can't,candidate,,0,Unconscious and You Can't,Yes,No,,,1,Unconscious and You Can't Call,1,1,1,0,1
candidate::name:under,name:under,UNDER,candidate,,0,UNDER,Yes,No,,,1,UNDER,1,1,0,1,1
candidate::name:under section,name:under section,Under Section,candidate,,0,Under Section,Yes,No,,,1,Under Section,1,1,1,0,1
candidate::name:united,name:united,UNITED,candidate,,0,UNITED,Yes,No,,,1,UNITED,1,1,1,0,1
candidate::name:united states,name:united states,United States,candidate,,0,United States,Yes,No,,,1,United States at,1,1,1,0,1
candidate::name:united states postal service,name:united states postal service,United States Postal Service,candidate,,0,United States Postal Service,Yes,No,,,1,the United States Postal Service,1,1,0,1,1
candidate::name:united way helpline,name:united way helpline,United Way Helpline,candidate,,0,United Way Helpline,Yes,No,,,1,United Way Helpline,1,1,1,0,1
candidate::name:united way's,name:united way's,United Way's,candidate,,0,United Way's,Yes,No,,,1,United Way's,1,1,1,0,1
candidate::name:united way’s,name:united way’s,United Way’s,candidate,,0,United Way’s,Yes,No,,,1,United Way’s,1,1,1,0,1
candidate::name:unless,name:unless,UNLESS,candidate,,0,UNLESS,Yes,No,,,1,UNLESS,1,1,1,0,1
candidate::name:unsure,name:unsure,UNSURE,candidate,,0,UNSURE,Yes,No,,,1,UNSURE,1,1,1,0,1
candidate::name:up parental controls on streaming services,name:up parental controls on streaming services,Up Parental Controls on Streaming Services,candidate,,0,Up Parental Controls on Streaming Services,Yes,No,,,1,Up Parental Controls on Streaming Services,1,1,0,1,1
candidate::name:urgent care center,name:urgent care center,Urgent Care Center,candidate,,0,Urgent Care Center,Yes,No,,,1,Urgent Care Center,1,1,0,1,1
candidate::name:us and the european union,name:us and the european union,US and the European Union,candidate,,0,US and the European Union,Yes,No,,,1,the US and the European Union,1,1,1,0,1
candidate::name:us department,name:us department,US Department,candidate,,0,US Department,Yes,No,,,1,US Department,1,1,1,0,1
candidate::name:us postal service,name:us postal service,US Postal Service,candidate,,0,US Postal Service,Yes,No,,,1,the US Postal Service,1,1,1,0,1
candidate::name:usb-c,name:usb-c,USB-C,candidate,,0,USB-C,Yes,No,,,1,USB-C,2,1,1,0,1
candidate::name:usda food and nutrition service hotline,name:usda food and nutrition service hotline,USDA Food and Nutrition Service Hotline,candidate,,0,USDA Food and Nutrition Service Hotline,Yes,No,,,1,USDA Food and Nutrition Service Hotline,1,1,1,0,1
candidate::name:usda myplate hotline,name:usda myplate hotline,USDA MyPlate Hotline,candidate,,0,USDA MyPlate Hotline,Yes,No,,,1,USDA MyPlate Hotline,1,1,1,0,1
candidate::name:usda's myplate national nutrition,name:usda's myplate national nutrition,USDA's MyPlate National Nutrition,candidate,,0,USDA's MyPlate National Nutrition,Yes,No,,,1,USDA's MyPlate National Nutrition Line,1,1,1,0,1
candidate::name:usda’s national agricultural information center,name:usda’s national agricultural information center,USDA’s National Agricultural Information Center,candidate,,0,USDA’s National Agricultural Information Center,Yes,No,,,1,USDA’s National Agricultural Information Center,1,1,1,0,1
"candidate::name:use
authority","name:use
authority","Use
Authority",candidate,,0,"Use
Authority",Yes,No,,,1,Use Authority,1,1,1,0,1
candidate::name:use age-verified online services,name:use age-verified online services,Use Age-Verified Online Services,candidate,,0,Use Age-Verified Online Services,Yes,No,,,1,Use Age-Verified Online Services,1,1,0,1,1
candidate::name:use archiving services,name:use archiving services,Use Archiving Services,candidate,,0,Use Archiving Services,Yes,No,,,1,Use Archiving Services,1,1,1,0,1
candidate::name:use kids help,name:use kids help,Use Kids Help,candidate,,0,Use Kids Help,Yes,No,,,1,Use Kids Help Line,1,1,1,0,1
candidate::name:use licensed services,name:use licensed services,Use Licensed Services,candidate,,0,Use Licensed Services,Yes,No,,,1,Use Licensed Services,1,1,0,1,1
candidate::name:use network,name:use network,Use Network,candidate,,0,Use Network,Yes,No,,,1,Use Network,1,1,0,1,1
candidate::name:use professional removal services,name:use professional removal services,Use Professional Removal Services,candidate,,0,Use Professional Removal Services,Yes,No,,,1,Use Professional Removal Services,1,1,1,0,1
candidate::name:use the american society,name:use the american society,Use the American Society,candidate,,0,Use the American Society,Yes,No,,,1,Use the American Society,1,1,0,1,1
candidate::name:use the employee assistance program,name:use the employee assistance program,Use the Employee Assistance Program,candidate,,0,Use the Employee Assistance Program,Yes,No,,,1,Use the Employee Assistance Program,1,1,1,0,1
candidate::name:use the national center,name:use the national center,Use the National Center,candidate,,0,Use the National Center,Yes,No,,,1,Use the National Center,1,1,1,0,1
candidate::name:use the worst services,name:use the worst services,Use the Worst Services,candidate,,0,Use the Worst Services,Yes,No,,,1,Use the Worst Services,1,1,0,1,1
candidate::name:use timestamping services,name:use timestamping services,Use Timestamping Services,candidate,,0,Use Timestamping Services,Yes,No,,,1,Use Timestamping Services,1,1,1,0,1
candidate::name:use web archiving services,name:use web archiving services,Use Web Archiving Services,candidate,,0,Use Web Archiving Services,Yes,No,,,1,Use Web Archiving Services,1,1,1,0,1
candidate::name:use your own network,name:use your own network,Use Your Own Network,candidate,,0,Use Your Own Network,Yes,No,,,1,Use Your Own Network,1,1,1,0,1
candidate::name:username,name:username,USERNAME,candidate,,0,USERNAME,Yes,No,,,1,USERNAME,1,1,1,0,1
candidate::name:utg,name:utg,UTG,candidate,,0,UTG,Yes,No,,,1,UTG,1,1,1,0,1
candidate::name:uti,name:uti,UTI,candidate,,0,UTI,Yes,No,,,1,UTI,1,1,1,0,1
candidate::name:utilize privacy laws and removal services,name:utilize privacy laws and removal services,Utilize Privacy Laws and Removal Services,candidate,,0,Utilize Privacy Laws and Removal Services,Yes,No,,,1,Utilize Privacy Laws and Removal Services,1,1,1,0,1
candidate::name:utilize student health services,name:utilize student health services,Utilize Student Health Services,candidate,,0,Utilize Student Health Services,Yes,No,,,1,Utilize Student Health Services,1,1,1,0,1
candidate::name:vandrevala foundation,name:vandrevala foundation,Vandrevala Foundation,candidate,,0,Vandrevala Foundation,Yes,No,,,1,Vandrevala Foundation,1,1,0,1,1
candidate::name:vcc,name:vcc,VCC,candidate,,0,VCC,Yes,No,,,1,VCC,1,1,0,1,1
candidate::name:verbal,name:verbal,VERBAL,candidate,,0,VERBAL,Yes,No,,,1,VERBAL,1,1,1,0,1
candidate::name:verbally,name:verbally,VERBALLY,candidate,,0,VERBALLY,Yes,No,,,1,VERBALLY,1,1,1,0,1
candidate::name:version,name:version,VERSION,candidate,,0,VERSION,Yes,No,,,1,VERSION,1,1,1,0,1
candidate::name:victim advocacy center,name:victim advocacy center,Victim Advocacy Center,candidate,,0,Victim Advocacy Center,Yes,No,,,1,Victim Advocacy Center,1,1,1,0,1
candidate::name:victim advocacy services,name:victim advocacy services,Victim Advocacy Services,candidate,,0,Victim Advocacy Services,Yes,No,,,1,Victim Advocacy Services,1,1,1,0,1
candidate::name:victimconnect hotline,name:victimconnect hotline,VictimConnect Hotline,candidate,,0,VictimConnect Hotline,Yes,No,,,1,VictimConnect Hotline,1,1,1,0,1
candidate::name:victims of crime helpline,name:victims of crime helpline,Victims of Crime Helpline,candidate,,0,Victims of Crime Helpline,Yes,No,,,1,for Victims of Crime Helpline,1,1,1,0,1
candidate::name:video,name:video,VIDEO,candidate,,0,VIDEO,Yes,No,,,1,VIDEO,1,1,1,0,1
candidate::name:video for violating terms of service,name:video for violating terms of service,Video for Violating Terms of Service,candidate,,0,Video for Violating Terms of Service,Yes,No,,,1,Video for Violating Terms of Service,1,1,1,0,1
candidate::name:violates the site’s terms of service,name:violates the site’s terms of service,Violates the Site’s Terms of Service,candidate,,0,Violates the Site’s Terms of Service,Yes,No,,,1,Violates the Site’s Terms of Service,1,1,1,0,1
candidate::name:violation of consent and agency,name:violation of consent and agency,Violation of Consent and Agency,candidate,,0,Violation of Consent and Agency,Yes,No,,,1,The Violation of Consent and Agency,1,1,1,0,1
candidate::name:violation of site terms of service,name:violation of site terms of service,Violation of Site Terms of Service,candidate,,0,Violation of Site Terms of Service,Yes,No,,,1,Violation of Site Terms of Service,1,1,1,0,1
candidate::name:violent,name:violent,VIOLENT,candidate,,0,VIOLENT,Yes,No,,,1,VIOLENT,1,1,1,0,1
candidate::name:vtt,name:vtt,VTT,candidate,,0,VTT,Yes,No,,,1,VTT,1,1,1,0,1
candidate::name:waiting,name:waiting,WAITING,candidate,,0,WAITING,Yes,No,,,1,WAITING,1,1,1,0,1
candidate::name:waitress,name:waitress,WAITRESS,candidate,,0,WAITRESS,Yes,No,,,1,WAITRESS,1,1,1,0,1
candidate::name:waking,name:waking,WAKING,candidate,,0,WAKING,Yes,No,,,1,WAKING,1,1,1,0,1
"candidate::name:walk away
society","name:walk away
society","Walk Away
Society",candidate,,0,"Walk Away
Society",Yes,No,,,1,Walk Away Society,1,1,1,0,1
candidate::name:walk-in crisis center,name:walk-in crisis center,Walk-In Crisis Center,candidate,,0,Walk-In Crisis Center,Yes,No,,,1,A Walk-In Crisis Center,1,1,1,0,1
candidate::name:wash,name:wash,WASH,candidate,,0,WASH,Yes,No,,,1,WASH,1,1,1,0,1
candidate::name:weapon,name:weapon,WEAPON,candidate,,0,WEAPON,Yes,No,,,1,WEAPON,1,1,0,1,1
candidate::name:web,name:web,WEB,candidate,,0,WEB,Yes,No,,,1,WEB,1,1,0,1,1
candidate::name:web services,name:web services,Web Services,candidate,,0,Web Services,Yes,No,,,1,Web Services,1,1,0,1,1
candidate::name:websites,name:websites,WEBSITES,candidate,,0,WEBSITES,Yes,No,,,1,WEBSITES,1,1,1,0,1
candidate::name:websites services,name:websites services,Websites Services,candidate,,0,Websites Services,Yes,No,,,1,Websites Services,1,1,1,0,1
candidate::name:weekend project,name:weekend project,Weekend Project,candidate,,0,Weekend Project,Yes,No,,,1,Weekend Project,1,1,1,0,1
candidate::name:what’s your next project,name:what’s your next project,What’s Your Next Project,candidate,,0,What’s Your Next Project,Yes,No,,,1,What’s Your Next Project,1,1,1,0,1
candidate::name:when the,name:when the,When the,candidate,,0,When the,Yes,No,,,1,When the,1,1,1,0,1
candidate::name:when you,name:when you,When You,candidate,,0,When You,Yes,No,,,1,When You Call,1,1,1,0,1
candidate::name:when you don’t,name:when you don’t,When You Don’t,candidate,,0,When You Don’t,Yes,No,,,1,When You Don’t Call,1,1,1,0,1
candidate::name:where filming crosses the,name:where filming crosses the,Where Filming Crosses the,candidate,,0,Where Filming Crosses the,Yes,No,,,1,Where Filming Crosses the Line,1,1,1,0,1
candidate::name:wic,name:wic,WIC,candidate,,0,WIC,Yes,No,,,1,WIC,1,1,1,0,1
candidate::name:wildlife agency,name:wildlife agency,Wildlife Agency,candidate,,0,Wildlife Agency,Yes,No,,,1,Wildlife Agency,1,1,0,1,1
candidate::name:wine and spirits subscription services,name:wine and spirits subscription services,Wine and Spirits Subscription Services,candidate,,0,Wine and Spirits Subscription Services,Yes,No,,,1,Wine and Spirits Subscription Services,1,1,1,0,1
candidate::name:woah,name:woah,WOAH,candidate,,0,WOAH,Yes,No,,,1,WOAH,1,1,1,0,1
candidate::name:women helpline,name:women helpline,Women Helpline,candidate,,0,Women Helpline,Yes,No,,,1,Women Helpline,1,1,1,0,1
candidate::name:women's aid,name:women's aid,Women's Aid,candidate,,0,Women's Aid,Yes,No,,,1,Women's Aid,1,1,1,0,1
candidate::name:work project,name:work project,Work Project,candidate,,0,Work Project,Yes,No,,,1,Work Project,1,1,1,0,1
candidate::name:workers' council,name:workers' council,Workers' Council,candidate,,0,Workers' Council,Yes,No,,,1,Workers' Council,1,1,1,0,1
candidate::name:workplace hr department,name:workplace hr department,Workplace HR Department,candidate,,0,Workplace HR Department,Yes,No,,,1,Workplace HR Department,1,1,1,0,1
candidate::name:workplace wellness program,name:workplace wellness program,Workplace Wellness Program,candidate,,0,Workplace Wellness Program,Yes,No,,,1,Workplace Wellness Program,1,1,1,0,1
candidate::name:world anti-knife crime charity,name:world anti-knife crime charity,World Anti-Knife Crime Charity,candidate,,0,World Anti-Knife Crime Charity,Yes,No,,,1,World Anti-Knife Crime Charity,1,1,0,1,1
candidate::name:world heart federation,name:world heart federation,World Heart Federation,candidate,,0,World Heart Federation,Yes,No,,,1,the World Heart Federation,1,1,1,0,1
candidate::name:world professional association,name:world professional association,World Professional Association,candidate,,0,World Professional Association,Yes,No,,,1,World Professional Association,1,1,1,0,1
candidate::name:worry,name:worry,WORRY,candidate,,0,WORRY,Yes,No,,,1,WORRY,1,1,1,0,1
candidate::name:worse,name:worse,WORSE,candidate,,0,WORSE,Yes,No,,,1,WORSE,1,1,0,1,1
candidate::name:wrap,name:wrap,WRAP,candidate,,0,WRAP,Yes,No,,,1,WRAP,1,1,1,0,1
candidate::name:wright institute,name:wright institute,Wright Institute,candidate,,0,Wright Institute,Yes,No,,,1,Wright Institute,1,1,1,0,1
candidate::name:wrote,name:wrote,WROTE,candidate,,0,WROTE,Yes,No,,,1,WROTE,1,1,1,0,1
candidate::name:wwoof,name:wwoof,WWOOF,candidate,,0,WWOOF,Yes,No,,,1,WWOOF,1,1,1,0,1
candidate::name:xcom,name:xcom,XCOM,candidate,,0,XCOM,Yes,No,,,1,XCOM,1,1,1,0,1
candidate::name:xvi,name:xvi,XVI,candidate,,0,XVI,Yes,No,,,1,XVI,1,1,1,0,1
candidate::name:xxx,name:xxx,XXX,candidate,,0,XXX,Yes,No,,,1,XXX,1,1,1,0,1
candidate::name:yag,name:yag,YAG,candidate,,0,YAG,Yes,No,,,1,YAG,1,1,1,0,1
candidate::name:yell,name:yell,YELL,candidate,,0,YELL,Yes,No,,,1,YELL,1,1,1,0,1
candidate::name:yes. adult protective services,name:yes. adult protective services,Yes. Adult Protective Services,candidate,,0,Yes. Adult Protective Services,Yes,No,,,1,Yes. Adult Protective Services,1,1,1,0,1
candidate::name:you are the center,name:you are the center,You Are the Center,candidate,,0,You Are the Center,Yes,No,,,1,You Are the Center,1,1,1,0,1
candidate::name:you have agency,name:you have agency,You Have Agency,candidate,,0,You Have Agency,Yes,No,,,1,You Have Agency,1,1,1,0,1
candidate::name:your college campus nutrition center,name:your college campus nutrition center,Your College Campus Nutrition Center,candidate,,0,Your College Campus Nutrition Center,Yes,No,,,1,Your College Campus Nutrition Center,1,1,1,0,1
candidate::name:your college counseling center,name:your college counseling center,Your College Counseling Center,candidate,,0,Your College Counseling Center,Yes,No,,,1,Your College Counseling Center,1,1,1,0,1
candidate::name:your college health center,name:your college health center,Your College Health Center,candidate,,0,Your College Health Center,Yes,No,,,1,Your College Health Center,1,1,1,0,1
candidate::name:your company's employee assistance program,name:your company's employee assistance program,Your Company's Employee Assistance Program,candidate,,0,Your Company's Employee Assistance Program,Yes,No,,,1,Your Company's Employee Assistance Program,1,1,1,0,1
candidate::name:your control center,name:your control center,Your Control Center,candidate,,0,Your Control Center,Yes,No,,,1,Your Control Center,1,1,1,0,1
candidate::name:your country’s human rights commission,name:your country’s human rights commission,Your Country’s Human Rights Commission,candidate,,0,Your Country’s Human Rights Commission,Yes,No,,,1,Your Country’s Human Rights Commission,1,1,1,0,1
candidate::name:your first,name:your first,Your First,candidate,,0,Your First,Yes,No,,,1,Your First Line,1,1,1,0,1
candidate::name:your hr department,name:your hr department,Your HR Department,candidate,,0,Your HR Department,Yes,No,,,1,Your HR Department,1,1,1,0,1
candidate::name:your lifeline,name:your lifeline,Your Lifeline,candidate,,0,Your Lifeline,Yes,No,,,1,Your Lifeline,1,1,1,0,1
candidate::name:your local community center,name:your local community center,Your Local Community Center,candidate,,0,Your Local Community Center,Yes,No,,,1,Your Local Community Center,1,1,1,0,1
candidate::name:your local community health center,name:your local community health center,Your Local Community Health Center,candidate,,0,Your Local Community Health Center,Yes,No,,,1,Your Local Community Health Center,1,1,1,0,1
candidate::name:your local police department,name:your local police department,Your Local Police Department,candidate,,0,Your Local Police Department,Yes,No,,,1,Your Local Police Department,1,1,1,0,1
candidate::name:your project,name:your project,Your Project,candidate,,0,Your Project,Yes,No,,,1,Your Project,1,1,1,0,1
candidate::name:your school's food service,name:your school's food service,Your School's Food Service,candidate,,0,Your School's Food Service,Yes,No,,,1,Your School's Food Service,1,1,1,0,1
candidate::name:your school's food services,name:your school's food services,Your School's Food Services,candidate,,0,Your School's Food Services,Yes,No,,,1,Your School's Food Services,1,1,1,0,1
candidate::name:your state bar lawyer referral service,name:your state bar lawyer referral service,Your State Bar Lawyer Referral Service,candidate,,0,Your State Bar Lawyer Referral Service,Yes,No,,,1,Your State Bar Lawyer Referral Service,1,1,1,0,1
candidate::name:your state’s fair employment agency,name:your state’s fair employment agency,Your State’s Fair Employment Agency,candidate,,0,Your State’s Fair Employment Agency,Yes,No,,,1,Your State’s Fair Employment Agency,1,1,1,0,1
candidate::name:your university student health center,name:your university student health center,Your University Student Health Center,candidate,,0,Your University Student Health Center,Yes,No,,,1,Your University Student Health Center,1,1,1,0,1
candidate::name:your university’s counseling center,name:your university’s counseling center,Your University’s Counseling Center,candidate,,0,Your University’s Counseling Center,Yes,No,,,1,Your University’s Counseling Center,1,1,1,0,1
candidate::name:youth center,name:youth center,Youth Center,candidate,,0,Youth Center,Yes,No,,,1,Youth Center,1,1,1,0,1
candidate::name:youth crisis,name:youth crisis,Youth Crisis,candidate,,0,Youth Crisis,Yes,No,,,1,the Youth Crisis Line,1,1,1,0,1
candidate::name:youth crisis hotline,name:youth crisis hotline,Youth Crisis Hotline,candidate,,0,Youth Crisis Hotline,Yes,No,,,1,Youth Crisis Hotline,1,1,1,0,1
candidate::name:youth law center,name:youth law center,Youth Law Center,candidate,,0,Youth Law Center,Yes,No,,,1,Youth Law Center,1,1,1,0,1
candidate::name:youth shooting program,name:youth shooting program,Youth Shooting Program,candidate,,0,Youth Shooting Program,Yes,No,,,1,Youth Shooting Program,1,1,0,1,1
candidate::name:youth warm,name:youth warm,Youth Warm,candidate,,0,Youth Warm,Yes,No,,,1,Youth Warm Line,1,1,1,0,1
candidate::name:youth-specific helpline,name:youth-specific helpline,Youth-Specific Helpline,candidate,,0,Youth-Specific Helpline,Yes,No,,,1,Youth-Specific Helpline,1,1,1,0,1
candidate::name:youth-specific services,name:youth-specific services,Youth-Specific Services,candidate,,0,Youth-Specific Services,Yes,No,,,1,Youth-Specific Services,1,1,1,0,1
candidate::name:youtube help center,name:youtube help center,YouTube Help Center,candidate,,0,YouTube Help Center,Yes,No,,,1,YouTube Help Center,1,1,1,0,1
candidate::name:zero,name:zero,ZERO,candidate,,0,ZERO,Yes,No,,,1,ZERO,1,1,1,0,1
candidate::name:zero-waste art project,name:zero-waste art project,Zero-Waste Art Project,candidate,,0,Zero-Waste Art Project,Yes,No,,,1,Zero-Waste Art Project,1,1,1,0,1
domain::boys-town::boystown.org,boys-town,Boys Town National Hotline,domain,Helpline,0,boystown.org,Yes,Yes,US,https://www.boystown.org/hotline,3,https://www.boystown.org/,1,1,0,1,1
domain::domain:1800respect.org.au,domain:1800respect.org.au,1800respect.org.au,domain,,0,1800respect.org.au,Yes,No,,,1,1800respect.org.au,1,1,1,0,1
domain::domain:1800runaway.org,domain:1800runaway.org,1800runaway.org,domain,,0,1800runaway.org,Yes,No,,,1,1800runaway.org | https://www.1800runaway.org,2,1,1,0,1
domain::domain:4chan.org,domain:4chan.org,4chan.org,domain,,0,4chan.org,Yes,No,,,1,4chan.org,1,1,1,0,1
domain::domain:988lifeline.org**,domain:988lifeline.org**,988lifeline.org**,domain,,0,988lifeline.org**,Yes,No,,,1,https://988lifeline.org**,1,1,0,1,1
domain::domain:aasect.org,domain:aasect.org,aasect.org,domain,,0,aasect.org,Yes,No,,,1,aasect.org,1,1,0,1,1
domain::domain:abcos.org,domain:abcos.org,abcos.org,domain,,0,abcos.org,Yes,No,,,1,https://www.abcos.org/,1,1,1,0,1
domain::domain:abcpmc.org,domain:abcpmc.org,abcpmc.org,domain,,0,abcpmc.org,Yes,No,,,1,https://www.abcpmc.org/,1,1,1,0,1
domain::domain:abcscs.org,domain:abcscs.org,abcscs.org,domain,,0,abcscs.org,Yes,No,,,1,https://www.abcscs.org/,1,1,1,0,1
domain::domain:abms.org,domain:abms.org,abms.org,domain,,0,abms.org,Yes,No,,,1,ABMS.org | https://www.abms.org/,2,1,0,1,1
domain::domain:abplsurg.org,domain:abplsurg.org,abplsurg.org,domain,,0,abplsurg.org,Yes,No,,,1,https://www.abplsurg.org | www.abplsurg.org,2,1,0,1,1
domain::domain:accce.gov.au,domain:accce.gov.au,accce.gov.au,domain,,0,accce.gov.au,Yes,No,,,1,https://www.accce.gov.au/report,1,1,1,0,1
domain::domain:account.sonyentertainmentnetwork.com,domain:account.sonyentertainmentnetwork.com,account.sonyentertainmentnetwork.com,domain,,0,account.sonyentertainmentnetwork.com,Yes,No,,,1,https://account.sonyentertainmentnetwork.com/,1,1,0,1,1
domain::domain:accs.org.au,domain:accs.org.au,accs.org.au,domain,,0,accs.org.au,Yes,No,,,1,https://www.accs.org.au/,1,1,0,1,1
domain::domain:adaa.org,domain:adaa.org,adaa.org,domain,,0,adaa.org,Yes,No,,,1,https://adaa.org/find-support,1,1,1,0,1
domain::domain:adamandeve.com,domain:adamandeve.com,adamandeve.com,domain,,0,adamandeve.com,Yes,No,,,1,https://www.adamandeve.com,1,1,0,1,1
domain::domain:adameve.com,domain:adameve.com,adameve.com,domain,,0,adameve.com,Yes,No,,,1,https://www.adameve.com/,1,1,0,1,1
domain::domain:adultchildren.org,domain:adultchildren.org,adultchildren.org,domain,,0,adultchildren.org,Yes,No,,,1,adultchildren.org,1,1,1,0,1
domain::domain:adultempire.com,domain:adultempire.com,adultempire.com,domain,,0,adultempire.com,Yes,No,,,1,https://www.adultempire.com/,2,1,1,0,1
domain::domain:adultemporium.com,domain:adultemporium.com,adultemporium.com,domain,,0,adultemporium.com,Yes,No,,,1,adultemporium.com | https://www.adultemporium.com,2,1,0,1,1
domain::domain:advanced.twitter.com,domain:advanced.twitter.com,advanced.twitter.com,domain,,0,advanced.twitter.com,Yes,No,,,1,advanced.twitter.com,1,1,1,0,1
domain::domain:aedit.com,domain:aedit.com,aedit.com,domain,,0,aedit.com,Yes,No,,,1,AEDIT.com,1,1,1,0,1
domain::domain:aedweb.org,domain:aedweb.org,aedweb.org,domain,,0,aedweb.org,Yes,No,,,1,https://www.aedweb.org/,1,1,1,0,1
domain::domain:aetna.com,domain:aetna.com,aetna.com,domain,,0,aetna.com,Yes,No,,,1,https://www.aetna.com/individuals-families/members/find-a-doctor.html,1,1,1,0,1
domain::domain:ahpra.gov.au,domain:ahpra.gov.au,ahpra.gov.au,domain,,0,ahpra.gov.au,Yes,No,,,1,https://www.ahpra.gov.au/,1,1,1,0,1
domain::domain:airarmsdirect.co.uk,domain:airarmsdirect.co.uk,airarmsdirect.co.uk,domain,,0,airarmsdirect.co.uk,Yes,No,,,1,https://www.airarmsdirect.co.uk/,1,1,1,0,1
domain::domain:airgun-forums.com,domain:airgun-forums.com,airgun-forums.com,domain,,0,airgun-forums.com,Yes,No,,,1,https://www.airgun-forums.com/,1,1,1,0,1
domain::domain:airgundepo.com,domain:airgundepo.com,airgundepo.com,domain,,0,airgundepo.com,Yes,No,,,1,https://www.airgundepo.com/,1,1,1,0,1
domain::domain:airgunforum.co.uk,domain:airgunforum.co.uk,airgunforum.co.uk,domain,,0,airgunforum.co.uk,Yes,No,,,1,https://www.airgunforum.co.uk/,1,1,1,0,1
domain::domain:airgunnation.com,domain:airgunnation.com,airgunnation.com,domain,,0,airgunnation.com,Yes,No,,,1,https://www.airgunnation.com/,2,1,1,0,1
domain::domain:airgunreviews.com,domain:airgunreviews.com,airgunreviews.com,domain,,0,airgunreviews.com,Yes,No,,,1,AirGunReviews.com | https://www.airgunreviews.com/,2,1,1,0,1
domain::domain:airguns.com,domain:airguns.com,airguns.com,domain,,0,airguns.com,Yes,No,,,1,Airguns.com,1,1,1,0,1
domain::domain:airgunsandmore.co.uk,domain:airgunsandmore.co.uk,airgunsandmore.co.uk,domain,,0,airgunsandmore.co.uk,Yes,No,,,1,https://www.airgunsandmore.co.uk/,1,1,1,0,1
domain::domain:airgunsofarizona.com,domain:airgunsofarizona.com,airgunsofarizona.com,domain,,0,airgunsofarizona.com,Yes,No,,,1,https://www.airgunsofarizona.com/,1,1,1,0,1
domain::domain:airgunsport.co.uk,domain:airgunsport.co.uk,airgunsport.co.uk,domain,,0,airgunsport.co.uk,Yes,No,,,1,https://www.airgunsport.co.uk/,1,1,1,0,1
domain::domain:airgunsport.com,domain:airgunsport.com,airgunsport.com,domain,,0,airgunsport.com,Yes,No,,,1,https://www.airgunsport.com/,1,1,1,0,1
domain::domain:airgunworld.com,domain:airgunworld.com,airgunworld.com,domain,,0,airgunworld.com,Yes,No,,,1,https://www.airgunworld.com/forum/,1,1,1,0,1
domain::domain:airrifleshop.co.uk,domain:airrifleshop.co.uk,airrifleshop.co.uk,domain,,0,airrifleshop.co.uk,Yes,No,,,1,https://www.airrifleshop.co.uk/,1,1,1,0,1
domain::domain:airriflesuk.com,domain:airriflesuk.com,airriflesuk.com,domain,,0,airriflesuk.com,Yes,No,,,1,https://www.airriflesuk.com/,1,1,0,1,1
domain::domain:airrifleworld.com,domain:airrifleworld.com,airrifleworld.com,domain,,0,airrifleworld.com,Yes,No,,,1,https://www.airrifleworld.com/,1,1,1,0,1
domain::domain:airsoft-attack.com,domain:airsoft-attack.com,airsoft-attack.com,domain,,0,airsoft-attack.com,Yes,No,,,1,https://www.airsoft-attack.com/,1,1,1,0,1
domain::domain:airsource.ca,domain:airsource.ca,airsource.ca,domain,,0,airsource.ca,Yes,No,,,1,https://www.airsource.ca/,1,1,1,0,1
domain::domain:al-anonuk.org.uk,domain:al-anonuk.org.uk,al-anonuk.org.uk,domain,,0,al-anonuk.org.uk,Yes,No,,,1,al-anonuk.org.uk,1,1,1,0,1
domain::domain:albertsons.com,domain:albertsons.com,albertsons.com,domain,,0,albertsons.com,Yes,No,,,1,albertsons.com | https://www.albertsons.com,2,1,1,0,1
domain::domain:alcohol.org,domain:alcohol.org,alcohol.org,domain,,0,alcohol.org,Yes,No,,,1,https://www.alcohol.org/resources/parents/,1,1,0,1,1
domain::domain:allerganaesthetics.com,domain:allerganaesthetics.com,allerganaesthetics.com,domain,,0,allerganaesthetics.com,Yes,No,,,1,https://www.allerganaesthetics.com/,1,1,0,1,1
domain::domain:alltogethernow.org.au,domain:alltogethernow.org.au,alltogethernow.org.au,domain,,0,alltogethernow.org.au,Yes,No,,,1,alltogethernow.org.au | https://www.alltogethernow.org.au/,2,1,1,0,1
domain::domain:amazon.ca,domain:amazon.ca,amazon.ca,domain,,0,amazon.ca,Yes,No,,,1,Amazon.ca,1,1,1,0,1
domain::domain:amazon.co.uk,domain:amazon.co.uk,amazon.co.uk,domain,,0,amazon.co.uk,Yes,No,,,1,Amazon.co.uk | https://www.amazon.co.uk,2,1,0,1,1
domain::domain:americanboardcosmeticsurgery.org,domain:americanboardcosmeticsurgery.org,americanboardcosmeticsurgery.org,domain,,0,americanboardcosmeticsurgery.org,Yes,No,,,1,https://www.americanboardcosmeticsurgery.org,1,1,0,1,1
domain::domain:americanpyro.com,domain:americanpyro.com,americanpyro.com,domain,,0,americanpyro.com,Yes,No,,,1,https://www.americanpyro.com/,1,1,1,0,1
domain::domain:americanpyro.org,domain:americanpyro.org,americanpyro.org,domain,,0,americanpyro.org,Yes,No,,,1,https://americanpyro.org,1,1,1,0,1
domain::domain:americastestkitchen.com,domain:americastestkitchen.com,americastestkitchen.com,domain,,0,americastestkitchen.com,Yes,No,,,1,https://www.americastestkitchen.com/,1,1,1,0,1
domain::domain:amkette.com,domain:amkette.com,amkette.com,domain,,0,amkette.com,Yes,No,,,1,https://www.amkette.com/,1,1,1,0,1
domain::domain:amnesty.org,domain:amnesty.org,amnesty.org,domain,,0,amnesty.org,Yes,No,,,1,https://www.amnesty.org/,1,1,1,0,1
domain::domain:amzn.to,domain:amzn.to,amzn.to,domain,,0,amzn.to,Yes,No,,,1,https://amzn.to/3x8z0Qk,1,1,0,1,1
domain::domain:ankerknives.com,domain:ankerknives.com,ankerknives.com,domain,,0,ankerknives.com,Yes,No,,,1,https://www.ankerknives.com/us-knife-laws,1,1,1,0,1
domain::domain:anon.org,domain:anon.org,anon.org,domain,,0,anon.org,Yes,No,,,1,Anon.org,1,1,1,0,1
domain::domain:ansgear.com,domain:ansgear.com,ansgear.com,domain,,0,ansgear.com,Yes,No,,,1,https://www.ansgear.com/,1,1,1,0,1
domain::domain:anthropologie.com,domain:anthropologie.com,anthropologie.com,domain,,0,anthropologie.com,Yes,No,,,1,https://www.anthropologie.com/,1,1,1,0,1
domain::domain:antifraudcentre-centreantifraud.ca,domain:antifraudcentre-centreantifraud.ca,antifraudcentre-centreantifraud.ca,domain,,0,antifraudcentre-centreantifraud.ca,Yes,No,,,1,https://antifraudcentre-centreantifraud.ca/,1,1,1,0,1
domain::domain:apa.org,domain:apa.org,apa.org,domain,,0,apa.org,Yes,No,,,1,https://www.apa.org/pi/education-training/accred-organizations,1,1,1,0,1
domain::domain:aquaphor.com,domain:aquaphor.com,aquaphor.com,domain,,0,aquaphor.com,Yes,No,,,1,https://www.aquaphor.com/,1,1,0,1,1
domain::domain:archerycountry.com,domain:archerycountry.com,archerycountry.com,domain,,0,archerycountry.com,Yes,No,,,1,archerycountry.com | https://www.archerycountry.com,2,1,1,0,1
domain::domain:archive.web.org,domain:archive.web.org,archive.web.org,domain,,0,archive.web.org,Yes,No,,,1,archive.web.org,1,1,1,0,1
domain::domain:archivebox.io,domain:archivebox.io,archivebox.io,domain,,0,archivebox.io,Yes,No,,,1,https://archivebox.io/,1,1,1,0,1
domain::domain:ardemolition.com,domain:ardemolition.com,ardemolition.com,domain,,0,ardemolition.com,Yes,No,,,1,ardemolition.com | https://www.ardemolition.com,2,1,1,0,1
domain::domain:armaline.com,domain:armaline.com,armaline.com,domain,,0,armaline.com,Yes,No,,,1,https://www.armaline.com/,1,1,1,0,1
domain::domain:artstation.com,domain:artstation.com,artstation.com,domain,,0,artstation.com,Yes,No,,,1,https://www.artstation.com | www.artstation.com,2,1,1,0,1
domain::domain:asdah.org,domain:asdah.org,asdah.org,domain,,0,asdah.org,Yes,No,,,1,asdah.org,1,1,1,0,1
domain::domain:ashasexualhealth.org,domain:ashasexualhealth.org,ashasexualhealth.org,domain,,0,ashasexualhealth.org,Yes,No,,,1,https://www.ashasexualhealth.org/,1,1,0,1,1
domain::domain:asppb.net,domain:asppb.net,asppb.net,domain,,0,asppb.net,Yes,No,,,1,https://www.asppb.net/,1,1,1,0,1
domain::domain:associationfornutrition.org,domain:associationfornutrition.org,associationfornutrition.org,domain,,0,associationfornutrition.org,Yes,No,,,1,https://www.associationfornutrition.org | www.associationfornutrition.org,2,1,1,0,1
domain::domain:atafireworks.com,domain:atafireworks.com,atafireworks.com,domain,,0,atafireworks.com,Yes,No,,,1,https://www.atafireworks.com/state-laws,1,1,1,0,1
domain::domain:athinline.org,domain:athinline.org,athinline.org,domain,,0,athinline.org,Yes,No,,,1,https://www.athinline.org,1,1,1,0,1
domain::domain:atncorp.com,domain:atncorp.com,atncorp.com,domain,,0,atncorp.com,Yes,No,,,1,https://www.atncorp.com/,1,1,1,0,1
domain::domain:avn.com,domain:avn.com,avn.com,domain,,0,avn.com,Yes,No,,,1,https://www.avn.com/,1,1,0,1,1
domain::domain:awario.com,domain:awario.com,awario.com,domain,,0,awario.com,Yes,No,,,1,awario.com | https://awario.com/,2,1,1,0,1
domain::domain:babeland.com,domain:babeland.com,babeland.com,domain,,0,babeland.com,Yes,No,,,1,https://www.babeland.com/,1,1,0,1,1
domain::domain:badinkvr.com,domain:badinkvr.com,badinkvr.com,domain,,0,badinkvr.com,Yes,No,,,1,https://www.badinkvr.com/,2,1,1,0,1
domain::domain:bambinofireworks.com,domain:bambinofireworks.com,bambinofireworks.com,domain,,0,bambinofireworks.com,Yes,No,,,1,https://www.bambinofireworks.com/,1,1,0,1,1
domain::domain:bbeat.co.uk,domain:bbeat.co.uk,bbeat.co.uk,domain,,0,bbeat.co.uk,Yes,No,,,1,bbeat.co.uk,1,1,1,0,1
domain::domain:bbs.ca.gov,domain:bbs.ca.gov,bbs.ca.gov,domain,,0,bbs.ca.gov,Yes,No,,,1,https://www.bbs.ca.gov/,1,1,1,0,1
domain::domain:bcita.org,domain:bcita.org,bcita.org,domain,,0,bcita.org,Yes,No,,,1,https://www.bcita.org/,1,1,1,0,1
domain::domain:beckinstitute.org,domain:beckinstitute.org,beckinstitute.org,domain,,0,beckinstitute.org,Yes,No,,,1,https://beckinstitute.org/,1,1,1,0,1
domain::domain:bedbathandbeyond.com,domain:bedbathandbeyond.com,bedbathandbeyond.com,domain,,0,bedbathandbeyond.com,Yes,No,,,1,https://www.bedbathandbeyond.com,1,1,0,1,1
domain::domain:beerdrop.com,domain:beerdrop.com,beerdrop.com,domain,,0,beerdrop.com,Yes,No,,,1,https://www.beerdrop.com,1,1,1,0,1
domain::domain:beqon.org,domain:beqon.org,beqon.org,domain,,0,beqon.org,Yes,No,,,1,beqon.org,1,1,1,0,1
domain::domain:bit.ly,domain:bit.ly,bit.ly,domain,,0,bit.ly,Yes,No,,,1,https://bit.ly/3zZXo9w,1,1,0,1,1
domain::domain:blacked.com,domain:blacked.com,blacked.com,domain,,0,blacked.com,Yes,No,,,1,https://www.blacked.com/,1,1,1,0,1
domain::domain:bmstores.co.uk,domain:bmstores.co.uk,bmstores.co.uk,domain,,0,bmstores.co.uk,Yes,No,,,1,https://www.bmstores.co.uk,1,1,0,1,1
domain::domain:bodywhys.ie,domain:bodywhys.ie,bodywhys.ie,domain,,0,bodywhys.ie,Yes,No,,,1,bodywhys.ie,1,1,1,0,1
domain::domain:bongacams.com,domain:bongacams.com,bongacams.com,domain,,0,bongacams.com,Yes,No,,,1,https://www.bongacams.com | www.bongacams.com,2,1,1,0,1
domain::domain:bookthatbotox.com,domain:bookthatbotox.com,bookthatbotox.com,domain,,0,bookthatbotox.com,Yes,No,,,1,BookThatBotox.com,1,1,1,0,1
domain::domain:boomtownfireworks.com,domain:boomtownfireworks.com,boomtownfireworks.com,domain,,0,boomtownfireworks.com,Yes,No,,,1,https://www.boomtownfireworks.com/,1,1,1,0,1
domain::domain:borislhensonfoundation.org,domain:borislhensonfoundation.org,borislhensonfoundation.org,domain,,0,borislhensonfoundation.org,Yes,No,,,1,https://borislhensonfoundation.org/,1,1,1,0,1
domain::domain:bowforum.com,domain:bowforum.com,bowforum.com,domain,,0,bowforum.com,Yes,No,,,1,https://www.bowforum.com,1,1,1,0,1
domain::domain:bowhunter-ed.com,domain:bowhunter-ed.com,bowhunter-ed.com,domain,,0,bowhunter-ed.com,Yes,No,,,1,https://www.bowhunter-ed.com,1,1,1,0,1
domain::domain:bowsite.com,domain:bowsite.com,bowsite.com,domain,,0,bowsite.com,Yes,No,,,1,Bowsite.com,1,1,0,1,1
domain::domain:bps.org.uk,domain:bps.org.uk,bps.org.uk,domain,,0,bps.org.uk,Yes,No,,,1,https://www.bps.org.uk/,1,1,1,0,1
domain::domain:brainpop.com,domain:brainpop.com,brainpop.com,domain,,0,brainpop.com,Yes,No,,,1,brainpop.com,1,1,1,0,1
domain::domain:brand24.com,domain:brand24.com,brand24.com,domain,,0,brand24.com,Yes,No,,,1,brand24.com | https://brand24.com/,2,1,1,0,1
domain::domain:brandwatch.com,domain:brandwatch.com,brandwatch.com,domain,,0,brandwatch.com,Yes,No,,,1,https://www.brandwatch.com/,1,1,1,0,1
domain::domain:brook.org.uk,domain:brook.org.uk,brook.org.uk,domain,,0,brook.org.uk,Yes,No,,,1,https://www.brook.org.uk | www.brook.org.uk,2,1,1,0,1
domain::domain:brookeanderson.com,domain:brookeanderson.com,brookeanderson.com,domain,,0,brookeanderson.com,Yes,No,,,1,https://www.brookeanderson.com/pages/body-shape-quiz,1,1,1,0,1
domain::domain:bullying.gov,domain:bullying.gov,bullying.gov,domain,,0,bullying.gov,Yes,No,,,1,Bullying.gov,1,1,1,0,1
domain::domain:butterfly.org.in,domain:butterfly.org.in,butterfly.org.in,domain,,0,butterfly.org.in,Yes,No,,,1,butterfly.org.in,1,1,1,0,1
domain::domain:buyfireworks.com,domain:buyfireworks.com,buyfireworks.com,domain,,0,buyfireworks.com,Yes,No,,,1,BuyFireworks.com | buyfireworks.com | https://www.buyfireworks.com,3,1,0,1,1
domain::domain:calibersports.com,domain:calibersports.com,calibersports.com,domain,,0,calibersports.com,Yes,No,,,1,https://www.calibersports.com/,1,1,1,0,1
domain::domain:canva.com,domain:canva.com,canva.com,domain,,0,canva.com,Yes,No,,,1,https://www.canva.com/,1,1,1,0,1
domain::domain:careerbuilder.com,domain:careerbuilder.com,careerbuilder.com,domain,,0,careerbuilder.com,Yes,No,,,1,https://www.careerbuilder.com,1,1,1,0,1
domain::domain:carrd.co,domain:carrd.co,carrd.co,domain,,0,carrd.co,Yes,No,,,1,https://carrd.co/,1,1,1,0,1
domain::domain:ccbill.com,domain:ccbill.com,ccbill.com,domain,,0,ccbill.com,Yes,No,,,1,CCBill.com,1,1,0,1,1
domain::domain:ccpa-accp.ca,domain:ccpa-accp.ca,ccpa-accp.ca,domain,,0,ccpa-accp.ca,Yes,No,,,1,https://www.ccpa-accp.ca/find-a-counsellor-psychotherapist/,1,1,1,0,1
domain::domain:ccri.org,domain:ccri.org,ccri.org,domain,,0,ccri.org,Yes,No,,,1,ccri.org,1,1,1,0,1
domain::domain:ccrisishelpline.org,domain:ccrisishelpline.org,ccrisishelpline.org,domain,,0,ccrisishelpline.org,Yes,No,,,1,ccrisishelpline.org,1,1,1,0,1
domain::domain:cerave.com,domain:cerave.com,cerave.com,domain,,0,cerave.com,Yes,No,,,1,https://www.cerave.com/,1,1,0,1,1
domain::domain:cgl.org.uk,domain:cgl.org.uk,cgl.org.uk,domain,,0,cgl.org.uk,Yes,No,,,1,cgl.org.uk | https://www.cgl.org.uk,2,1,0,1,1
domain::domain:chatgpt.com,domain:chatgpt.com,chatgpt.com,domain,,0,chatgpt.com,Yes,No,,,1,chatgpt.com,1,1,0,1,1
domain::domain:chaturbate.com,domain:chaturbate.com,chaturbate.com,domain,,0,chaturbate.com,Yes,No,,,1,https://www.chaturbate.com | www.chaturbate.com,2,1,1,0,1
domain::domain:chefknivesmadeinitaly.com,domain:chefknivesmadeinitaly.com,chefknivesmadeinitaly.com,domain,,0,chefknivesmadeinitaly.com,Yes,No,,,1,https://www.chefknivesmadeinitaly.com/,1,1,0,1,1
domain::domain:chefknivestats.com,domain:chefknivestats.com,chefknivestats.com,domain,,0,chefknivestats.com,Yes,No,,,1,https://www.chefknivestats.com/whetstone-recommendations/,1,1,1,0,1
domain::domain:chess.com,domain:chess.com,chess.com,domain,,0,chess.com,Yes,No,,,1,Chess.com,1,1,1,0,1
domain::domain:chicagocounselingassociates.com,domain:chicagocounselingassociates.com,chicagocounselingassociates.com,domain,,0,chicagocounselingassociates.com,Yes,No,,,1,https://www.chicagocounselingassociates.com/,1,1,1,0,1
domain::domain:childhelp.org**,domain:childhelp.org**,childhelp.org**,domain,,0,childhelp.org**,Yes,No,,,1,www.childhelp.org**,1,1,1,0,1
domain::domain:childhelphoteline.0rg,domain:childhelphoteline.0rg,childhelphoteline.0rg,domain,,0,childhelphoteline.0rg,Yes,No,,,1,https://www.childhelphoteline.0rg,1,1,1,0,1
domain::domain:childhelpline.org,domain:childhelpline.org,childhelpline.org,domain,,0,childhelpline.org,Yes,No,,,1,childhelpline.org,1,1,0,1,1
domain::domain:childline.org.uk**,domain:childline.org.uk**,childline.org.uk**,domain,,0,childline.org.uk**,Yes,No,,,1,www.childline.org.uk**,1,1,1,0,1
domain::domain:childlineindia.org.in,domain:childlineindia.org.in,childlineindia.org.in,domain,,0,childlineindia.org.in,Yes,No,,,1,https://www.childlineindia.org.in/,1,1,1,0,1
domain::domain:childnet.com,domain:childnet.com,childnet.com,domain,,0,childnet.com,Yes,No,,,1,https://www.childnet.com | www.childnet.com,2,1,1,0,1
domain::domain:chillingeffects.org,domain:chillingeffects.org,chillingeffects.org,domain,,0,chillingeffects.org,Yes,No,,,1,https://www.chillingeffects.org/,1,1,1,0,1
domain::domain:choosemyplate.gov,domain:choosemyplate.gov,choosemyplate.gov,domain,,0,choosemyplate.gov,Yes,No,,,1,ChooseMyPlate.gov,1,1,1,0,1
domain::domain:chrc-ccdp.gc.ca,domain:chrc-ccdp.gc.ca,chrc-ccdp.gc.ca,domain,,0,chrc-ccdp.gc.ca,Yes,No,,,1,https://www.chrc-ccdp.gc.ca/,1,1,1,0,1
domain::domain:classificationoffice.govt.nz,domain:classificationoffice.govt.nz,classificationoffice.govt.nz,domain,,0,classificationoffice.govt.nz,Yes,No,,,1,https://www.classificationoffice.govt.nz/,1,1,1,0,1
domain::domain:cleanmama.net,domain:cleanmama.net,cleanmama.net,domain,,0,cleanmama.net,Yes,No,,,1,https://www.cleanmama.net/uploads/1/3/1/1/1311042/weekly_meal_planner_printable.pdf,1,1,1,0,1
domain::domain:clips4sale.com,domain:clips4sale.com,clips4sale.com,domain,,0,clips4sale.com,Yes,No,,,1,clips4sale.com,1,1,1,0,1
domain::domain:cloudflare.com,domain:cloudflare.com,cloudflare.com,domain,,0,cloudflare.com,Yes,No,,,1,https://www.cloudflare.com/abuse/form,1,1,1,0,1
domain::domain:cmha.ca,domain:cmha.ca,cmha.ca,domain,,0,cmha.ca,Yes,No,,,1,https://cmha.ca/find-help/,1,1,1,0,1
domain::domain:cnil.fr,domain:cnil.fr,cnil.fr,domain,,0,cnil.fr,Yes,No,,,1,https://www.cnil.fr,1,1,1,0,1
domain::domain:codecademy.com,domain:codecademy.com,codecademy.com,domain,,0,codecademy.com,Yes,No,,,1,https://www.codecademy.com/,1,1,1,0,1
domain::domain:commons.wikimedia.org,domain:commons.wikimedia.org,commons.wikimedia.org,domain,,0,commons.wikimedia.org,Yes,No,,,1,commons.wikimedia.org | https://commons.wikimedia.org,2,1,1,0,1
domain::domain:commonsense.org,domain:commonsense.org,commonsense.org,domain,,0,commonsense.org,Yes,No,,,1,https://www.commonsense.org/,1,1,1,0,1
domain::domain:confirmation.com,domain:confirmation.com,confirmation.com,domain,,0,confirmation.com,Yes,No,,,1,Confirmation.com,1,1,1,0,1
domain::domain:connect.ubisoft.com,domain:connect.ubisoft.com,connect.ubisoft.com,domain,,0,connect.ubisoft.com,Yes,No,,,1,https://connect.ubisoft.com/,1,1,1,0,1
domain::domain:consumer.ftc.gov,domain:consumer.ftc.gov,consumer.ftc.gov,domain,,0,consumer.ftc.gov,Yes,No,,,1,https://www.consumer.ftc.gov | www.consumer.ftc.gov,2,1,1,0,1
domain::domain:consumer.healthday.com,domain:consumer.healthday.com,consumer.healthday.com,domain,,0,consumer.healthday.com,Yes,No,,,1,https://www.consumer.healthday.com/encyclopedia/mental-health-8/child-psychology-101/the-choking-game-faqs-for-parents-626994.html,1,1,0,1,1
domain::domain:cooksillustrated.com,domain:cooksillustrated.com,cooksillustrated.com,domain,,0,cooksillustrated.com,Yes,No,,,1,https://www.cooksillustrated.com/,1,1,1,0,1
domain::domain:cornellyouthmentalhealth.org,domain:cornellyouthmentalhealth.org,cornellyouthmentalhealth.org,domain,,0,cornellyouthmentalhealth.org,Yes,No,,,1,cornellyouthmentalhealth.org,1,1,0,1,1
domain::domain:counselling-directory.org.uk,domain:counselling-directory.org.uk,counselling-directory.org.uk,domain,,0,counselling-directory.org.uk,Yes,No,,,1,https://www.counselling-directory.org.uk/,1,1,1,0,1
domain::domain:cpa.ca,domain:cpa.ca,cpa.ca,domain,,0,cpa.ca,Yes,No,,,1,https://cpa.ca/,1,1,1,0,1
domain::domain:crisistextline.org**,domain:crisistextline.org**,crisistextline.org**,domain,,0,crisistextline.org**,Yes,No,,,1,https://www.crisistextline.org**,1,1,1,0,1
domain::domain:crossbowlife.com,domain:crossbowlife.com,crossbowlife.com,domain,,0,crossbowlife.com,Yes,No,,,1,https://www.crossbowlife.com/forum/,1,1,1,0,1
domain::domain:ctia.org,domain:ctia.org,ctia.org,domain,,0,ctia.org,Yes,No,,,1,https://www.ctia.org/,1,1,1,0,1
domain::domain:culture.com,domain:culture.com,culture.com,domain,,0,culture.com,Yes,No,,,1,Culture.com,1,1,1,0,1
domain::domain:cutepdf.com,domain:cutepdf.com,cutepdf.com,domain,,0,cutepdf.com,Yes,No,,,1,https://www.cutepdf.com/,1,1,1,0,1
domain::domain:cutlery.com,domain:cutlery.com,cutlery.com,domain,,0,cutlery.com,Yes,No,,,1,Cutlery.com,1,1,1,0,1
domain::domain:cutwaterspirits.com,domain:cutwaterspirits.com,cutwaterspirits.com,domain,,0,cutwaterspirits.com,Yes,No,,,1,https://www.cutwaterspirits.com,1,1,1,0,1
domain::domain:cyber.gc.ca,domain:cyber.gc.ca,cyber.gc.ca,domain,,0,cyber.gc.ca,Yes,No,,,1,https://cyber.gc.ca/,1,1,1,0,1
domain::domain:cyberaide.ca,domain:cyberaide.ca,cyberaide.ca,domain,,0,cyberaide.ca,Yes,No,,,1,https://www.cyberaide.ca,1,1,1,0,1
domain::domain:cybercrime.gov.in,domain:cybercrime.gov.in,cybercrime.gov.in,domain,,0,cybercrime.gov.in,Yes,No,,,1,https://cybercrime.gov.in,2,1,1,0,1
domain::domain:cyberstalking.org,domain:cyberstalking.org,cyberstalking.org,domain,,0,cyberstalking.org,Yes,No,,,1,cyberstalking.org,1,1,1,0,1
domain::domain:dameproducts.com,domain:dameproducts.com,dameproducts.com,domain,,0,dameproducts.com,Yes,No,,,1,https://www.dameproducts.com/,2,1,1,0,1
domain::domain:dbsalliance.org,domain:dbsalliance.org,dbsalliance.org,domain,,0,dbsalliance.org,Yes,No,,,1,https://www.dbsalliance.org/,1,1,1,0,1
domain::domain:dea.gov,domain:dea.gov,dea.gov,domain,,0,dea.gov,Yes,No,,,1,DEA.gov | https://www.dea.gov/,2,1,1,0,1
domain::domain:dec.ny.gov,domain:dec.ny.gov,dec.ny.gov,domain,,0,dec.ny.gov,Yes,No,,,1,https://dec.ny.gov/,1,1,0,1,1
domain::domain:dehashed.com,domain:dehashed.com,dehashed.com,domain,,0,dehashed.com,Yes,No,,,1,https://www.dehashed.com/,1,1,1,0,1
domain::domain:delivery.com,domain:delivery.com,delivery.com,domain,,0,delivery.com,Yes,No,,,1,Delivery.com,1,1,1,0,1
domain::domain:dermablend.com,domain:dermablend.com,dermablend.com,domain,,0,dermablend.com,Yes,No,,,1,https://www.dermablend.com/,1,1,0,1,1
domain::domain:deviantart.com,domain:deviantart.com,deviantart.com,domain,,0,deviantart.com,Yes,No,,,1,https://www.deviantart.com | www.deviantart.com,2,1,1,0,1
domain::domain:dhs.gov,domain:dhs.gov,dhs.gov,domain,,0,dhs.gov,Yes,No,,,1,https://www.dhs.gov/see-something-say-something,1,1,1,0,1
domain::domain:dickssportinggoods.com,domain:dickssportinggoods.com,dickssportinggoods.com,domain,,0,dickssportinggoods.com,Yes,No,,,1,https://www.dickssportinggoods.com/,1,1,1,0,1
domain::domain:didihirsch.org,domain:didihirsch.org,didihirsch.org,domain,,0,didihirsch.org,Yes,No,,,1,https://www.didihirsch.org/,1,1,1,0,1
domain::domain:digital-strategy.ec.europa.eu,domain:digital-strategy.ec.europa.eu,digital-strategy.ec.europa.eu,domain,,0,digital-strategy.ec.europa.eu,Yes,No,,,1,https://digital-strategy.ec.europa.eu/en/policies/e-evidence,1,1,1,0,1
domain::domain:discountarchery.com,domain:discountarchery.com,discountarchery.com,domain,,0,discountarchery.com,Yes,No,,,1,discountarchery.com,1,1,0,1,1
domain::domain:distilledspirits.org,domain:distilledspirits.org,distilledspirits.org,domain,,0,distilledspirits.org,Yes,No,,,1,https://www.distilledspirits.org/,1,1,1,0,1
domain::domain:dmlp.org,domain:dmlp.org,dmlp.org,domain,,0,dmlp.org,Yes,No,,,1,https://www.dmlp.org/,1,1,1,0,1
domain::domain:dmm.com,domain:dmm.com,dmm.com,domain,,0,dmm.com,Yes,No,,,1,DMM.com,1,1,1,0,1
domain::domain:dnschecker.org,domain:dnschecker.org,dnschecker.org,domain,,0,dnschecker.org,Yes,No,,,1,dnschecker.org,1,1,1,0,1
domain::domain:docracy.com,domain:docracy.com,docracy.com,domain,,0,docracy.com,Yes,No,,,1,https://www.docracy.com/2767/dmca-takedown-notice,1,1,1,0,1
domain::domain:doctor.dans.com,domain:doctor.dans.com,doctor.dans.com,domain,,0,doctor.dans.com,Yes,No,,,1,https://www.doctor.dans.com/,1,1,0,1,1
domain::domain:doi.gov,domain:doi.gov,doi.gov,domain,,0,doi.gov,Yes,No,,,1,https://www.doi.gov/usgs/state-offices,1,1,0,1,1
domain::domain:doordash.com,domain:doordash.com,doordash.com,domain,,0,doordash.com,Yes,No,,,1,DoorDash.com,1,1,0,1,1
domain::domain:down.ncmec.org,domain:down.ncmec.org,down.ncmec.org,domain,,0,down.ncmec.org,Yes,No,,,1,down.ncmec.org,1,1,1,0,1
domain::domain:drawings.google.com,domain:drawings.google.com,drawings.google.com,domain,,0,drawings.google.com,Yes,No,,,1,https://drawings.google.com/,1,1,1,0,1
domain::domain:dryflydistilling.com,domain:dryflydistilling.com,dryflydistilling.com,domain,,0,dryflydistilling.com,Yes,No,,,1,https://dryflydistilling.com,1,1,1,0,1
domain::domain:duckduckgo.com,domain:duckduckgo.com,duckduckgo.com,domain,,0,duckduckgo.com,Yes,No,,,1,https://duckduckgo.com/,1,1,1,0,1
domain::domain:ducksters.com,domain:ducksters.com,ducksters.com,domain,,0,ducksters.com,Yes,No,,,1,ducksters.com | https://www.ducksters.com,2,1,1,0,1
domain::domain:ea.com,domain:ea.com,ea.com,domain,,0,ea.com,Yes,No,,,1,https://www.ea.com/en/games/all-games,1,1,1,0,1
domain::domain:eatingdisordersanonymous.org,domain:eatingdisordersanonymous.org,eatingdisordersanonymous.org,domain,,0,eatingdisordersanonymous.org,Yes,No,,,1,EatingDisordersAnonymous.org,1,1,1,0,1
domain::domain:echa.europa.eu,domain:echa.europa.eu,echa.europa.eu,domain,,0,echa.europa.eu,Yes,No,,,1,https://echa.europa.eu,1,1,0,1,1
domain::domain:edrdpro.com,domain:edrdpro.com,edrdpro.com,domain,,0,edrdpro.com,Yes,No,,,1,EDRDPro.com,1,1,1,0,1
domain::domain:egale.ca,domain:egale.ca,egale.ca,domain,,0,egale.ca,Yes,No,,,1,egale.ca | https://egale.ca/,2,1,1,0,1
domain::domain:ekelandlaw.com,domain:ekelandlaw.com,ekelandlaw.com,domain,,0,ekelandlaw.com,Yes,No,,,1,https://www.ekelandlaw.com/,1,1,1,0,1
domain::domain:empirefireworks.com,domain:empirefireworks.com,empirefireworks.com,domain,,0,empirefireworks.com,Yes,No,,,1,https://www.empirefireworks.com/,1,1,1,0,1
domain::domain:endingviolencecanada.org,domain:endingviolencecanada.org,endingviolencecanada.org,domain,,0,endingviolencecanada.org,Yes,No,,,1,https://endingviolencecanada.org/,1,1,1,0,1
domain::domain:epa.gov,domain:epa.gov,epa.gov,domain,,0,epa.gov,Yes,No,,,1,https://www.epa.gov/enforcement,1,1,1,0,1
domain::domain:epals.com,domain:epals.com,epals.com,domain,,0,epals.com,Yes,No,,,1,EPals.com,1,1,1,0,1
domain::domain:epic-fireworks.co.uk,domain:epic-fireworks.co.uk,epic-fireworks.co.uk,domain,,0,epic-fireworks.co.uk,Yes,No,,,1,https://www.epic-fireworks.co.uk/,1,1,0,1,1
domain::domain:epidemicsound.com,domain:epidemicsound.com,epidemicsound.com,domain,,0,epidemicsound.com,Yes,No,,,1,https://www.epidemicsound.com/,1,1,1,0,1
domain::domain:epoch.com,domain:epoch.com,epoch.com,domain,,0,epoch.com,Yes,No,,,1,Epoch.com,1,1,0,1,1
domain::domain:epornstar.com,domain:epornstar.com,epornstar.com,domain,,0,epornstar.com,Yes,No,,,1,https://www.epornstar.com/,2,1,1,0,1
domain::domain:equalityhumanrights.com,domain:equalityhumanrights.com,equalityhumanrights.com,domain,,0,equalityhumanrights.com,Yes,No,,,1,https://www.equalityhumanrights.com/,1,1,1,0,1
domain::domain:equinet.org,domain:equinet.org,equinet.org,domain,,0,equinet.org,Yes,No,,,1,https://equinet.org/,1,1,1,0,1
domain::domain:erase.com,domain:erase.com,erase.com,domain,,0,erase.com,Yes,No,,,1,Erase.com,1,1,1,0,1
domain::domain:eros.com,domain:eros.com,eros.com,domain,,0,eros.com,Yes,No,,,1,Eros.com,1,1,1,0,1
domain::domain:ethicspoint.com,domain:ethicspoint.com,ethicspoint.com,domain,,0,ethicspoint.com,Yes,No,,,1,https://www.ethicspoint.com/,1,1,1,0,1
domain::domain:eur-lex.europa.eu,domain:eur-lex.europa.eu,eur-lex.europa.eu,domain,,0,eur-lex.europa.eu,Yes,No,,,1,https://eur-lex.europa.eu/legal-content/EN/TXT/HTML/?uri=CELEX:32019R1119,1,1,1,0,1
domain::domain:europol.europa.eu,domain:europol.europa.eu,europol.europa.eu,domain,,0,europol.europa.eu,Yes,No,,,1,https://www.europol.europa.eu/report-a-crime/report-cybercrime-online,1,1,1,0,1
domain::domain:excaliburcrossbow.com,domain:excaliburcrossbow.com,excaliburcrossbow.com,domain,,0,excaliburcrossbow.com,Yes,No,,,1,https://excaliburcrossbow.com/,1,1,1,0,1
domain::domain:f12films.com,domain:f12films.com,f12films.com,domain,,0,f12films.com,Yes,No,,,1,https://f12films.com/,1,1,1,0,1
domain::domain:fandango.com,domain:fandango.com,fandango.com,domain,,0,fandango.com,Yes,No,,,1,https://www.fandango.com/mpaa-film-ratings,1,1,0,1,1
domain::domain:fansly.com,domain:fansly.com,fansly.com,domain,,0,fansly.com,Yes,No,,,1,Fansly.com,1,1,1,0,1
domain::domain:fast.com,domain:fast.com,fast.com,domain,,0,fast.com,Yes,No,,,1,fast.com,1,1,1,0,1
domain::domain:fca.tas.gov.au,domain:fca.tas.gov.au,fca.tas.gov.au,domain,,0,fca.tas.gov.au,Yes,No,,,1,https://www.fca.tas.gov.au/,1,1,1,0,1
domain::domain:fearless.org,domain:fearless.org,fearless.org,domain,,0,fearless.org,Yes,No,,,1,fearless.org,1,1,1,0,1
domain::domain:femmeproductions.com,domain:femmeproductions.com,femmeproductions.com,domain,,0,femmeproductions.com,Yes,No,,,1,https://www.femmeproductions.com/,2,1,1,0,1
domain::domain:fetlife.com,domain:fetlife.com,fetlife.com,domain,,0,fetlife.com,Yes,No,,,1,https://fetlife.com/,2,1,1,0,1
domain::domain:film4.com,domain:film4.com,film4.com,domain,,0,film4.com,Yes,No,,,1,Film4.com,1,1,0,1,1
domain::domain:filmon.com,domain:filmon.com,filmon.com,domain,,0,filmon.com,Yes,No,,,1,https://www.filmon.com,1,1,0,1,1
domain::domain:filmratings.com,domain:filmratings.com,filmratings.com,domain,,0,filmratings.com,Yes,No,,,1,FilmRatings.com,1,1,0,1,1
domain::domain:findahelpline.5org,domain:findahelpline.5org,findahelpline.5org,domain,,0,findahelpline.5org,Yes,No,,,1,https://findahelpline.5org/,1,1,1,0,1
domain::domain:findapsychologist.org.au,domain:findapsychologist.org.au,findapsychologist.org.au,domain,,0,findapsychologist.org.au,Yes,No,,,1,https://www.findapsychologist.org.au/,1,1,1,0,1
domain::domain:findinghelp.org,domain:findinghelp.org,findinghelp.org,domain,,0,findinghelp.org,Yes,No,,,1,findinghelp.org,1,1,1,0,1
domain::domain:findlaw.com,domain:findlaw.com,findlaw.com,domain,,0,findlaw.com,Yes,No,,,1,https://www.findlaw.com/,1,1,1,0,1
domain::domain:findyourwords.org,domain:findyourwords.org,findyourwords.org,domain,,0,findyourwords.org,Yes,No,,,1,FindYourWords.org | https://findyourwords.org/,2,1,1,0,1
domain::domain:findyouthinfo.gov,domain:findyouthinfo.gov,findyouthinfo.gov,domain,,0,findyouthinfo.gov,Yes,No,,,1,FindYouthInfo.gov,1,1,1,0,1
domain::domain:firearmsafety.gov.au,domain:firearmsafety.gov.au,firearmsafety.gov.au,domain,,0,firearmsafety.gov.au,Yes,No,,,1,https://www.firearmsafety.gov.au/,1,1,1,0,1
domain::domain:fireworkcrazy.com,domain:fireworkcrazy.com,fireworkcrazy.com,domain,,0,fireworkcrazy.com,Yes,No,,,1,https://www.fireworkcrazy.com/,1,1,1,0,1
domain::domain:fireworks-world.com,domain:fireworks-world.com,fireworks-world.com,domain,,0,fireworks-world.com,Yes,No,,,1,https://www.fireworks-world.com/,1,1,0,1,1
domain::domain:fireworks.nl,domain:fireworks.nl,fireworks.nl,domain,,0,fireworks.nl,Yes,No,,,1,https://www.fireworks.nl,1,1,1,0,1
domain::domain:fireworks24.com,domain:fireworks24.com,fireworks24.com,domain,,0,fireworks24.com,Yes,No,,,1,Fireworks24.com,1,1,1,0,1
domain::domain:fireworksafety.org,domain:fireworksafety.org,fireworksafety.org,domain,,0,fireworksafety.org,Yes,No,,,1,https://www.fireworksafety.org/,1,1,1,0,1
domain::domain:fireworksco.com,domain:fireworksco.com,fireworksco.com,domain,,0,fireworksco.com,Yes,No,,,1,https://www.fireworksco.com/state-laws/,1,1,0,1,1
domain::domain:fireworksworld.co.uk,domain:fireworksworld.co.uk,fireworksworld.co.uk,domain,,0,fireworksworld.co.uk,Yes,No,,,1,https://www.fireworksworld.co.uk/,1,1,0,1,1
domain::domain:fireworksxtreme.co.uk,domain:fireworksxtreme.co.uk,fireworksxtreme.co.uk,domain,,0,fireworksxtreme.co.uk,Yes,No,,,1,https://www.fireworksxtreme.co.uk/,1,1,1,0,1
domain::domain:firstleaf.com,domain:firstleaf.com,firstleaf.com,domain,,0,firstleaf.com,Yes,No,,,1,https://www.firstleaf.com,1,1,1,0,1
domain::domain:fishandgame.org.nz,domain:fishandgame.org.nz,fishandgame.org.nz,domain,,0,fishandgame.org.nz,Yes,No,,,1,https://www.fishandgame.org.nz/,1,1,0,1,1
domain::domain:fitanalytics.de,domain:fitanalytics.de,fitanalytics.de,domain,,0,fitanalytics.de,Yes,No,,,1,https://www.fitanalytics.de,1,1,1,0,1
domain::domain:flicks.co.nz,domain:flicks.co.nz,flicks.co.nz,domain,,0,flicks.co.nz,Yes,No,,,1,Flicks.co.nz | https://www.flicks.co.nz/,2,1,1,0,1
domain::domain:food-guide.canada.ca,domain:food-guide.canada.ca,food-guide.canada.ca,domain,,0,food-guide.canada.ca,Yes,No,,,1,https://food-guide.canada.ca/,1,1,1,0,1
domain::domain:forbes.com,domain:forbes.com,forbes.com,domain,,0,forbes.com,Yes,No,,,1,forbes.com/advisor**,1,1,1,0,1
domain::domain:fossa.org,domain:fossa.org,fossa.org,domain,,0,fossa.org,Yes,No,,,1,fossa.org | https://www.fossa.org,2,1,1,0,1
domain::domain:fosters.com,domain:fosters.com,fosters.com,domain,,0,fosters.com,Yes,No,,,1,fosters.com,1,1,1,0,1
domain::domain:frank.com,domain:frank.com,frank.com,domain,,0,frank.com,Yes,No,,,1,frank.com,1,1,0,1,1
domain::domain:freecodecamp.org,domain:freecodecamp.org,freecodecamp.org,domain,,0,freecodecamp.org,Yes,No,,,1,https://www.freecodecamp.org/,1,1,1,0,1
domain::domain:ftc.gov,domain:ftc.gov,ftc.gov,domain,,0,ftc.gov,Yes,No,,,1,ftc.gov/complaint,1,1,1,0,1
domain::domain:fwines.com,domain:fwines.com,fwines.com,domain,,0,fwines.com,Yes,No,,,1,FWines.com,1,1,0,1,1
domain::domain:fxairguns.com,domain:fxairguns.com,fxairguns.com,domain,,0,fxairguns.com,Yes,No,,,1,https://www.fxairguns.com/,1,1,0,1,1
domain::domain:galop.org.uk,domain:galop.org.uk,galop.org.uk,domain,,0,galop.org.uk,Yes,No,,,1,galop.org.uk,1,1,1,0,1
domain::domain:gamo.com,domain:gamo.com,gamo.com,domain,,0,gamo.com,Yes,No,,,1,https://www.gamo.com/,1,1,1,0,1
domain::domain:gamoworld.com,domain:gamoworld.com,gamoworld.com,domain,,0,gamoworld.com,Yes,No,,,1,https://www.gamoworld.com | www.gamoworld.com,2,1,0,1,1
domain::domain:gemini.google.com,domain:gemini.google.com,gemini.google.com,domain,,0,gemini.google.com,Yes,No,,,1,gemini.google.com,1,1,0,1,1
domain::domain:geoguessr.com,domain:geoguessr.com,geoguessr.com,domain,,0,geoguessr.com,Yes,No,,,1,GeoGuessr.com,1,1,1,0,1
domain::domain:gethuman.com,domain:gethuman.com,gethuman.com,domain,,0,gethuman.com,Yes,No,,,1,gethuman.com,1,1,1,0,1
domain::domain:ghelpline.org,domain:ghelpline.org,ghelpline.org,domain,,0,ghelpline.org,Yes,No,,,1,ghelpline.org,1,1,1,0,1
domain::domain:girlfriendsfilms.com,domain:girlfriendsfilms.com,girlfriendsfilms.com,domain,,0,girlfriendsfilms.com,Yes,No,,,1,girlfriendsfilms.com,1,1,1,0,1
domain::domain:glad.org,domain:glad.org,glad.org,domain,,0,glad.org,Yes,No,,,1,glad.org | https://www.glad.org,2,1,1,0,1
domain::domain:glassdoor.com,domain:glassdoor.com,glassdoor.com,domain,,0,glassdoor.com,Yes,No,,,1,glassdoor.com | https://www.glassdoor.com/,2,1,1,0,1
domain::domain:glma.org,domain:glma.org,glma.org,domain,,0,glma.org,Yes,No,,,1,http://www.glma.org,2,1,1,0,1
domain::domain:global-cutlery.com,domain:global-cutlery.com,global-cutlery.com,domain,,0,global-cutlery.com,Yes,No,,,1,https://www.global-cutlery.com/,1,1,1,0,1
domain::domain:gmc-uk.org,domain:gmc-uk.org,gmc-uk.org,domain,,0,gmc-uk.org,Yes,No,,,1,https://www.gmc-uk.org/,1,1,1,0,1
domain::domain:goaskalice.columbia.edu,domain:goaskalice.columbia.edu,goaskalice.columbia.edu,domain,,0,goaskalice.columbia.edu,Yes,No,,,1,https://goaskalice.columbia.edu/,1,1,0,1,1
domain::domain:gonude.com,domain:gonude.com,gonude.com,domain,,0,gonude.com,Yes,No,,,1,gonude.com | https://gonude.com,2,1,1,0,1
domain::domain:goodvibes.com,domain:goodvibes.com,goodvibes.com,domain,,0,goodvibes.com,Yes,No,,,1,https://www.goodvibes.com,1,1,0,1,1
domain::domain:gsga.com,domain:gsga.com,gsga.com,domain,,0,gsga.com,Yes,No,,,1,https://www.gsga.com/,1,1,1,0,1
domain::domain:gtsportfishing.eu,domain:gtsportfishing.eu,gtsportfishing.eu,domain,,0,gtsportfishing.eu,Yes,No,,,1,https://www.gtsportfishing.eu/,1,1,1,0,1
domain::domain:guns.com,domain:guns.com,guns.com,domain,,0,guns.com,Yes,No,,,1,Guns.com,1,1,0,1,1
domain::domain:gunshop.com,domain:gunshop.com,gunshop.com,domain,,0,gunshop.com,Yes,No,,,1,gunshop.com | https://www.gunshop.com/,2,1,1,0,1
domain::domain:guntrader.co.uk,domain:guntrader.co.uk,guntrader.co.uk,domain,,0,guntrader.co.uk,Yes,No,,,1,GunTrader.co.uk,1,1,1,0,1
domain::domain:guyots.com,domain:guyots.com,guyots.com,domain,,0,guyots.com,Yes,No,,,1,https://www.guyots.com/,1,1,1,0,1
domain::domain:harrisandsheldon.co.uk,domain:harrisandsheldon.co.uk,harrisandsheldon.co.uk,domain,,0,harrisandsheldon.co.uk,Yes,No,,,1,https://www.harrisandsheldon.co.uk/,1,1,1,0,1
domain::domain:hash.online-convert.com,domain:hash.online-convert.com,hash.online-convert.com,domain,,0,hash.online-convert.com,Yes,No,,,1,hash.online-convert.com,1,1,1,0,1
domain::domain:hatecrime.net,domain:hatecrime.net,hatecrime.net,domain,,0,hatecrime.net,Yes,No,,,1,https://www.hatecrime.net/,1,1,1,0,1
domain::domain:hatecrimewatch.org,domain:hatecrimewatch.org,hatecrimewatch.org,domain,,0,hatecrimewatch.org,Yes,No,,,1,https://www.hatecrimewatch.org | www.hatecrimewatch.org,2,1,1,0,1
domain::domain:hcp.cigna.com,domain:hcp.cigna.com,hcp.cigna.com,domain,,0,hcp.cigna.com,Yes,No,,,1,https://hcp.cigna.com/,1,1,1,0,1
domain::domain:headspace.org,domain:headspace.org,headspace.org,domain,,0,headspace.org,Yes,No,,,1,headspace.org,1,1,1,0,1
domain::domain:headway.co,domain:headway.co,headway.co,domain,,0,headway.co,Yes,No,,,1,https://headway.co/,1,1,1,0,1
domain::domain:heal.com,domain:heal.com,heal.com,domain,,0,heal.com,Yes,No,,,1,heal.com,1,1,1,0,1
domain::domain:health.clevelandclinic.org,domain:health.clevelandclinic.org,health.clevelandclinic.org,domain,,0,health.clevelandclinic.org,Yes,No,,,1,https://health.clevelandclinic.org/,1,1,1,0,1
domain::domain:healthcare.gov,domain:healthcare.gov,healthcare.gov,domain,,0,healthcare.gov,Yes,No,,,1,https://www.healthcare.gov/find-providers/,1,1,1,0,1
domain::domain:healthgrades.com,domain:healthgrades.com,healthgrades.com,domain,,0,healthgrades.com,Yes,No,,,1,https://www.healthgrades.com/,1,1,1,0,1
domain::domain:heartlandalliance.org,domain:heartlandalliance.org,heartlandalliance.org,domain,,0,heartlandalliance.org,Yes,No,,,1,https://www.heartlandalliance.org/,1,1,1,0,1
domain::domain:heas.health.vic.gov.au,domain:heas.health.vic.gov.au,heas.health.vic.gov.au,domain,,0,heas.health.vic.gov.au,Yes,No,,,1,https://heas.health.vic.gov.au/,1,1,1,0,1
domain::domain:help.steampowered.com,domain:help.steampowered.com,help.steampowered.com,domain,,0,help.steampowered.com,Yes,No,,,1,help.steampowered.com | https://help.steampowered.com,2,1,0,1,1
domain::domain:help.x.com,domain:help.x.com,help.x.com,domain,,0,help.x.com,Yes,No,,,1,https://help.x.com/en/using-x/illegal-and-abusive-behavior-policies,1,1,1,0,1
domain::domain:helpguide.org,domain:helpguide.org,helpguide.org,domain,,0,helpguide.org,Yes,No,,,1,https://www.helpguide.org,1,1,1,0,1
domain::domain:hondex.com,domain:hondex.com,hondex.com,domain,,0,hondex.com,Yes,No,,,1,https://www.hondex.com/,1,1,1,0,1
domain::domain:honeylove.co.uk,domain:honeylove.co.uk,honeylove.co.uk,domain,,0,honeylove.co.uk,Yes,No,,,1,https://www.honeylove.co.uk/,1,1,1,0,1
domain::domain:hopeforwellness.ca,domain:hopeforwellness.ca,hopeforwellness.ca,domain,,0,hopeforwellness.ca,Yes,No,,,1,hopeforwellness.ca | https://hopeforwellness.ca,2,1,1,0,1
domain::domain:hostingprovider.com,domain:hostingprovider.com,hostingprovider.com,domain,,0,hostingprovider.com,Yes,No,,,1,hostingprovider.com,1,1,1,0,1
domain::domain:hotline.global,domain:hotline.global,hotline.global,domain,,0,hotline.global,Yes,No,,,1,https://www.hotline.global,1,1,1,0,1
domain::domain:hrsa.gov,domain:hrsa.gov,hrsa.gov,domain,,0,hrsa.gov,Yes,No,,,1,HRSA.gov,1,1,0,1,1
domain::domain:hse.gov.uk,domain:hse.gov.uk,hse.gov.uk,domain,,0,hse.gov.uk,Yes,No,,,1,https://www.hse.gov.uk | www.hse.gov.uk,3,1,1,0,1
domain::domain:hsef.co.uk,domain:hsef.co.uk,hsef.co.uk,domain,,0,hsef.co.uk,Yes,No,,,1,https://www.hsef.co.uk,1,1,1,0,1
domain::domain:humanrights.ca,domain:humanrights.ca,humanrights.ca,domain,,0,humanrights.ca,Yes,No,,,1,https://www.humanrights.ca | humanrights.ca,2,1,1,0,1
domain::domain:hunter-ed.com,domain:hunter-ed.com,hunter-ed.com,domain,,0,hunter-ed.com,Yes,No,,,1,https://www.hunter-ed.com/texas/,1,1,0,1,1
domain::domain:hushhush.co.uk,domain:hushhush.co.uk,hushhush.co.uk,domain,,0,hushhush.co.uk,Yes,No,,,1,https://www.hushhush.co.uk/,1,1,1,0,1
domain::domain:hustlerhollywood.co.uk,domain:hustlerhollywood.co.uk,hustlerhollywood.co.uk,domain,,0,hustlerhollywood.co.uk,Yes,No,,,1,https://www.hustlerhollywood.co.uk/,1,1,0,1,1
domain::domain:iaedp.com,domain:iaedp.com,iaedp.com,domain,,0,iaedp.com,Yes,No,,,1,iaedp.com,1,1,1,0,1
domain::domain:ianatactical.com,domain:ianatactical.com,ianatactical.com,domain,,0,ianatactical.com,Yes,No,,,1,https://www.ianatactical.com/,1,1,1,0,1
domain::domain:identitytheft.gov,domain:identitytheft.gov,identitytheft.gov,domain,,0,identitytheft.gov,Yes,No,,,1,IdentityTheft.gov,1,1,1,0,1
domain::domain:ikea.com,domain:ikea.com,ikea.com,domain,,0,ikea.com,Yes,No,,,1,https://www.ikea.com/,1,1,1,0,1
domain::domain:imatter.org,domain:imatter.org,imatter.org,domain,,0,imatter.org,Yes,No,,,1,imatter.org,1,1,1,0,1
domain::domain:imfga.org,domain:imfga.org,imfga.org,domain,,0,imfga.org,Yes,No,,,1,https://www.imfga.org/,1,1,1,0,1
domain::domain:indigotattoos.com,domain:indigotattoos.com,indigotattoos.com,domain,,0,indigotattoos.com,Yes,No,,,1,https://indigotattoos.com/,1,1,0,1,1
domain::domain:indochino.com,domain:indochino.com,indochino.com,domain,,0,indochino.com,Yes,No,,,1,https://www.indochino.com,1,1,1,0,1
domain::domain:inhope.net,domain:inhope.net,inhope.net,domain,,0,inhope.net,Yes,No,,,1,INHOPE.net,1,1,1,0,1
domain::domain:injectabletruth.com,domain:injectabletruth.com,injectabletruth.com,domain,,0,injectabletruth.com,Yes,No,,,1,https://www.injectabletruth.com/,1,1,1,0,1
domain::domain:inkbox.com,domain:inkbox.com,inkbox.com,domain,,0,inkbox.com,Yes,No,,,1,https://inkbox.com/,1,1,0,1,1
domain::domain:inkmatch.co,domain:inkmatch.co,inkmatch.co,domain,,0,inkmatch.co,Yes,No,,,1,https://inkmatch.co/,1,1,1,0,1
domain::domain:inkstitutes.com,domain:inkstitutes.com,inkstitutes.com,domain,,0,inkstitutes.com,Yes,No,,,1,https://inkstitutes.com/,1,1,1,0,1
domain::domain:inoculator.com,domain:inoculator.com,inoculator.com,domain,,0,inoculator.com,Yes,No,,,1,inoculator.com,1,1,1,0,1
domain::domain:inoreader.com,domain:inoreader.com,inoreader.com,domain,,0,inoreader.com,Yes,No,,,1,https://www.inoreader.com/,1,1,1,0,1
domain::domain:internet-signalement.gouv.fr,domain:internet-signalement.gouv.fr,internet-signalement.gouv.fr,domain,,0,internet-signalement.gouv.fr,Yes,No,,,1,https://www.internet-signalement.gouv.fr/,1,1,1,0,1
domain::domain:intuitiveeating.org,domain:intuitiveeating.org,intuitiveeating.org,domain,,0,intuitiveeating.org,Yes,No,,,1,IntuitiveEating.org,1,1,1,0,1
domain::domain:irs.gov,domain:irs.gov,irs.gov,domain,,0,irs.gov,Yes,No,,,1,https://www.irs.gov/compliance/whistleblower-office | www.irs.gov/compliance/whistleblower-office,2,1,1,0,1
domain::domain:istss.org,domain:istss.org,istss.org,domain,,0,istss.org,Yes,No,,,1,http://www.istss.org,2,1,1,0,1
domain::domain:itsgoodtotalk.org.uk,domain:itsgoodtotalk.org.uk,itsgoodtotalk.org.uk,domain,,0,itsgoodtotalk.org.uk,Yes,No,,,1,https://www.itsgoodtotalk.org.uk/find-a-therapist,1,1,1,0,1
domain::domain:itstopswithme.humanrights.gov.au,domain:itstopswithme.humanrights.gov.au,itstopswithme.humanrights.gov.au,domain,,0,itstopswithme.humanrights.gov.au,Yes,No,,,1,https://itstopswithme.humanrights.gov.au/,1,1,1,0,1
domain::domain:iwma.org,domain:iwma.org,iwma.org,domain,,0,iwma.org,Yes,No,,,1,https://www.iwma.org/fireworks-safety/us-fireworks-laws,2,1,1,0,1
domain::domain:japanesecutlery.com,domain:japanesecutlery.com,japanesecutlery.com,domain,,0,japanesecutlery.com,Yes,No,,,1,JapaneseCutlery.com,1,1,1,0,1
domain::domain:jasonfoundation.com,domain:jasonfoundation.com,jasonfoundation.com,domain,,0,jasonfoundation.com,Yes,No,,,1,jasonfoundation.com,1,1,0,1,1
domain::domain:jed.org,domain:jed.org,jed.org,domain,,0,jed.org,Yes,No,,,1,JED.org,1,1,1,0,1
domain::domain:justdeleteme.xyz,domain:justdeleteme.xyz,justdeleteme.xyz,domain,,0,justdeleteme.xyz,Yes,No,,,1,https://justdeleteme.xyz/,1,1,1,0,1
domain::domain:justfor.fans,domain:justfor.fans,justfor.fans,domain,,0,justfor.fans,Yes,No,,,1,https://justfor.fans/,2,1,1,0,1
domain::domain:justice.gc.ca,domain:justice.gc.ca,justice.gc.ca,domain,,0,justice.gc.ca,Yes,No,,,1,https://www.justice.gc.ca/,1,1,1,0,1
domain::domain:kaboomfireworks.com,domain:kaboomfireworks.com,kaboomfireworks.com,domain,,0,kaboomfireworks.com,Yes,No,,,1,KaboomFireworks.com,1,1,0,1,1
domain::domain:kaboomsales.com,domain:kaboomsales.com,kaboomsales.com,domain,,0,kaboomsales.com,Yes,No,,,1,https://www.kaboomsales.com | kaboomsales.com,2,1,0,1,1
domain::domain:katvondbeauty.com,domain:katvondbeauty.com,katvondbeauty.com,domain,,0,katvondbeauty.com,Yes,No,,,1,https://katvondbeauty.com/,1,1,0,1,1
domain::domain:kidhealth.org,domain:kidhealth.org,kidhealth.org,domain,,0,kidhealth.org,Yes,No,,,1,kidhealth.org,1,1,0,1,1
domain::domain:kidsemail.org,domain:kidsemail.org,kidsemail.org,domain,,0,kidsemail.org,Yes,No,,,1,KidsEmail.org,1,1,1,0,1
domain::domain:kidsonlinesafetyact.org,domain:kidsonlinesafetyact.org,kidsonlinesafetyact.org,domain,,0,kidsonlinesafetyact.org,Yes,No,,,1,KidsOnlineSafetyAct.org | https://www.kidsonlinesafetyact.org/,2,1,1,0,1
domain::domain:kingarthurbaking.com,domain:kingarthurbaking.com,kingarthurbaking.com,domain,,0,kingarthurbaking.com,Yes,No,,,1,kingarthurbaking.com,1,1,1,0,1
domain::domain:kink.com,domain:kink.com,kink.com,domain,,0,kink.com,Yes,No,,,1,Kink.com,1,1,1,0,1
domain::domain:kinkacademy.com,domain:kinkacademy.com,kinkacademy.com,domain,,0,kinkacademy.com,Yes,No,,,1,https://www.kinkacademy.com/,1,1,1,0,1
domain::domain:kiwifarms.net,domain:kiwifarms.net,kiwifarms.net,domain,,0,kiwifarms.net,Yes,No,,,1,https://www.kiwifarms.net/,1,1,1,0,1
domain::domain:knifeopen.com,domain:knifeopen.com,knifeopen.com,domain,,0,knifeopen.com,Yes,No,,,1,https://www.knifeopen.com/us-knife-laws-by-state/,1,1,1,0,1
domain::domain:knivesandstones.com,domain:knivesandstones.com,knivesandstones.com,domain,,0,knivesandstones.com,Yes,No,,,1,knivesandstones.com,1,1,1,0,1
domain::domain:kongfire.co.uk,domain:kongfire.co.uk,kongfire.co.uk,domain,,0,kongfire.co.uk,Yes,No,,,1,https://www.kongfire.co.uk,1,1,1,0,1
domain::domain:kroger.com,domain:kroger.com,kroger.com,domain,,0,kroger.com,Yes,No,,,1,https://www.kroger.com | kroger.com,2,1,1,0,1
domain::domain:lapdonlinereporting.org,domain:lapdonlinereporting.org,lapdonlinereporting.org,domain,,0,lapdonlinereporting.org,Yes,No,,,1,https://www.lapdonlinereporting.org/,1,1,1,0,1
domain::domain:latinxtherapy.com,domain:latinxtherapy.com,latinxtherapy.com,domain,,0,latinxtherapy.com,Yes,No,,,1,LatinxTherapy.com,1,1,1,0,1
domain::domain:lawhelp.org,domain:lawhelp.org,lawhelp.org,domain,,0,lawhelp.org,Yes,No,,,1,LawHelp.org,1,1,1,0,1
domain::domain:learningforjustice.org,domain:learningforjustice.org,learningforjustice.org,domain,,0,learningforjustice.org,Yes,No,,,1,https://www.learningforjustice.org/,1,1,1,0,1
domain::domain:leg.state.fl.us,domain:leg.state.fl.us,leg.state.fl.us,domain,,0,leg.state.fl.us,Yes,No,,,1,https://www.leg.state.fl.us/statutes/index.cfm?App_mode=Display_Statute&URL=0700-0799/0790/Sections/0790.115.html,1,1,1,0,1
domain::domain:legal.google.com,domain:legal.google.com,legal.google.com,domain,,0,legal.google.com,Yes,No,,,1,https://legal.google.com/legal-removal-notice/,1,1,1,0,1
domain::domain:legal.twitter.com,domain:legal.twitter.com,legal.twitter.com,domain,,0,legal.twitter.com,Yes,No,,,1,https://legal.twitter.com/,1,1,1,0,1
domain::domain:legalmatch.com,domain:legalmatch.com,legalmatch.com,domain,,0,legalmatch.com,Yes,No,,,1,https://www.legalmatch.com/law-library/article/small-claims-court-limits.html,1,1,1,0,1
domain::domain:line-of-action.com,domain:line-of-action.com,line-of-action.com,domain,,0,line-of-action.com,Yes,No,,,1,line-of-action.com,1,1,1,0,1
domain::domain:lookstomentor.com,domain:lookstomentor.com,lookstomentor.com,domain,,0,lookstomentor.com,Yes,No,,,1,https://www.lookstomentor.com/,1,1,1,0,1
domain::domain:loyal.com,domain:loyal.com,loyal.com,domain,,0,loyal.com,Yes,No,,,1,https://www.loyal.com/,1,1,1,0,1
domain::domain:lsc.gov,domain:lsc.gov,lsc.gov,domain,,0,lsc.gov,Yes,No,,,1,https://www.lsc.gov,1,1,1,0,1
domain::domain:lumendatabase.org,domain:lumendatabase.org,lumendatabase.org,domain,,0,lumendatabase.org,Yes,No,,,1,https://lumendatabase.org/,1,1,1,0,1
domain::domain:makelovenotporn.com,domain:makelovenotporn.com,makelovenotporn.com,domain,,0,makelovenotporn.com,Yes,No,,,1,https://www.makelovenotporn.com/,1,1,1,0,1
domain::domain:mediacorpgames.raintreepictures.com,domain:mediacorpgames.raintreepictures.com,mediacorpgames.raintreepictures.com,domain,,0,mediacorpgames.raintreepictures.com,Yes,No,,,1,https://www.mediacorpgames.raintreepictures.com/,2,1,1,0,1
domain::domain:medicalspa.org,domain:medicalspa.org,medicalspa.org,domain,,0,medicalspa.org,Yes,No,,,1,https://www.medicalspa.org/,1,1,1,0,1
domain::domain:medicare.gov,domain:medicare.gov,medicare.gov,domain,,0,medicare.gov,Yes,No,,,1,https://www.medicare.gov/care-compare/,1,1,1,0,1
domain::domain:medlineplus.gov,domain:medlineplus.gov,medlineplus.gov,domain,,0,medlineplus.gov,Yes,No,,,1,https://medlinePlus.gov,1,1,1,0,1
domain::domain:mega.nz,domain:mega.nz,mega.nz,domain,,0,mega.nz,Yes,No,,,1,Mega.nz,1,1,1,0,1
domain::domain:mentalhealth.gov,domain:mentalhealth.gov,mentalhealth.gov,domain,,0,mentalhealth.gov,Yes,No,,,1,https://www.mentalhealth.gov/get-help/immediate-help,1,1,1,0,1
domain::domain:mentalhealthed.org,domain:mentalhealthed.org,mentalhealthed.org,domain,,0,mentalhealthed.org,Yes,No,,,1,mentalhealthed.org/warmlines,1,1,1,0,1
domain::domain:mercerculinary.com,domain:mercerculinary.com,mercerculinary.com,domain,,0,mercerculinary.com,Yes,No,,,1,https://www.mercerculinary.com/,1,1,1,0,1
domain::domain:metacritic.com,domain:metacritic.com,metacritic.com,domain,,0,metacritic.com,Yes,No,,,1,https://www.metacritic.com/,1,1,1,0,1
domain::domain:minbar.com,domain:minbar.com,minbar.com,domain,,0,minbar.com,Yes,No,,,1,https://www.minbar.com/,1,1,1,0,1
domain::domain:minimalistbaker.com,domain:minimalistbaker.com,minimalistbaker.com,domain,,0,minimalistbaker.com,Yes,No,,,1,https://minimalistbaker.com/,1,1,1,0,1
domain::domain:missingkids.com,domain:missingkids.com,missingkids.com,domain,,0,missingkids.com,Yes,No,,,1,https://www.missingkids.com/gethelpnow/cybertipline | missingkids.com,2,1,1,0,1
domain::domain:mistral.ai,domain:mistral.ai,mistral.ai,domain,,0,mistral.ai,Yes,No,,,1,https://mistral.ai/privacy,1,1,1,0,1
domain::domain:mvsports.com,domain:mvsports.com,mvsports.com,domain,,0,mvsports.com,Yes,No,,,1,https://www.mvsports.com | www.mvsports.com,2,1,1,0,1
domain::domain:myfreecams.com,domain:myfreecams.com,myfreecams.com,domain,,0,myfreecams.com,Yes,No,,,1,https://www.myfreecams.com | www.myfreecams.com,2,1,1,0,1
domain::domain:na.org,domain:na.org,na.org,domain,,0,na.org,Yes,No,,,1,https://www.na.org | na.org,2,1,1,0,1
domain::domain:naaleo.org,domain:naaleo.org,naaleo.org,domain,,0,naaleo.org,Yes,No,,,1,https://www.naaleo.org/,1,1,1,0,1
domain::domain:nabca.org,domain:nabca.org,nabca.org,domain,,0,nabca.org,Yes,No,,,1,https://www.nabca.org/,1,1,0,1,1
domain::domain:namechk.com,domain:namechk.com,namechk.com,domain,,0,namechk.com,Yes,No,,,1,namechk.com,1,1,1,0,1
domain::domain:nasa.gov,domain:nasa.gov,nasa.gov,domain,,0,nasa.gov,Yes,No,,,1,https://www.nasa.gov,1,1,1,0,1
domain::domain:nascw.org,domain:nascw.org,nascw.org,domain,,0,nascw.org,Yes,No,,,1,https://www.nascw.org/agencies/,1,1,1,0,1
domain::domain:nasps.org,domain:nasps.org,nasps.org,domain,,0,nasps.org,Yes,No,,,1,https://www.nasps.org/state-associations,1,1,0,1,1
domain::domain:naspschools.org,domain:naspschools.org,naspschools.org,domain,,0,naspschools.org,Yes,No,,,1,https://www.naspschools.org/state-crossbow-info/,1,1,1,0,1
domain::domain:nationaldomesticabusehelpline.org.uk,domain:nationaldomesticabusehelpline.org.uk,nationaldomesticabusehelpline.org.uk,domain,,0,nationaldomesticabusehelpline.org.uk,Yes,No,,,1,https://www.nationaldomesticabusehelpline.org.uk | nationaldomesticabusehelpline.org.uk,2,1,1,0,1
domain::domain:nationalsafetyhotline.co.uk,domain:nationalsafetyhotline.co.uk,nationalsafetyhotline.co.uk,domain,,0,nationalsafetyhotline.co.uk,Yes,No,,,1,https://www.nationalsafetyhotline.co.uk/,1,1,1,0,1
domain::domain:nationalstalkinghelpline.co.uk,domain:nationalstalkinghelpline.co.uk,nationalstalkinghelpline.co.uk,domain,,0,nationalstalkinghelpline.co.uk,Yes,No,,,1,https://www.nationalstalkinghelpline.co.uk/,1,1,1,0,1
domain::domain:ncbi.nlm.nih.gov,domain:ncbi.nlm.nih.gov,ncbi.nlm.nih.gov,domain,,0,ncbi.nlm.nih.gov,Yes,No,,,1,https://www.ncbi.nlm.nih.gov/pmc/articles/PMC5405705/,1,1,0,1,1
domain::domain:ncwildlife.org,domain:ncwildlife.org,ncwildlife.org,domain,,0,ncwildlife.org,Yes,No,,,1,https://www.ncwildlife.org/,1,1,0,1,1
domain::domain:nedanrc.org,domain:nedanrc.org,nedanrc.org,domain,,0,nedanrc.org,Yes,No,,,1,https://www.nedanrc.org | nedanrc.org,2,1,1,0,1
domain::domain:netsmartzkids.org,domain:netsmartzkids.org,netsmartzkids.org,domain,,0,netsmartzkids.org,Yes,No,,,1,NetSmartzKids.org,1,1,0,1,1
domain::domain:neverusealone.com,domain:neverusealone.com,neverusealone.com,domain,,0,neverusealone.com,Yes,No,,,1,neverusealone.com,1,1,1,0,1
domain::domain:newocr.com,domain:newocr.com,newocr.com,domain,,0,newocr.com,Yes,No,,,1,https://www.newocr.com/,1,1,1,0,1
domain::domain:nfassoc.org,domain:nfassoc.org,nfassoc.org,domain,,0,nfassoc.org,Yes,No,,,1,https://www.nfassoc.org/,1,1,1,0,1
domain::domain:niaaa.nih.gov,domain:niaaa.nih.gov,niaaa.nih.gov,domain,,0,niaaa.nih.gov,Yes,No,,,1,https://niaaa.nih.gov | niaaa.nih.gov,2,1,1,0,1
domain::domain:nida.gov,domain:nida.gov,nida.gov,domain,,0,nida.gov,Yes,No,,,1,NIDA.gov,1,1,1,0,1
domain::domain:niteflirt.com,domain:niteflirt.com,niteflirt.com,domain,,0,niteflirt.com,Yes,No,,,1,https://niteflirt.com/ | https://www.niteflirt.com/,2,1,1,0,1
domain::domain:nitrop.com,domain:nitrop.com,nitrop.com,domain,,0,nitrop.com,Yes,No,,,1,https://www.nitrop.com,1,1,1,0,1
domain::domain:nnedv.org,domain:nnedv.org,nnedv.org,domain,,0,nnedv.org,Yes,No,,,1,https://nnedv.org,1,1,1,0,1
domain::domain:no-hate-speech.de,domain:no-hate-speech.de,no-hate-speech.de,domain,,0,no-hate-speech.de,Yes,No,,,1,https://www.no-hate-speech.de/,1,1,1,0,1
domain::domain:nohatespeechmovement.org,domain:nohatespeechmovement.org,nohatespeechmovement.org,domain,,0,nohatespeechmovement.org,Yes,No,,,1,https://www.nohatespeechmovement.org/,1,1,1,0,1
domain::domain:nowarner.org,domain:nowarner.org,nowarner.org,domain,,0,nowarner.org,Yes,No,,,1,nowarner.org,1,1,1,0,1
domain::domain:nrcan.gc.ca,domain:nrcan.gc.ca,nrcan.gc.ca,domain,,0,nrcan.gc.ca,Yes,No,,,1,https://www.nrcan.gc.ca,2,1,1,0,1
domain::domain:nsra.co.uk,domain:nsra.co.uk,nsra.co.uk,domain,,0,nsra.co.uk,Yes,No,,,1,https://www.nsra.co.uk/,1,1,0,1,1
domain::domain:nsvrc.org,domain:nsvrc.org,nsvrc.org,domain,,0,nsvrc.org,Yes,No,,,1,https://www.nsvrc.org/,1,1,1,0,1
domain::domain:nubiles.net,domain:nubiles.net,nubiles.net,domain,,0,nubiles.net,Yes,No,,,1,Nubiles.net,1,1,1,0,1
domain::domain:nutrition.gov,domain:nutrition.gov,nutrition.gov,domain,,0,nutrition.gov,Yes,No,,,1,Nutrition.gov,1,1,1,0,1
domain::domain:nutrition.org.uk,domain:nutrition.org.uk,nutrition.org.uk,domain,,0,nutrition.org.uk,Yes,No,,,1,https://www.nutrition.org.uk | www.nutrition.org.uk,2,1,1,0,1
domain::domain:nwfireworks.com,domain:nwfireworks.com,nwfireworks.com,domain,,0,nwfireworks.com,Yes,No,,,1,https://www.nwfireworks.com/,1,1,0,1,1
domain::domain:nyc.gov,domain:nyc.gov,nyc.gov,domain,,0,nyc.gov,Yes,No,,,1,https://www.nyc.gov/site/nypd/services/report-a-crime.page,1,1,1,0,1
domain::domain:nysenate.gov,domain:nysenate.gov,nysenate.gov,domain,,0,nysenate.gov,Yes,No,,,1,https://www.nysenate.gov/,1,1,1,0,1
domain::domain:nzherald.co.nz,domain:nzherald.co.nz,nzherald.co.nz,domain,,0,nzherald.co.nz,Yes,No,,,1,https://www.nzherald.co.nz/,1,1,1,0,1
domain::domain:oa.org,domain:oa.org,oa.org,domain,,0,oa.org,Yes,No,,,1,https://oa.org/,1,1,1,0,1
domain::domain:oag.ca.gov,domain:oag.ca.gov,oag.ca.gov,domain,,0,oag.ca.gov,Yes,No,,,1,https://oag.ca.gov/firearms,1,1,1,0,1
domain::domain:odds-info.com,domain:odds-info.com,odds-info.com,domain,,0,odds-info.com,Yes,No,,,1,https://odds-info.com/,1,1,0,1,1
domain::domain:official-docs.com,domain:official-docs.com,official-docs.com,domain,,0,official-docs.com,Yes,No,,,1,official-docs.com,1,1,1,0,1
domain::domain:ohchr.org,domain:ohchr.org,ohchr.org,domain,,0,ohchr.org,Yes,No,,,1,https://www.ohchr.org/,1,1,1,0,1
domain::domain:old.reddit.com,domain:old.reddit.com,old.reddit.com,domain,,0,old.reddit.com,Yes,No,,,1,old.reddit.com,1,1,1,0,1
domain::domain:onlineocr.net,domain:onlineocr.net,onlineocr.net,domain,,0,onlineocr.net,Yes,No,,,1,https://www.onlineocr.net/,1,1,1,0,1
domain::domain:openpath.org,domain:openpath.org,openpath.org,domain,,0,openpath.org,Yes,No,,,1,OpenPath.org,1,1,1,0,1
domain::domain:opentimestamps.org,domain:opentimestamps.org,opentimestamps.org,domain,,0,opentimestamps.org,Yes,No,,,1,https://opentimestamps.org/,1,1,1,0,1
domain::domain:originstamp.com,domain:originstamp.com,originstamp.com,domain,,0,originstamp.com,Yes,No,,,1,https://originstamp.com/,1,1,1,0,1
domain::domain:originstamp.org,domain:originstamp.org,originstamp.org,domain,,0,originstamp.org,Yes,No,,,1,https://originstamp.org/ | originstamp.org,2,1,1,0,1
domain::domain:ourknifefreechildhood.com,domain:ourknifefreechildhood.com,ourknifefreechildhood.com,domain,,0,ourknifefreechildhood.com,Yes,No,,,1,https://www.ourknifefreechildhood.com,1,1,0,1,1
domain::domain:p3tips.com,domain:p3tips.com,p3tips.com,domain,,0,p3tips.com,Yes,No,,,1,https://www.p3tips.com | www.p3tips.com,2,1,1,0,1
domain::domain:pacerkidsagainstbullying.org,domain:pacerkidsagainstbullying.org,pacerkidsagainstbullying.org,domain,,0,pacerkidsagainstbullying.org,Yes,No,,,1,https://www.pacerkidsagainstbullying.org/,1,1,1,0,1
domain::domain:paintball.com,domain:paintball.com,paintball.com,domain,,0,paintball.com,Yes,No,,,1,Paintball.com | https://www.paintball.com/,2,1,1,0,1
domain::domain:patrolbase.co.uk,domain:patrolbase.co.uk,patrolbase.co.uk,domain,,0,patrolbase.co.uk,Yes,No,,,1,https://www.patrolbase.co.uk/,1,1,1,0,1
domain::domain:pcpartpicker.com,domain:pcpartpicker.com,pcpartpicker.com,domain,,0,pcpartpicker.com,Yes,No,,,1,https://pcpartpicker.com/,1,1,1,0,1
domain::domain:pcpforums.com,domain:pcpforums.com,pcpforums.com,domain,,0,pcpforums.com,Yes,No,,,1,https://www.pcpforums.com/,1,1,1,0,1
domain::domain:pegi.info,domain:pegi.info,pegi.info,domain,,0,pegi.info,Yes,No,,,1,PEGI.info | https://pegi.info/,2,1,0,1,1
domain::domain:pelletgundeport.com,domain:pelletgundeport.com,pelletgundeport.com,domain,,0,pelletgundeport.com,Yes,No,,,1,https://www.pelletgundeport.com | pelletgundeport.com,2,1,1,0,1
domain::domain:pen.org,domain:pen.org,pen.org,domain,,0,pen.org,Yes,No,,,1,https://www.pen.org | www.pen.org,2,1,1,0,1
domain::domain:perma.cc,domain:perma.cc,perma.cc,domain,,0,perma.cc,Yes,No,,,1,https://perma.cc/,1,1,1,0,1
domain::domain:pill-id.com,domain:pill-id.com,pill-id.com,domain,,0,pill-id.com,Yes,No,,,1,https://www.pill-id.com/,1,1,1,0,1
domain::domain:pillbox.nlm.nih.gov,domain:pillbox.nlm.nih.gov,pillbox.nlm.nih.gov,domain,,0,pillbox.nlm.nih.gov,Yes,No,,,1,https://pillbox.nlm.nih.gov,2,1,1,0,1
domain::domain:pinklabel.tv,domain:pinklabel.tv,pinklabel.tv,domain,,0,pinklabel.tv,Yes,No,,,1,https://pinklabel.tv/,2,1,1,0,1
domain::domain:plasticsurgery.org.au,domain:plasticsurgery.org.au,plasticsurgery.org.au,domain,,0,plasticsurgery.org.au,Yes,No,,,1,https://www.plasticsurgery.org.au/,1,1,1,0,1
domain::domain:plastsurgery.org,domain:plastsurgery.org,plastsurgery.org,domain,,0,plastsurgery.org,Yes,No,,,1,plastsurgery.org,1,1,0,1,1
domain::domain:play.google.com,domain:play.google.com,play.google.com,domain,,0,play.google.com,Yes,No,,,1,https://play.google.com/movies | play.google.com/movies,2,1,0,1,1
domain::domain:playboyplus.co.uk,domain:playboyplus.co.uk,playboyplus.co.uk,domain,,0,playboyplus.co.uk,Yes,No,,,1,https://www.playboyplus.co.uk/,1,1,0,1,1
domain::domain:player.bfi.org.uk,domain:player.bfi.org.uk,player.bfi.org.uk,domain,,0,player.bfi.org.uk,Yes,No,,,1,https://player.bfi.org.uk,1,1,0,1,1
domain::domain:police.gov,domain:police.gov,police.gov,domain,,0,police.gov,Yes,No,,,1,https://www.police.gov/,1,1,1,0,1
domain::domain:policeone.com,domain:policeone.com,policeone.com,domain,,0,policeone.com,Yes,No,,,1,https://www.policeone.com/police-departments/,1,1,1,0,1
domain::domain:policies.google.com,domain:policies.google.com,policies.google.com,domain,,0,policies.google.com,Yes,No,,,1,https://policies.google.com/privacy,1,1,0,1,1
domain::domain:popsugar.com,domain:popsugar.com,popsugar.com,domain,,0,popsugar.com,Yes,No,,,1,https://www.popsugar.com/fashion,1,1,1,0,1
domain::domain:posemaniacs.com,domain:posemaniacs.com,posemaniacs.com,domain,,0,posemaniacs.com,Yes,No,,,1,posemaniacs.com,1,1,1,0,1
domain::domain:precisionairgun.com,domain:precisionairgun.com,precisionairgun.com,domain,,0,precisionairgun.com,Yes,No,,,1,https://www.precisionairgun.com | precisionairgun.com,2,1,1,0,1
domain::domain:primevideo.com,domain:primevideo.com,primevideo.com,domain,,0,primevideo.com,Yes,No,,,1,https://www.primevideo.com,1,1,0,1,1
domain::domain:printfriendly.com,domain:printfriendly.com,printfriendly.com,domain,,0,printfriendly.com,Yes,No,,,1,https://www.printfriendly.com/,1,1,1,0,1
domain::domain:projectchildsafe.org,domain:projectchildsafe.org,projectchildsafe.org,domain,,0,projectchildsafe.org,Yes,No,,,1,https://projectchildsafe.org/,1,1,0,1,1
domain::domain:proofmode.org,domain:proofmode.org,proofmode.org,domain,,0,proofmode.org,Yes,No,,,1,https://www.proofmode.org/,1,1,1,0,1
domain::domain:propublica.org,domain:propublica.org,propublica.org,domain,,0,propublica.org,Yes,No,,,1,https://www.propublica.org/,1,1,1,0,1
domain::domain:protonmail.com,domain:protonmail.com,protonmail.com,domain,,0,protonmail.com,Yes,No,,,1,ProtonMail.com,1,1,0,1,1
domain::domain:proveit.com,domain:proveit.com,proveit.com,domain,,0,proveit.com,Yes,No,,,1,https://www.proveit.com/,1,1,1,0,1
domain::domain:proven.email,domain:proven.email,proven.email,domain,,0,proven.email,Yes,No,,,1,https://proven.email/,1,1,1,0,1
domain::domain:psychcentral.com,domain:psychcentral.com,psychcentral.com,domain,,0,psychcentral.com,Yes,No,,,1,https://psychcentral.com/find-help,1,1,1,0,1
domain::domain:psychology.org.au,domain:psychology.org.au,psychology.org.au,domain,,0,psychology.org.au,Yes,No,,,1,https://www.psychology.org.au/,1,1,1,0,1
domain::domain:psychtoday.com,domain:psychtoday.com,psychtoday.com,domain,,0,psychtoday.com,Yes,No,,,1,PsychToday.com,1,1,1,0,1
domain::domain:pubmed.ncbi.nlm.nih.gov,domain:pubmed.ncbi.nlm.nih.gov,pubmed.ncbi.nlm.nih.gov,domain,,0,pubmed.ncbi.nlm.nih.gov,Yes,No,,,1,https://pubmed.ncbi.nlm.nih.gov/34245500/,1,1,0,1,1
domain::domain:pyro-shop.de,domain:pyro-shop.de,pyro-shop.de,domain,,0,pyro-shop.de,Yes,No,,,1,https://www.pyro-shop.de/,1,1,0,1,1
domain::domain:pyroearth.com,domain:pyroearth.com,pyroearth.com,domain,,0,pyroearth.com,Yes,No,,,1,https://www.pyroearth.com/,1,1,1,0,1
domain::domain:pyroforum.co.uk,domain:pyroforum.co.uk,pyroforum.co.uk,domain,,0,pyroforum.co.uk,Yes,No,,,1,https://www.pyroforum.co.uk,1,1,1,0,1
domain::domain:pyrowebshop.nl,domain:pyrowebshop.nl,pyrowebshop.nl,domain,,0,pyrowebshop.nl,Yes,No,,,1,https://www.pyrowebshop.nl,1,1,1,0,1
domain::domain:qustodio.com,domain:qustodio.com,qustodio.com,domain,,0,qustodio.com,Yes,No,,,1,https://www.qustodio.com/,1,1,0,1,1
domain::domain:qwant.com,domain:qwant.com,qwant.com,domain,,0,qwant.com,Yes,No,,,1,https://www.qwant.com/,1,1,1,0,1
domain::domain:raisingchildren.net.au,domain:raisingchildren.net.au,raisingchildren.net.au,domain,,0,raisingchildren.net.au,Yes,No,,,1,raisingchildren.net.au,1,1,0,1,1
domain::domain:randomblog.com,domain:randomblog.com,randomblog.com,domain,,0,randomblog.com,Yes,No,,,1,randomblog.com/post,1,1,1,0,1
domain::domain:ratings.bbfc.co.uk,domain:ratings.bbfc.co.uk,ratings.bbfc.co.uk,domain,,0,ratings.bbfc.co.uk,Yes,No,,,1,ratings.bbfc.co.uk,1,1,1,0,1
domain::domain:ratings.org,domain:ratings.org,ratings.org,domain,,0,ratings.org,Yes,No,,,1,ratings.org,1,1,0,1,1
domain::domain:rcfp.org,domain:rcfp.org,rcfp.org,domain,,0,rcfp.org,Yes,No,,,1,https://www.rcfp.org/,1,1,1,0,1
domain::domain:rdlegal.com,domain:rdlegal.com,rdlegal.com,domain,,0,rdlegal.com,Yes,No,,,1,https://www.rdlegal.com/recording-laws/,1,1,1,0,1
domain::domain:reachout.com,domain:reachout.com,reachout.com,domain,,0,reachout.com,Yes,No,,,1,ReachOut.com,1,1,0,1,1
domain::domain:realmovies.com,domain:realmovies.com,realmovies.com,domain,,0,realmovies.com,Yes,No,,,1,https://www.realmovies.com | www.realmovies.com,2,1,1,0,1
domain::domain:realslutnetwork.com,domain:realslutnetwork.com,realslutnetwork.com,domain,,0,realslutnetwork.com,Yes,No,,,1,https://realslutnetwork.com/,1,1,1,0,1
domain::domain:redcross.org,domain:redcross.org,redcross.org,domain,,0,redcross.org,Yes,No,,,1,https://www.redcross.org/take-a-class/cpr,1,1,1,0,1
domain::domain:redditarchive.com,domain:redditarchive.com,redditarchive.com,domain,,0,redditarchive.com,Yes,No,,,1,https://www.redditarchive.com/,1,1,1,0,1
domain::domain:redditsearch.io,domain:redditsearch.io,redditsearch.io,domain,,0,redditsearch.io,Yes,No,,,1,https://redditsearch.io/,1,1,1,0,1
domain::domain:redlightdistrict.asia,domain:redlightdistrict.asia,redlightdistrict.asia,domain,,0,redlightdistrict.asia,Yes,No,,,1,https://www.redlightdistrict.asia/,1,1,1,0,1
domain::domain:repara.ncmec.org,domain:repara.ncmec.org,repara.ncmec.org,domain,,0,repara.ncmec.org,Yes,No,,,1,Repara.ncmec.org | https://repara.ncmec.org/,2,1,1,0,1
domain::domain:repguard.net,domain:repguard.net,repguard.net,domain,,0,repguard.net,Yes,No,,,1,https://repguard.net/,1,1,1,0,1
domain::domain:report.adl.org,domain:report.adl.org,report.adl.org,domain,,0,report.adl.org,Yes,No,,,1,report.adl.org,1,1,1,0,1
domain::domain:report.cyber.gov,domain:report.cyber.gov,report.cyber.gov,domain,,0,report.cyber.gov,Yes,No,,,1,https://report.cyber.gov/,1,1,1,0,1
domain::domain:report.cyber.org,domain:report.cyber.org,report.cyber.org,domain,,0,report.cyber.org,Yes,No,,,1,https://report.cyber.org/,1,1,1,0,1
domain::domain:report.cybertipline.com,domain:report.cybertipline.com,report.cybertipline.com,domain,,0,report.cybertipline.com,Yes,No,,,1,https://report.cyberTipline.com/,1,1,1,0,1
domain::domain:reportcyberbullying.org,domain:reportcyberbullying.org,reportcyberbullying.org,domain,,0,reportcyberbullying.org,Yes,No,,,1,reportcyberbullying.org,1,1,1,0,1
domain::domain:reportcyberhate.com.au,domain:reportcyberhate.com.au,reportcyberhate.com.au,domain,,0,reportcyberhate.com.au,Yes,No,,,1,https://www.reportcyberhate.com.au/,1,1,1,0,1
domain::domain:reporthatecrime.com,domain:reporthatecrime.com,reporthatecrime.com,domain,,0,reporthatecrime.com,Yes,No,,,1,ReportHateCrime.com | https://www.reporthatecrime.com/,2,1,1,0,1
domain::domain:reporting.crime.org.uk,domain:reporting.crime.org.uk,reporting.crime.org.uk,domain,,0,reporting.crime.org.uk,Yes,No,,,1,https://reporting.crime.org.uk/,1,1,1,0,1
domain::domain:reportviolenceaustralia.gov.au,domain:reportviolenceaustralia.gov.au,reportviolenceaustralia.gov.au,domain,,0,reportviolenceaustralia.gov.au,Yes,No,,,1,https://www.reportviolenceaustralia.gov.au/,1,1,1,0,1
domain::domain:rescueaccess.com,domain:rescueaccess.com,rescueaccess.com,domain,,0,rescueaccess.com,Yes,No,,,1,https://www.rescueaccess.com/platform/apps/,1,1,1,0,1
domain::domain:reservebar.com,domain:reservebar.com,reservebar.com,domain,,0,reservebar.com,Yes,No,,,1,ReserveBar.com,1,1,0,1,1
domain::domain:rev.com,domain:rev.com,rev.com,domain,,0,rev.com,Yes,No,,,1,Rev.com,1,1,1,0,1
domain::domain:reveddit.com,domain:reveddit.com,reveddit.com,domain,,0,reveddit.com,Yes,No,,,1,https://www.reveddit.com/,1,1,1,0,1
domain::domain:rokko.co.uk,domain:rokko.co.uk,rokko.co.uk,domain,,0,rokko.co.uk,Yes,No,,,1,https://www.rokko.co.uk/,1,1,0,1,1
domain::domain:rubber.co.uk,domain:rubber.co.uk,rubber.co.uk,domain,,0,rubber.co.uk,Yes,No,,,1,https://www.rubber.co.uk,1,1,0,1,1
domain::domain:rxassist.org,domain:rxassist.org,rxassist.org,domain,,0,rxassist.org,Yes,No,,,1,https://www.rxassist.org/,1,1,0,1,1
domain::domain:ryobistore.eu,domain:ryobistore.eu,ryobistore.eu,domain,,0,ryobistore.eu,Yes,No,,,1,https://www.ryobistore.eu,1,1,1,0,1
domain::domain:safe2tell.org,domain:safe2tell.org,safe2tell.org,domain,,0,safe2tell.org,Yes,No,,,1,https://safe2tell.org/,1,1,1,0,1
domain::domain:safekids.org,domain:safekids.org,safekids.org,domain,,0,safekids.org,Yes,No,,,1,https://www.safekids.org/,1,1,0,1,1
domain::domain:safeknives.org,domain:safeknives.org,safeknives.org,domain,,0,safeknives.org,Yes,No,,,1,https://www.safeknives.org/,1,1,0,1,1
domain::domain:safety.facebook.com,domain:safety.facebook.com,safety.facebook.com,domain,,0,safety.facebook.com,Yes,No,,,1,https://safety.facebook.com/help/,1,1,1,0,1
domain::domain:safetykids.org,domain:safetykids.org,safetykids.org,domain,,0,safetykids.org,Yes,No,,,1,https://www.safetykids.org/,1,1,1,0,1
domain::domain:sciencebuddies.org,domain:sciencebuddies.org,sciencebuddies.org,domain,,0,sciencebuddies.org,Yes,No,,,1,https://www.sciencebuddies.org,2,1,1,0,1
domain::domain:sctheteacher.com,domain:sctheteacher.com,sctheteacher.com,domain,,0,sctheteacher.com,Yes,No,,,1,Sctheteacher.com,1,1,1,0,1
domain::domain:seaeatingdisorders.org,domain:seaeatingdisorders.org,seaeatingdisorders.org,domain,,0,seaeatingdisorders.org,Yes,No,,,1,seaeatingdisorders.org/nedas-helpline,1,1,1,0,1
domain::domain:seicus.org,domain:seicus.org,seicus.org,domain,,0,seicus.org,Yes,No,,,1,seicus.org,1,1,0,1,1
domain::domain:selfinjury.bctr.cornell.edu,domain:selfinjury.bctr.cornell.edu,selfinjury.bctr.cornell.edu,domain,,0,selfinjury.bctr.cornell.edu,Yes,No,,,1,selfinjury.bctr.cornell.edu,1,1,0,1,1
domain::domain:seriouseats.com,domain:seriouseats.com,seriouseats.com,domain,,0,seriouseats.com,Yes,No,,,1,https://www.seriouseats.com/,1,1,1,0,1
domain::domain:sesamecare.com,domain:sesamecare.com,sesamecare.com,domain,,0,sesamecare.com,Yes,No,,,1,sesamecare.com,1,1,0,1,1
domain::domain:sextortionhelpline.org,domain:sextortionhelpline.org,sextortionhelpline.org,domain,,0,sextortionhelpline.org,Yes,No,,,1,SextortionHelpline.org | https://www.sextortionhelpline.org,2,1,1,0,1
domain::domain:sh-womenstore.com,domain:sh-womenstore.com,sh-womenstore.com,domain,,0,sh-womenstore.com,Yes,No,,,1,https://www.sh-womenstore.com/,1,1,1,0,1
domain::domain:shelters.ca,domain:shelters.ca,shelters.ca,domain,,0,shelters.ca,Yes,No,,,1,Shelters.ca,1,1,1,0,1
domain::domain:shun.com,domain:shun.com,shun.com,domain,,0,shun.com,Yes,No,,,1,https://www.shun.com/,1,1,1,0,1
domain::domain:signal.org,domain:signal.org,signal.org,domain,,0,signal.org,Yes,No,,,1,https://signal.org/,1,1,1,0,1
domain::domain:simpleoptout.com,domain:simpleoptout.com,simpleoptout.com,domain,,0,simpleoptout.com,Yes,No,,,1,https://simpleoptout.com/,1,1,1,0,1
domain::domain:sinsvr.com,domain:sinsvr.com,sinsvr.com,domain,,0,sinsvr.com,Yes,No,,,1,https://www.sinsvr.com/,2,1,1,0,1
domain::domain:sioutreach.org,domain:sioutreach.org,sioutreach.org,domain,,0,sioutreach.org,Yes,No,,,1,sioutreach.org,1,1,0,1,1
domain::domain:sizediversityandhealth.org,domain:sizediversityandhealth.org,sizediversityandhealth.org,domain,,0,sizediversityandhealth.org,Yes,No,,,1,https://www.sizediversityandhealth.org | sizediversityandhealth.org,2,1,1,0,1
domain::domain:sizesense.com,domain:sizesense.com,sizesense.com,domain,,0,sizesense.com,Yes,No,,,1,https://sizesense.com/,1,1,1,0,1
domain::domain:sketchfab.com,domain:sketchfab.com,sketchfab.com,domain,,0,sketchfab.com,Yes,No,,,1,https://sketchfab.com | sketchfab.com,2,1,1,0,1
domain::domain:skincancer.org,domain:skincancer.org,skincancer.org,domain,,0,skincancer.org,Yes,No,,,1,https://www.skincancer.org | skincancer.org,2,1,0,1,1
domain::domain:smokefreeteen.gov,domain:smokefreeteen.gov,smokefreeteen.gov,domain,,0,smokefreeteen.gov,Yes,No,,,1,smokefreeteen.gov,1,1,0,1,1
domain::domain:social-searcher.com,domain:social-searcher.com,social-searcher.com,domain,,0,social-searcher.com,Yes,No,,,1,https://www.social-searcher.com/ | social-searcher.com,2,1,1,0,1
domain::domain:socialmention.com,domain:socialmention.com,socialmention.com,domain,,0,socialmention.com,Yes,No,,,1,https://socialmention.com | socialmention.com,2,1,1,0,1
domain::domain:speakup.com,domain:speakup.com,speakup.com,domain,,0,speakup.com,Yes,No,,,1,https://www.speakup.com/,1,1,1,0,1
domain::domain:splc.org,domain:splc.org,splc.org,domain,,0,splc.org,Yes,No,,,1,SPLC.org,1,1,1,0,1
domain::domain:sproutsocial.com,domain:sproutsocial.com,sproutsocial.com,domain,,0,sproutsocial.com,Yes,No,,,1,https://sproutsocial.com/,1,1,1,0,1
domain::domain:ssusa.org,domain:ssusa.org,ssusa.org,domain,,0,ssusa.org,Yes,No,,,1,https://www.ssusa.org,1,1,1,0,1
domain::domain:stamp.io,domain:stamp.io,stamp.io,domain,,0,stamp.io,Yes,No,,,1,https://stamp.io/,1,1,1,0,1
domain::domain:startpage.com,domain:startpage.com,startpage.com,domain,,0,startpage.com,Yes,No,,,1,https://www.startpage.com/,1,1,1,0,1
domain::domain:statutes.capitol.texas.gov,domain:statutes.capitol.texas.gov,statutes.capitol.texas.gov,domain,,0,statutes.capitol.texas.gov,Yes,No,,,1,https://statutes.capitol.texas.gov/Docs/PE/htm/PE.42.htm,1,1,1,0,1
domain::domain:stenselaw.com,domain:stenselaw.com,stenselaw.com,domain,,0,stenselaw.com,Yes,No,,,1,stenselaw.com/digital-notary,1,1,1,0,1
domain::domain:stevespanglerscience.com,domain:stevespanglerscience.com,stevespanglerscience.com,domain,,0,stevespanglerscience.com,Yes,No,,,1,https://www.stevespanglerscience.com,1,1,1,0,1
domain::domain:stonewall.org.uk,domain:stonewall.org.uk,stonewall.org.uk,domain,,0,stonewall.org.uk,Yes,No,,,1,https://www.stonewall.org.uk/,1,1,1,0,1
domain::domain:stopahate.ca,domain:stopahate.ca,stopahate.ca,domain,,0,stopahate.ca,Yes,No,,,1,StopaHate.ca,1,1,1,0,1
domain::domain:stophatecrime.com.au,domain:stophatecrime.com.au,stophatecrime.com.au,domain,,0,stophatecrime.com.au,Yes,No,,,1,StopHateCrime.com.au,1,1,1,0,1
domain::domain:stophatecrime.org,domain:stophatecrime.org,stophatecrime.org,domain,,0,stophatecrime.org,Yes,No,,,1,https://www.stophatecrime.org/,1,1,1,0,1
domain::domain:stophateforprofit.org,domain:stophateforprofit.org,stophateforprofit.org,domain,,0,stophateforprofit.org,Yes,No,,,1,https://stophateforprofit.org/,1,1,1,0,1
domain::domain:stopitcyberbullying.com,domain:stopitcyberbullying.com,stopitcyberbullying.com,domain,,0,stopitcyberbullying.com,Yes,No,,,1,https://stopitcyberbullying.com/,1,1,1,0,1
domain::domain:stopitnow.org,domain:stopitnow.org,stopitnow.org,domain,,0,stopitnow.org,Yes,No,,,1,https://stopitnow.org/,1,1,1,0,1
domain::domain:stopitsolutions.com,domain:stopitsolutions.com,stopitsolutions.com,domain,,0,stopitsolutions.com,Yes,No,,,1,https://www.stopitsolutions.com/,1,1,1,0,1
domain::domain:stoplewish.org,domain:stoplewish.org,stoplewish.org,domain,,0,stoplewish.org,Yes,No,,,1,stoplewish.org,1,1,1,0,1
domain::domain:stopncii.org**,domain:stopncii.org**,stopncii.org**,domain,,0,stopncii.org**,Yes,No,,,1,www.StopNCII.org**,1,1,1,0,1
domain::domain:stopthechokinggame.com,domain:stopthechokinggame.com,stopthechokinggame.com,domain,,0,stopthechokinggame.com,Yes,No,,,1,StopTheChokingGame.com,1,1,0,1,1
domain::domain:store.playstation.com,domain:store.playstation.com,store.playstation.com,domain,,0,store.playstation.com,Yes,No,,,1,https://store.playstation.com/,1,1,1,0,1
domain::domain:studentsagainstdestructivechoices.org,domain:studentsagainstdestructivechoices.org,studentsagainstdestructivechoices.org,domain,,0,studentsagainstdestructivechoices.org,Yes,No,,,1,studentsagainstdestructivechoices.org,1,1,1,0,1
domain::domain:stylecaster.com,domain:stylecaster.com,stylecaster.com,domain,,0,stylecaster.com,Yes,No,,,1,https://stylecaster.com,1,1,1,0,1
domain::domain:suicide.org,domain:suicide.org,suicide.org,domain,,0,suicide.org,Yes,No,,,1,https://www.suicide.org/international-suicide-hotlines.html,2,1,1,0,1
domain::domain:sunbeds.com,domain:sunbeds.com,sunbeds.com,domain,,0,sunbeds.com,Yes,No,,,1,Sunbeds.com | https://www.sunbeds.com,2,1,1,0,1
domain::domain:supercook.com,domain:supercook.com,supercook.com,domain,,0,supercook.com,Yes,No,,,1,https://www.supercook.com/,1,1,1,0,1
domain::domain:support.discord.com,domain:support.discord.com,support.discord.com,domain,,0,support.discord.com,Yes,No,,,1,https://support.discord.com/hc/en-us/articles/360043914991-How-do-I-report-illegal-content-or-harassment-,1,1,1,0,1
domain::domain:support.twitter.com,domain:support.twitter.com,support.twitter.com,domain,,0,support.twitter.com,Yes,No,,,1,https://support.twitter.com/ | support.twitter.com,2,1,1,0,1
domain::domain:supportgroups.com,domain:supportgroups.com,supportgroups.com,domain,,0,supportgroups.com,Yes,No,,,1,SupportGroups.com,1,1,1,0,1
domain::domain:surlatable.com,domain:surlatable.com,surlatable.com,domain,,0,surlatable.com,Yes,No,,,1,https://www.surlatable.com,1,1,0,1,1
domain::domain:switchboard.lgbt,domain:switchboard.lgbt,switchboard.lgbt,domain,,0,switchboard.lgbt,Yes,No,,,1,https://switchboard.lgbt,1,1,1,0,1
domain::domain:sync.com,domain:sync.com,sync.com,domain,,0,sync.com,Yes,No,,,1,Sync.com,1,1,1,0,1
domain::domain:takeitdown.garland.org,domain:takeitdown.garland.org,takeitdown.garland.org,domain,,0,takeitdown.garland.org,Yes,No,,,1,https://takeitdown.garland.org/ | takeitdown.garland.org,2,1,1,0,1
domain::domain:takeitdown.net,domain:takeitdown.net,takeitdown.net,domain,,0,takeitdown.net,Yes,No,,,1,https://takeitdown.net/,1,1,1,0,1
domain::domain:takeitdown.netsmartz.org,domain:takeitdown.netsmartz.org,takeitdown.netsmartz.org,domain,,0,takeitdown.netsmartz.org,Yes,No,,,1,takeitdown.netsmartz.org,1,1,1,0,1
domain::domain:takeitdown.nolo.com,domain:takeitdown.nolo.com,takeitdown.nolo.com,domain,,0,takeitdown.nolo.com,Yes,No,,,1,takeitdown.nolo.com,1,1,1,0,1
domain::domain:takeitダウン.ncmec.org,domain:takeitダウン.ncmec.org,takeitダウン.ncmec.org,domain,,0,takeitダウン.ncmec.org,Yes,No,,,1,https://takeitダウン.ncmec.org,1,1,1,0,1
domain::domain:tanning.com,domain:tanning.com,tanning.com,domain,,0,tanning.com,Yes,No,,,1,tanning.com/meltmyface,1,1,0,1,1
domain::domain:tanningathome.com,domain:tanningathome.com,tanningathome.com,domain,,0,tanningathome.com,Yes,No,,,1,https://www.tanningathome.com,1,1,1,0,1
domain::domain:tanningsalonapp.com,domain:tanningsalonapp.com,tanningsalonapp.com,domain,,0,tanningsalonapp.com,Yes,No,,,1,TanningSalonApp.com,1,1,0,1,1
domain::domain:tasty.co,domain:tasty.co,tasty.co,domain,,0,tasty.co,Yes,No,,,1,https://tasty.co/,1,1,1,0,1
domain::domain:tattooartist.org,domain:tattooartist.org,tattooartist.org,domain,,0,tattooartist.org,Yes,No,,,1,https://www.tattooartist.org/laws-by-state/,1,1,0,1,1
domain::domain:tattoodo.com,domain:tattoodo.com,tattoodo.com,domain,,0,tattoodo.com,Yes,No,,,1,https://www.tattoodo.com/blog/tattoo-laws-by-country,1,1,0,1,1
domain::domain:tattooeducation.com,domain:tattooeducation.com,tattooeducation.com,domain,,0,tattooeducation.com,Yes,No,,,1,https://www.tattooeducation.com/legal-age-tattoos/,1,1,0,1,1
domain::domain:tattoolegal.com,domain:tattoolegal.com,tattoolegal.com,domain,,0,tattoolegal.com,Yes,No,,,1,https://www.tattoolegal.com/,1,1,1,0,1
domain::domain:tattoos.fyi,domain:tattoos.fyi,tattoos.fyi,domain,,0,tattoos.fyi,Yes,No,,,1,https://tattoos.fyi/,1,1,1,0,1
domain::domain:tavour.com,domain:tavour.com,tavour.com,domain,,0,tavour.com,Yes,No,,,1,https://www.tavour.com/ | tavour.com,2,1,1,0,1
domain::domain:tciusa.org,domain:tciusa.org,tciusa.org,domain,,0,tciusa.org,Yes,No,,,1,https://www.tciusa.org/,1,1,1,0,1
domain::domain:techblog.com,domain:techblog.com,techblog.com,domain,,0,techblog.com,Yes,No,,,1,TechBlog.com,1,1,1,0,1
domain::domain:teen-counseling.com,domain:teen-counseling.com,teen-counseling.com,domain,,0,teen-counseling.com,Yes,No,,,1,https://www.teen-counseling.com/,1,1,1,0,1
domain::domain:teencounseling.com,domain:teencounseling.com,teencounseling.com,domain,,0,teencounseling.com,Yes,No,,,1,TeenCounseling.com | https://www.teencounseling.com,2,1,1,0,1
domain::domain:teenhealth.org,domain:teenhealth.org,teenhealth.org,domain,,0,teenhealth.org,Yes,No,,,1,TeenHealth.org,1,1,0,1,1
domain::domain:teenhealthfx.com,domain:teenhealthfx.com,teenhealthfx.com,domain,,0,teenhealthfx.com,Yes,No,,,1,https://www.teenhealthfx.com/,1,1,0,1,1
domain::domain:teenline.org,domain:teenline.org,teenline.org,domain,,0,teenline.org,Yes,No,,,1,https://www.teenline.org/,1,1,1,0,1
domain::domain:teens.gov,domain:teens.gov,teens.gov,domain,,0,teens.gov,Yes,No,,,1,Teens.gov,1,1,0,1,1
domain::domain:teladoc.com,domain:teladoc.com,teladoc.com,domain,,0,teladoc.com,Yes,No,,,1,teladoc.com,1,1,0,1,1
domain::domain:tellonym.me,domain:tellonym.me,tellonym.me,domain,,0,tellonym.me,Yes,No,,,1,https://www.tellonym.me/,1,1,1,0,1
domain::domain:temp-mail.org,domain:temp-mail.org,temp-mail.org,domain,,0,temp-mail.org,Yes,No,,,1,https://temp-mail.org,1,1,1,0,1
domain::domain:tenpoint.com,domain:tenpoint.com,tenpoint.com,domain,,0,tenpoint.com,Yes,No,,,1,https://www.tenpoint.com/,1,1,0,1,1
domain::domain:termine24.com,domain:termine24.com,termine24.com,domain,,0,termine24.com,Yes,No,,,1,https://www.termine24.com/fireworks/,1,1,0,1,1
domain::domain:theairgunexperience.com,domain:theairgunexperience.com,theairgunexperience.com,domain,,0,theairgunexperience.com,Yes,No,,,1,https://www.theairgunexperience.com/,1,1,1,0,1
domain::domain:thecrisisline.org,domain:thecrisisline.org,thecrisisline.org,domain,,0,thecrisisline.org,Yes,No,,,1,TheCrisisLine.org,1,1,1,0,1
domain::domain:thefireworksforum.co.uk,domain:thefireworksforum.co.uk,thefireworksforum.co.uk,domain,,0,thefireworksforum.co.uk,Yes,No,,,1,https://www.thefireworksforum.co.uk,1,1,1,0,1
domain::domain:thefireworksshop.co.uk,domain:thefireworksshop.co.uk,thefireworksshop.co.uk,domain,,0,thefireworksshop.co.uk,Yes,No,,,1,https://www.thefireworksshop.co.uk/,1,1,0,1,1
domain::domain:thefireworkstore.co.uk,domain:thefireworkstore.co.uk,thefireworkstore.co.uk,domain,,0,thefireworkstore.co.uk,Yes,No,,,1,https://www.thefireworkstore.co.uk,1,1,0,1,1
domain::domain:thelovelandfoundation.org,domain:thelovelandfoundation.org,thelovelandfoundation.org,domain,,0,thelovelandfoundation.org,Yes,No,,,1,https://thelovelandfoundation.org/,1,1,1,0,1
domain::domain:therapists.psychologytoday.com,domain:therapists.psychologytoday.com,therapists.psychologytoday.com,domain,,0,therapists.psychologytoday.com,Yes,No,,,1,therapists.psychologytoday.com,1,1,1,0,1
domain::domain:therapyforblackmen.com,domain:therapyforblackmen.com,therapyforblackmen.com,domain,,0,therapyforblackmen.com,Yes,No,,,1,therapyforblackmen.com,1,1,1,0,1
domain::domain:thetruth.com,domain:thetruth.com,thetruth.com,domain,,0,thetruth.com,Yes,No,,,1,thetruth.com,1,1,1,0,1
domain::domain:threadreaderapp.com,domain:threadreaderapp.com,threadreaderapp.com,domain,,0,threadreaderapp.com,Yes,No,,,1,https://threadreaderapp.com/,1,1,1,0,1
domain::domain:timeout.com,domain:timeout.com,timeout.com,domain,,0,timeout.com,Yes,No,,,1,https://www.timeout.com/,1,1,1,0,1
domain::domain:timestampgenerator.com,domain:timestampgenerator.com,timestampgenerator.com,domain,,0,timestampgenerator.com,Yes,No,,,1,https://timestampgenerator.com/ | timestampgenerator.com,2,1,1,0,1
domain::domain:tlavideo.com,domain:tlavideo.com,tlavideo.com,domain,,0,tlavideo.com,Yes,No,,,1,https://www.tlavideo.com/,1,1,0,1,1
domain::domain:tokyomarui.co.jp,domain:tokyomarui.co.jp,tokyomarui.co.jp,domain,,0,tokyomarui.co.jp,Yes,No,,,1,https://www.tokyomarui.co.jp/,1,1,1,0,1
domain::domain:torontopolice.on.ca,domain:torontopolice.on.ca,torontopolice.on.ca,domain,,0,torontopolice.on.ca,Yes,No,,,1,https://www.torontopolice.on.ca/,1,1,1,0,1
domain::domain:transequality.org,domain:transequality.org,transequality.org,domain,,0,transequality.org,Yes,No,,,1,https://transequality.org | transequality.org,2,1,1,0,1
domain::domain:transparency.facebook.com,domain:transparency.facebook.com,transparency.facebook.com,domain,,0,transparency.facebook.com,Yes,No,,,1,https://transparency.facebook.com/reporting,1,1,1,0,1
domain::domain:trends.google.com,domain:trends.google.com,trends.google.com,domain,,0,trends.google.com,Yes,No,,,1,https://trends.google.com,1,1,1,0,1
domain::domain:trevorspace.org,domain:trevorspace.org,trevorspace.org,domain,,0,trevorspace.org,Yes,No,,,1,trevorspace.org,1,1,1,0,1
domain::domain:tripsit.me,domain:tripsit.me,tripsit.me,domain,,0,tripsit.me,Yes,No,,,1,https://tripsit.me/,1,1,1,0,1
domain::domain:truepeoplesearch.com,domain:truepeoplesearch.com,truepeoplesearch.com,domain,,0,truepeoplesearch.com,Yes,No,,,1,TruePeopleSearch.com,1,1,1,0,1
domain::domain:truevision.org.uk,domain:truevision.org.uk,truevision.org.uk,domain,,0,truevision.org.uk,Yes,No,,,1,https://www.truevision.org.uk/ | truevision.org.uk,2,1,1,0,1
domain::domain:truth.org,domain:truth.org,truth.org,domain,,0,truth.org,Yes,No,,,1,Truth.org,1,1,0,1,1
domain::domain:tssfireworks.com,domain:tssfireworks.com,tssfireworks.com,domain,,0,tssfireworks.com,Yes,No,,,1,TSSFireworks.com | https://www.tssfireworks.com/,2,1,0,1,1
domain::domain:tube8.com,domain:tube8.com,tube8.com,domain,,0,tube8.com,Yes,No,,,1,https://www.tube8.com/,1,1,1,0,1
domain::domain:turnyourtext.com,domain:turnyourtext.com,turnyourtext.com,domain,,0,turnyourtext.com,Yes,No,,,1,turnyourtext.com,1,1,1,0,1
domain::domain:tweetdeck.twitter.com,domain:tweetdeck.twitter.com,tweetdeck.twitter.com,domain,,0,tweetdeck.twitter.com,Yes,No,,,1,https://tweetdeck.twitter.com/,1,1,1,0,1
domain::domain:ucr.fbi.gov,domain:ucr.fbi.gov,ucr.fbi.gov,domain,,0,ucr.fbi.gov,Yes,No,,,1,https://ucr.fbi.gov/hate-crime,1,1,1,0,1
domain::domain:uhc.com,domain:uhc.com,uhc.com,domain,,0,uhc.com,Yes,No,,,1,https://www.uhc.com/find-a-doctor,1,1,1,0,1
domain::domain:uk.childline.org,domain:uk.childline.org,uk.childline.org,domain,,0,uk.childline.org,Yes,No,,,1,uk.childline.org,1,1,1,0,1
domain::domain:ukairguns.co.uk,domain:ukairguns.co.uk,ukairguns.co.uk,domain,,0,ukairguns.co.uk,Yes,No,,,1,https://www.ukairguns.co.uk/,1,1,1,0,1
domain::domain:ukaraforum.com,domain:ukaraforum.com,ukaraforum.com,domain,,0,ukaraforum.com,Yes,No,,,1,https://www.ukaraforum.com/,1,1,1,0,1
domain::domain:ukssc.co.uk,domain:ukssc.co.uk,ukssc.co.uk,domain,,0,ukssc.co.uk,Yes,No,,,1,https://www.ukssc.co.uk/,1,1,0,1,1
domain::domain:ultimatelongbow.com,domain:ultimatelongbow.com,ultimatelongbow.com,domain,,0,ultimatelongbow.com,Yes,No,,,1,https://ultimatelongbow.com/category/crossbow-reviews/,1,1,1,0,1
domain::domain:umarexusa.com,domain:umarexusa.com,umarexusa.com,domain,,0,umarexusa.com,Yes,No,,,1,https://www.umarexusa.com/,1,1,1,0,1
domain::domain:unicef.org,domain:unicef.org,unicef.org,domain,,0,unicef.org,Yes,No,,,1,https://www.unicef.org/reportchildsexualexploitation,2,1,1,0,1
domain::domain:unitedgmh.org,domain:unitedgmh.org,unitedgmh.org,domain,,0,unitedgmh.org,Yes,No,,,1,https://unitedgmh.org | unitedgmh.org,2,1,1,0,1
domain::domain:usa.gov,domain:usa.gov,usa.gov,domain,,0,usa.gov,Yes,No,,,1,https://www.usa.gov/state-attorney-general | www.usa.gov,2,1,0,1,1
domain::domain:usaarchery.org,domain:usaarchery.org,usaarchery.org,domain,,0,usaarchery.org,Yes,No,,,1,https://www.usaarchery.org/find-a-club,1,1,1,0,1
domain::domain:veracrypt.com,domain:veracrypt.com,veracrypt.com,domain,,0,veracrypt.com,Yes,No,,,1,https://www.veracrypt.com/,1,1,1,0,1
domain::domain:vertex42.com,domain:vertex42.com,vertex42.com,domain,,0,vertex42.com,Yes,No,,,1,https://www.vertex42.com/ExcelTemplates/meal-planner.html,1,1,1,0,1
domain::domain:victimservicedirectory.ca,domain:victimservicedirectory.ca,victimservicedirectory.ca,domain,,0,victimservicedirectory.ca,Yes,No,,,1,https://www.victimservicedirectory.ca/,1,1,1,0,1
domain::domain:victimsofcrimeinternational.org,domain:victimsofcrimeinternational.org,victimsofcrimeinternational.org,domain,,0,victimsofcrimeinternational.org,Yes,No,,,1,https://www.victimsofcrimeinternational.org/,1,1,1,0,1
domain::domain:victimsupport.eu,domain:victimsupport.eu,victimsupport.eu,domain,,0,victimsupport.eu,Yes,No,,,1,https://www.victimsupport.eu/,1,1,1,0,1
domain::domain:viewdns.info,domain:viewdns.info,viewdns.info,domain,,0,viewdns.info,Yes,No,,,1,ViewDNS.info | https://viewdns.info/ip/,2,1,1,0,1
domain::domain:vimeo.com,domain:vimeo.com,vimeo.com,domain,,0,vimeo.com,Yes,No,,,1,https://vimeo.com/ondemand | vimeo.com/ondemand,2,1,0,1,1
domain::domain:visiblebody.com,domain:visiblebody.com,visiblebody.com,domain,,0,visiblebody.com,Yes,No,,,1,https://www.visiblebody.com | visiblebody.com,2,1,1,0,1
domain::domain:vixen.com,domain:vixen.com,vixen.com,domain,,0,vixen.com,Yes,No,,,1,https://www.vixen.com/,1,1,1,0,1
domain::domain:voice.google.com,domain:voice.google.com,voice.google.com,domain,,0,voice.google.com,Yes,No,,,1,https://voice.google.com,1,1,1,0,1
domain::domain:vuurwerk.nl,domain:vuurwerk.nl,vuurwerk.nl,domain,,0,vuurwerk.nl,Yes,No,,,1,https://www.vuurwerk.nl/zoeken,1,1,0,1,1
domain::domain:wa.gov,domain:wa.gov,wa.gov,domain,,0,wa.gov,Yes,No,,,1,https://www.wa.gov/agencies/natura,1,1,1,0,1
domain::domain:walgreens.com,domain:walgreens.com,walgreens.com,domain,,0,walgreens.com,Yes,No,,,1,https://www.walgreens.com/store/c/aloe-up-aloe-vera-gel/ID=prod6106134-product,1,1,0,1,1
domain::domain:warmline.org**,domain:warmline.org**,warmline.org**,domain,,0,warmline.org**,Yes,No,,,1,www.warmline.org**,1,1,1,0,1
domain::domain:warmlines.org,domain:warmlines.org,warmlines.org,domain,,0,warmlines.org,Yes,No,,,1,Warmlines.org,1,1,1,0,1
domain::domain:weather.com,domain:weather.com,weather.com,domain,,0,weather.com,Yes,No,,,1,Weather.com,1,1,1,0,1
domain::domain:webcitation.org,domain:webcitation.org,webcitation.org,domain,,0,webcitation.org,Yes,No,,,1,http://www.webcitation.org/*,1,1,1,0,1
domain::domain:weihrauchuk.com,domain:weihrauchuk.com,weihrauchuk.com,domain,,0,weihrauchuk.com,Yes,No,,,1,https://www.weihrauchuk.com/,1,1,1,0,1
domain::domain:whatson.bfi.org.uk,domain:whatson.bfi.org.uk,whatson.bfi.org.uk,domain,,0,whatson.bfi.org.uk,Yes,No,,,1,https://whatson.bfi.org.uk/,1,1,1,0,1
domain::domain:whitepages.com,domain:whitepages.com,whitepages.com,domain,,0,whitepages.com,Yes,No,,,1,Whitepages.com,1,1,1,0,1
domain::domain:wi.edu,domain:wi.edu,wi.edu,domain,,0,wi.edu,Yes,No,,,1,https://www.wi.edu/,1,1,1,0,1
domain::domain:wikileaks.org,domain:wikileaks.org,wikileaks.org,domain,,0,wikileaks.org,Yes,No,,,1,https://wikileaks.org/,1,1,1,0,1
domain::domain:wiredsafety.org,domain:wiredsafety.org,wiredsafety.org,domain,,0,wiredsafety.org,Yes,No,,,1,https://www.wiredsafety.org/,1,1,1,0,1
domain::domain:womensaid.org.uk,domain:womensaid.org.uk,womensaid.org.uk,domain,,0,womensaid.org.uk,Yes,No,,,1,https://www.womensaid.org.uk | womensaid.org.uk,2,1,1,0,1
domain::domain:womenslaw.org,domain:womenslaw.org,womenslaw.org,domain,,0,womenslaw.org,Yes,No,,,1,WomensLaw.org | https://www.womenslaw.org/,2,1,1,0,1
domain::domain:wordpress.com,domain:wordpress.com,wordpress.com,domain,,0,wordpress.com,Yes,No,,,1,https://wordpress.com/support/,1,1,1,0,1
domain::domain:wusthof.com,domain:wusthof.com,wusthof.com,domain,,0,wusthof.com,Yes,No,,,1,https://www.wusthof.com/,1,1,1,0,1
domain::domain:www5.1800respect.org.au,domain:www5.1800respect.org.au,www5.1800respect.org.au,domain,,0,www5.1800respect.org.au,Yes,No,,,1,https://www5.1800respect.org.au/,1,1,1,0,1
domain::domain:wwwaddr.com,domain:wwwaddr.com,wwwaddr.com,domain,,0,wwwaddr.com,Yes,No,,,1,https://wwwaddr.com/mentalhealthed.org/warmlines,1,1,1,0,1
domain::domain:wwws.warmline.org,domain:wwws.warmline.org,wwws.warmline.org,domain,,0,wwws.warmline.org,Yes,No,,,1,https://wwws.warmline.org/,1,1,1,0,1
domain::domain:x.com,domain:x.com,x.com,domain,,0,x.com,Yes,No,,,1,X.com/user123,1,1,1,0,1
domain::domain:xbox.com,domain:xbox.com,xbox.com,domain,,0,xbox.com,Yes,No,,,1,https://www.xbox.com/en-US/games/all-games | https://www.xbox.com/en-US/windows-11/features/pc-game-pass,3,1,1,0,1
domain::domain:xnxx.com,domain:xnxx.com,xnxx.com,domain,,0,xnxx.com,Yes,No,,,1,https://www.xnxx.com | www.xnxx.com,2,1,1,0,1
domain::domain:xvideos-premium.com,domain:xvideos-premium.com,xvideos-premium.com,domain,,0,xvideos-premium.com,Yes,No,,,1,https://www.xvideos-premium.com/,1,1,1,0,1
domain::domain:youporn.com,domain:youporn.com,youporn.com,domain,,0,youporn.com,Yes,No,,,1,https://www.youporn.com/,1,1,1,0,1
domain::domain:yournamecheck.com,domain:yournamecheck.com,yournamecheck.com,domain,,0,yournamecheck.com,Yes,No,,,1,YourNameCheck.com,1,1,1,0,1
domain::domain:yoursite.com,domain:yoursite.com,yoursite.com,domain,,0,yoursite.com,Yes,No,,,1,yoursite.com,1,1,1,0,1
domain::domain:youthline.org,domain:youthline.org,youthline.org,domain,,0,youthline.org,Yes,No,,,1,youthline.org,1,1,1,0,1
domain::domain:yummly.com,domain:yummly.com,yummly.com,domain,,0,yummly.com,Yes,No,,,1,https://www.yummly.com/,1,1,1,0,1
domain::domain:zavvi.com,domain:zavvi.com,zavvi.com,domain,,0,zavvi.com,Yes,No,,,1,Zavvi.com | https://www.zavvi.com,2,1,0,1,1
domain::domain:zeekit.com,domain:zeekit.com,zeekit.com,domain,,0,zeekit.com,Yes,No,,,1,https://www.zeekit.com,1,1,1,0,1
domain::domain:zencare.co,domain:zencare.co,zencare.co,domain,,0,zencare.co,Yes,No,,,1,https://zencare.co,1,1,1,0,1
domain::lifeline-au::lifeline.org.au,lifeline-au,Lifeline Australia,domain,Helpline,0,lifeline.org.au,Yes,Yes,AU,https://www.lifeline.org.au,3,Lifeline.org.au | https://www.lifeline.org.au,2,1,0,1,1
domain::neda::www5.nationaleatingdisorders.org,neda,National Eating Disorders Association,domain,Organisation,0,www5.nationaleatingdisorders.org,Yes,Yes,US,https://www.nationaleatingdisorders.org,4,https://www5.nationaleatingdisorders.org/help-support/contact-helpline/,1,1,1,0,1
domain::refuge::nationaldahelpline.org.uk,refuge,National Domestic Abuse Helpline,domain,Helpline,0,nationaldahelpline.org.uk,Yes,Yes,GB,https://www.nationaldahelpline.org.uk,3,https://www.nationaldahelpline.org.uk/ | nationaldahelpline.org.uk,2,1,1,0,1
domain::the-mix::themix.org.uk,the-mix,The Mix,domain,Organisation,0,themix.org.uk,Yes,Yes,GB,https://www.themix.org.uk,3,themix.org.uk,1,1,0,1,1
domain::youthline-nz::youthline.co.nz,youthline-nz,Youthline,domain,Helpline,0,youthline.co.nz,Yes,Yes,NZ,https://www.youthline.co.nz,3,https://www.youthline.co.nz | youthline.co.nz,2,1,1,0,1
email::email:2025-06-12_instagram_@hater123_post.png,email:2025-06-12_instagram_@hater123_post.png,2025-06-12_instagram_@hater123_post.png,email,,0,2025-06-12_instagram_@hater123_post.png,Yes,No,,,1,2025-06-12_Instagram_@hater123_post.png,1,1,1,0,1
email::email:2025-10-24_twitter_@user123_screenshot.jpeg,email:2025-10-24_twitter_@user123_screenshot.jpeg,2025-10-24_twitter_@user123_screenshot.jpeg,email,,0,2025-10-24_twitter_@user123_screenshot.jpeg,Yes,No,,,1,2025-10-24_Twitter_@User123_Screenshot.jpeg,1,1,1,0,1
email::email:abuse@example.com,email:abuse@example.com,abuse@example.com,email,,0,abuse@example.com,Yes,No,,,1,abuse@example.com,1,1,1,0,1
email::email:abuse@gmail.com,email:abuse@gmail.com,abuse@gmail.com,email,,0,abuse@gmail.com,Yes,No,,,1,abuse@gmail.com,1,1,1,0,1
email::email:admin@domain.com,email:admin@domain.com,admin@domain.com,email,,0,admin@domain.com,Yes,No,,,1,admin@domain.com,1,1,1,0,1
email::email:booking@shopname.com,email:booking@shopname.com,booking@shopname.com,email,,0,booking@shopname.com,Yes,No,,,1,booking@shopname.com,1,1,1,0,1
email::email:ceo@company.com,email:ceo@company.com,ceo@company.com,email,,0,ceo@company.com,Yes,No,,,1,CEO@company.com,1,1,1,0,1
email::email:contact@website.com,email:contact@website.com,contact@website.com,email,,0,contact@website.com,Yes,No,,,1,contact@website.com,1,1,1,0,1
email::email:first.last@company.com,email:first.last@company.com,first.last@company.com,email,,0,first.last@company.com,Yes,No,,,1,first.last@company.com,1,1,1,0,1
email::email:firstname.lastname@company.com,email:firstname.lastname@company.com,firstname.lastname@company.com,email,,0,firstname.lastname@company.com,Yes,No,,,1,firstname.lastname@company.com,1,1,1,0,1
email::email:fyp@beateatingdisorders.org.uk,email:fyp@beateatingdisorders.org.uk,fyp@beateatingdisorders.org.uk,email,,0,fyp@beateatingdisorders.org.uk,Yes,No,,,1,fyp@beateatingdisorders.org.uk,2,1,1,0,1
email::email:help@domain.com,email:help@domain.com,help@domain.com,email,,0,help@domain.com,Yes,No,,,1,help@domain.com,1,1,1,0,1
email::email:help@website.com,email:help@website.com,help@website.com,email,,0,help@website.com,Yes,No,,,1,help@website.com,1,1,1,0,1
email::email:info@nationaleatingdisorders.org,email:info@nationaleatingdisorders.org,info@nationaleatingdisorders.org,email,,0,info@nationaleatingdisorders.org,Yes,No,,,1,info@NationalEatingDisorders.org,1,1,1,0,1
email::email:info@website.com,email:info@website.com,info@website.com,email,,0,info@website.com,Yes,No,,,1,info@website.com,1,1,1,0,1
email::email:investorrelations@company.com,email:investorrelations@company.com,investorrelations@company.com,email,,0,investorrelations@company.com,Yes,No,,,1,investorrelations@company.com,1,1,1,0,1
email::email:john.doe.private@gmail.com,email:john.doe.private@gmail.com,john.doe.private@gmail.com,email,,0,john.doe.private@gmail.com,Yes,No,,,1,John.Doe.Private@gmail.com,1,1,1,0,1
email::email:johnsmith@gmail.com,email:johnsmith@gmail.com,johnsmith@gmail.com,email,,0,johnsmith@gmail.com,Yes,No,,,1,JohnSmith@gmail.com,1,1,0,1,1
email::email:legal@fb.com,email:legal@fb.com,legal@fb.com,email,,0,legal@fb.com,Yes,No,,,1,legal@fb.com,1,1,1,0,1
email::email:legal@site.com,email:legal@site.com,legal@site.com,email,,0,legal@site.com,Yes,No,,,1,legal@site.com,1,1,1,0,1
email::email:legal@sitename.com,email:legal@sitename.com,legal@sitename.com,email,,0,legal@sitename.com,Yes,No,,,1,legal@sitename.com,1,1,1,0,1
email::email:legal@twitter.com,email:legal@twitter.com,legal@twitter.com,email,,0,legal@twitter.com,Yes,No,,,1,legal@twitter.com,1,1,1,0,1
email::email:legalrequests@facebook.com,email:legalrequests@facebook.com,legalrequests@facebook.com,email,,0,legalrequests@facebook.com,Yes,No,,,1,legalrequests@facebook.com,1,1,1,0,1
email::email:moderation@websitename.com,email:moderation@websitename.com,moderation@websitename.com,email,,0,moderation@websitename.com,Yes,No,,,1,moderation@websitename.com,1,1,1,0,1
email::email:mynewchapter2024@gmail.com,email:mynewchapter2024@gmail.com,mynewchapter2024@gmail.com,email,,0,mynewchapter2024@gmail.com,Yes,No,,,1,mynewchapter2024@gmail.com,1,1,1,0,1
email::email:name.tattoos@gmail.com,email:name.tattoos@gmail.com,name.tattoos@gmail.com,email,,0,name.tattoos@gmail.com,Yes,No,,,1,Name.tattoos@gmail.com,1,1,1,0,1
email::email:name@gmail.com,email:name@gmail.com,name@gmail.com,email,,0,name@gmail.com,Yes,No,,,1,name@gmail.com,1,1,1,0,1
email::email:number@carrier.com,email:number@carrier.com,number@carrier.com,email,,0,number@carrier.com,Yes,No,,,1,number@carrier.com,1,1,0,1,1
email::email:placeholder@email.com,email:placeholder@email.com,placeholder@email.com,email,,0,placeholder@email.com,Yes,No,,,1,placeholder@email.com,1,1,1,0,1
email::email:press@company.com,email:press@company.com,press@company.com,email,,0,press@company.com,Yes,No,,,1,press@company.com,1,1,1,0,1
email::email:privacy@company.com,email:privacy@company.com,privacy@company.com,email,,0,privacy@company.com,Yes,No,,,1,privacy@company.com,1,1,1,0,1
email::email:privacy@tiktok.com,email:privacy@tiktok.com,privacy@tiktok.com,email,,0,privacy@tiktok.com,Yes,No,,,1,privacy@tiktok.com,1,1,1,0,1
email::email:privacy@websitename.com,email:privacy@websitename.com,privacy@websitename.com,email,,0,privacy@websitename.com,Yes,No,,,1,privacy@websitename.com,1,1,1,0,1
email::email:randomname123@protonmail.com,email:randomname123@protonmail.com,randomname123@protonmail.com,email,,0,randomname123@protonmail.com,Yes,No,,,1,randomname123@protonmail.com,1,1,0,1,1
email::email:safety@facebook.com,email:safety@facebook.com,safety@facebook.com,email,,0,safety@facebook.com,Yes,No,,,1,safety@facebook.com,1,1,1,0,1
email::email:safety@websitename.com,email:safety@websitename.com,safety@websitename.com,email,,0,safety@websitename.com,Yes,No,,,1,safety@websitename.com,1,1,1,0,1
email::email:support@example.com,email:support@example.com,support@example.com,email,,0,support@example.com,Yes,No,,,1,support@example.com,1,1,1,0,1
email::email:support@facebook.com,email:support@facebook.com,support@facebook.com,email,,0,support@facebook.com,Yes,No,,,1,support@facebook.com,1,1,1,0,1
email::email:support@twitter.com,email:support@twitter.com,support@twitter.com,email,,0,support@twitter.com,Yes,No,,,1,support@twitter.com,1,1,1,0,1
email::email:support@websitename.com,email:support@websitename.com,support@websitename.com,email,,0,support@websitename.com,Yes,No,,,1,support@websitename.com,1,1,1,0,1
email::email:user@example.com,email:user@example.com,user@example.com,email,,0,user@example.com,Yes,No,,,1,user@example.com,1,1,1,0,1
email::email:yourname001@gmail.com,email:yourname001@gmail.com,yourname001@gmail.com,email,,0,yourname001@gmail.com,Yes,No,,,1,yourname001@gmail.com,1,1,1,0,1
phone::mind::03001233393,mind,Mind,phone,Organisation,0,03001233393,Yes,Yes,GB,https://www.mind.org.uk,2,0300 123 3393,1,1,1,0,1
phone::number:01082951332,number:01082951332,01082951332,phone,,0,01082951332,Yes,No,,,1,010-82951332,1,1,1,0,1
phone::number:0116123,number:0116123,0116123,phone,,0,0116123,Yes,No,,,1,+44 116 123,1,1,1,0,1
phone::number:012107906,number:012107906,012107906,phone,,0,012107906,Yes,No,,,1,01 210 7906,1,1,1,0,1
phone::number:01618341234,number:01618341234,01618341234,phone,,0,01618341234,Yes,No,,,1,0161 834 1234 | 01618341234,2,1,0,1,1
phone::number:03001237123,number:03001237123,03001237123,phone,,0,03001237123,Yes,No,,,1,0300 123 7123,1,1,0,1,1
phone::number:03453451516,number:03453451516,03453451516,phone,,0,03453451516,Yes,No,,,1,0345 345 1516,1,1,1,0,1
phone::number:03456000459,number:03456000459,03456000459,phone,,0,03456000459,Yes,No,,,1,0345 6000 459,1,1,1,0,1
phone::number:0488888236,number:0488888236,0488888236,phone,,0,0488888236,Yes,No,,,1,0488 888 236,1,1,1,0,1
phone::number:07786202370,number:07786202370,07786202370,phone,,0,07786202370,Yes,No,,,1,07786 202 370,1,1,1,0,1
phone::number:07860067733,number:07860067733,07860067733,phone,,0,07860067733,Yes,No,,,1,07860 067733,1,1,1,0,1
phone::number:08000086811,number:08000086811,08000086811,phone,,0,08000086811,Yes,No,,,1,0800 0086 811,1,1,1,0,1
phone::number:08001828888,number:08001828888,08001828888,phone,,0,08001828888,Yes,No,,,1,0800 182 8888,1,1,1,0,1
phone::number:08001881988,number:08001881988,08001881988,phone,,0,08001881988,Yes,No,,,1,0800 188 1988,1,1,1,0,1
phone::number:08002666925,number:08002666925,08002666925,phone,,0,08002666925,Yes,No,,,1,0800 266 6925,1,1,1,0,1
phone::number:08009170107,number:08009170107,08009170107,phone,,0,08009170107,Yes,No,,,1,0800 917 0107 | 08009170107,2,1,1,0,1
phone::number:08009993777,number:08009993777,08009993777,phone,,0,08009993777,Yes,No,,,1,0800 999 3777,1,1,1,0,1
phone::number:08009995777,number:08009995777,08009995777,phone,,0,08009995777,Yes,No,,,1,0800 999 5777,1,1,1,0,1
phone::number:08081111,number:08081111,08081111,phone,,0,08081111,Yes,No,,,1,0808 1111,1,1,0,1,1
phone::number:08088010433,number:08088010433,08088010433,phone,,0,08088010433,Yes,No,,,1,0808 801 0433,1,1,1,0,1
phone::number:08088010434,number:08088010434,08088010434,phone,,0,08088010434,Yes,No,,,1,0808 801 0434,1,1,1,0,1
phone::number:08088010810,number:08088010810,08088010810,phone,,0,08088010810,Yes,No,,,1,0808 801 0810,1,1,1,0,1
phone::number:0808808141,number:0808808141,0808808141,phone,,0,0808808141,Yes,No,,,1,0808 808 141,1,1,1,0,1
phone::number:0818210210,number:0818210210,0818210210,phone,,0,0818210210,Yes,No,,,1,0818 210 210,1,1,1,0,1
phone::number:1009896,number:1009896,1009896,phone,,0,1009896,Yes,No,,,1,100... 98... 96,1,1,1,0,1
phone::number:1300368186,number:1300368186,1300368186,phone,,0,1300368186,Yes,No,,,1,1300 368 186,1,1,1,0,1
phone::number:1800022222,number:1800022222,1800022222,phone,,0,1800022222,Yes,No,,,1,1800 022 222,1,1,1,0,1
phone::number:18001111,number:18001111,18001111,phone,,0,18001111,Yes,No,,,1,1-800-1111,1,1,1,0,1
phone::number:1800184527,number:1800184527,1800184527,phone,,0,1800184527,Yes,No,,,1,1800 184 527,1,1,1,0,1
phone::number:1800222122287,number:1800222122287,1800222122287,phone,,0,1800222122287,Yes,No,,,1,1-800-222-1222 US,1,1,0,1,1
phone::number:180032876278,number:180032876278,180032876278,phone,,0,180032876278,Yes,No,,,1,1-800-EAT-SMART,1,1,1,0,1
phone::number:1800332,number:1800332,1800332,phone,,0,1800332,Yes,No,,,1,1-800-FDA,1,1,1,0,1
phone::number:1800332411,number:1800332411,1800332411,phone,,0,1800332411,Yes,No,,,1,1-800-332-411,1,1,1,0,1
phone::number:180036636463,number:180036636463,180036636463,phone,,0,180036636463,Yes,No,,,1,1-800-366-36463 | 1-800-FOOD-MIND,2,1,1,0,1
phone::number:1800533525,number:1800533525,1800533525,phone,,0,1800533525,Yes,No,,,1,1800 533 525,1,1,1,0,1
phone::number:1800693486377,number:1800693486377,1800693486377,phone,,0,1800693486377,Yes,No,,,1,1-800-MY-FITNESS,1,1,1,0,1
phone::number:1800843727478,number:1800843727478,1800843727478,phone,,0,1800843727478,Yes,No,,,1,1-800-THERAPIST,1,1,1,0,1
phone::number:180088336825,number:180088336825,180088336825,phone,,0,180088336825,Yes,No,,,1,1-800-TTEEN-VAL,1,1,1,0,1
phone::number:18009422,number:18009422,18009422,phone,,0,18009422,Yes,No,,,1,1-800-WICC,1,1,1,0,1
phone::number:1800994283,number:1800994283,1800994283,phone,,0,1800994283,Yes,No,,,1,1-800-99-HATE | 1-800-994-283,2,1,1,0,1
phone::number:18444357,number:18444357,18444357,phone,,0,18444357,Yes,No,,,1,1-844-HELP,1,1,1,0,1
phone::number:184443726278,number:184443726278,184443726278,phone,,0,184443726278,Yes,No,,,1,1-844-437-COAST,1,1,1,0,1
phone::number:1844764766,number:1844764766,1844764766,phone,,0,1844764766,Yes,No,,,1,1-844-POISON,1,1,0,1,1
phone::number:18481970,number:18481970,18481970,phone,,0,18481970,Yes,No,,,1,1848–1970,1,1,1,0,1
phone::number:185542727368,number:185542727368,185542727368,phone,,0,185542727368,Yes,No,,,1,1-855-4A-PARENT,1,1,0,1,1
phone::number:18651870,number:18651870,18651870,phone,,0,18651870,Yes,No,,,1,1865-1870,1,1,1,0,1
phone::number:187784263672,number:187784263672,187784263672,phone,,0,187784263672,Yes,No,,,1,1-877-8-HAM-DNPA,1,1,1,0,1
phone::number:187784478477,number:187784478477,187784478477,phone,,0,187784478477,Yes,No,,,1,1-877-8-HHS-TIPS,1,1,1,0,1
phone::number:188833334663,number:188833334663,188833334663,phone,,0,188833334663,Yes,No,,,1,1-888-FEED-GOOD,1,1,1,0,1
phone::number:188872333663,number:188872333663,188872333663,phone,,0,188872333663,Yes,No,,,1,1-888-SAFEFOOD,1,1,1,0,1
phone::number:19216801,number:19216801,19216801,phone,,0,19216801,Yes,No,,,1,192.168.0.1,1,1,0,1,1
phone::number:19481990,number:19481990,19481990,phone,,0,19481990,Yes,No,,,1,1948–1990,1,1,1,0,1
phone::number:19481994,number:19481994,19481994,phone,,0,19481994,Yes,No,,,1,1948–1994,1,1,1,0,1
phone::number:19551968,number:19551968,19551968,phone,,0,19551968,Yes,No,,,1,1955-1968,1,1,1,0,1
phone::number:19691973,number:19691973,19691973,phone,,0,19691973,Yes,No,,,1,1969-1973,1,1,1,0,1
phone::number:19692015,number:19692015,19692015,phone,,0,19692015,Yes,No,,,1,1969–2015,1,1,1,0,1
phone::number:1977504,number:1977504,1977504,phone,,0,1977504,Yes,No,,,1,1977 504,1,1,1,0,1
phone::number:20004000,number:20004000,20004000,phone,,0,20004000,Yes,No,,,1,2000-4000,1,1,1,0,1
phone::number:20182023,number:20182023,20182023,phone,,0,20182023,Yes,No,,,1,2018–2023,1,1,0,1,1
phone::number:20231005,number:20231005,20231005,phone,,0,20231005,Yes,No,,,1,2023-10-05,1,1,1,0,1
phone::number:20231015,number:20231015,20231015,phone,,0,20231015,Yes,No,,,1,2023-10-15,1,1,1,0,1
phone::number:2023103009,number:2023103009,2023103009,phone,,0,2023103009,Yes,No,,,1,2023-10-30 09,1,1,1,0,1
phone::number:20231115,number:20231115,20231115,phone,,0,20231115,Yes,No,,,1,2023-11-15,1,1,1,0,1
phone::number:20232024,number:20232024,20232024,phone,,0,20232024,Yes,No,,,1,2023–2024,1,1,1,0,1
phone::number:20240115,number:20240115,20240115,phone,,0,20240115,Yes,No,,,1,2024-01-15,1,1,1,0,1
phone::number:20240201,number:20240201,20240201,phone,,0,20240201,Yes,No,,,1,2024-02-01,1,1,1,0,1
phone::number:20240514,number:20240514,20240514,phone,,0,20240514,Yes,No,,,1,2024-05-14,1,1,1,0,1
phone::number:20240605,number:20240605,20240605,phone,,0,20240605,Yes,No,,,1,2024-06-05,1,1,1,0,1
phone::number:20240606,number:20240606,20240606,phone,,0,20240606,Yes,No,,,1,2024-06-06,1,1,1,0,1
phone::number:20241012,number:20241012,20241012,phone,,0,20241012,Yes,No,,,1,2024-10-12,1,1,1,0,1
phone::number:20250315,number:20250315,20250315,phone,,0,20250315,Yes,No,,,1,2025-03-15,2,1,1,0,1
phone::number:20250413,number:20250413,20250413,phone,,0,20250413,Yes,No,,,1,2025-04-13,1,1,1,0,1
phone::number:2255324,number:2255324,2255324,phone,,0,2255324,Yes,No,,,1,225-5324,1,1,1,0,1
phone::number:2345650633,number:2345650633,2345650633,phone,,0,2345650633,Yes,No,,,1,234-565-0633,1,1,1,0,1
phone::number:2474357,number:2474357,2474357,phone,,0,2474357,Yes,No,,,1,247-4357,1,1,1,0,1
phone::number:3512128266,number:3512128266,3512128266,phone,,0,3512128266,Yes,No,,,1,351-212-8266,1,1,1,0,1
phone::number:4001200,number:4001200,4001200,phone,,0,4001200,Yes,No,,,1,400–1200,1,1,0,1,1
phone::number:4001619995,number:4001619995,4001619995,phone,,0,4001619995,Yes,No,,,1,400-161-9995,1,1,1,0,1
phone::number:4163404156,number:4163404156,4163404156,phone,,0,4163404156,Yes,No,,,1,416-340-4156,1,1,1,0,1
phone::number:6001000,number:6001000,6001000,phone,,0,6001000,Yes,No,,,1,600–1000,1,1,0,1,1
phone::number:6001200,number:6001200,6001200,phone,,0,6001200,Yes,No,,,1,600–1200,1,1,1,0,1
phone::number:6265571595,number:6265571595,6265571595,phone,,0,6265571595,Yes,No,,,1,626-557-1595,1,1,1,0,1
phone::number:6305771330,number:6305771330,6305771330,phone,,0,6305771330,Yes,No,,,1,1-630-577-1330,1,1,1,0,1
phone::number:7001000,number:7001000,7001000,phone,,0,7001000,Yes,No,,,1,700–1000,1,1,0,1,1
phone::number:7001100,number:7001100,7001100,phone,,0,7001100,Yes,No,,,1,700–1100,1,1,1,0,1
phone::number:7001200,number:7001200,7001200,phone,,0,7001200,Yes,No,,,1,700–1200,1,1,1,0,1
phone::number:8001000,number:8001000,8001000,phone,,0,8001000,Yes,No,,,1,800-1000,1,1,1,0,1
phone::number:8001000377,number:8001000377,8001000377,phone,,0,8001000377,Yes,No,,,1,800-1000 FPS,1,1,1,0,1
phone::number:8002215689,number:8002215689,8002215689,phone,,0,8002215689,Yes,No,,,1,1-800-221-5689,1,1,1,0,1
phone::number:8002255332,number:8002255332,8002255332,phone,,0,8002255332,Yes,No,,,1,1-800-CALL-FDA,1,1,1,0,1
phone::number:8002330253,number:8002330253,8002330253,phone,,0,8002330253,Yes,No,,,1,1-800-233-0253,1,1,1,0,1
phone::number:8002339012,number:8002339012,8002339012,phone,,0,8002339012,Yes,No,,,1,1-800-233-9012,1,1,0,1,1
phone::number:8002374444,number:8002374444,8002374444,phone,,0,8002374444,Yes,No,,,1,1-800-237-4444,1,1,0,1,1
phone::number:8002526465,number:8002526465,8002526465,phone,,0,8002526465,Yes,No,,,1,1-800-252-6465,1,1,1,0,1
phone::number:8003112222,number:8003112222,8003112222,phone,,0,8003112222,Yes,No,,,1,800-311-2222,1,1,1,0,1
phone::number:8003285377,number:8003285377,8003285377,phone,,0,8003285377,Yes,No,,,1,1-800-EAT-LESS,1,1,1,0,1
phone::number:8003287569,number:8003287569,8003287569,phone,,0,8003287569,Yes,No,,,1,1-800-EAT-SLOW,1,1,1,0,1
phone::number:8003569996,number:8003569996,8003569996,phone,,0,8003569996,Yes,No,,,1,1‑800‑356‑9996,1,1,1,0,1
phone::number:8003661655,number:8003661655,8003661655,phone,,0,8003661655,Yes,No,,,1,1-800-366-1655,1,1,1,0,1
phone::number:8003663435,number:8003663435,8003663435,phone,,0,8003663435,Yes,No,,,1,1-800-366-3435,1,1,1,0,1
phone::number:8003702966,number:8003702966,8003702966,phone,,0,8003702966,Yes,No,,,1,1-800-370-2966,1,1,1,0,1
phone::number:8004224243,number:8004224243,8004224243,phone,,0,8004224243,Yes,No,,,1,1-800-422-4243,1,1,1,0,1
phone::number:8004228255,number:8004228255,8004228255,phone,,0,8004228255,Yes,No,,,1,1-800-422-TALK,1,1,1,0,1
phone::number:8004244545,number:8004244545,8004244545,phone,,0,8004244545,Yes,No,,,1,1-800-424-4545,1,1,0,1,1
phone::number:8004323110,number:8004323110,8004323110,phone,,0,8004323110,Yes,No,,,1,1-800-432-3110,1,1,1,0,1
phone::number:8004383488,number:8004383488,8004383488,phone,,0,8004383488,Yes,No,,,1,1-800-438-3488 | 1-800-GET-FITT,2,1,1,0,1
phone::number:8004458100,number:8004458100,8004458100,phone,,0,8004458100,Yes,No,,,1,1-800-445-8100,1,1,1,0,1
phone::number:8004484663,number:8004484663,8004484663,phone,,0,8004484663,Yes,No,,,1,1-800-448-4663,1,1,1,0,1
phone::number:8004488222,number:8004488222,8004488222,phone,,0,8004488222,Yes,No,,,1,1-800-448-8222,1,1,0,1,1
phone::number:8004685463,number:8004685463,8004685463,phone,,0,8004685463,Yes,No,,,1,800-468-5463,1,1,1,0,1
phone::number:8005325682,number:8005325682,8005325682,phone,,0,8005325682,Yes,No,,,1,1-800-532-5682,1,1,1,0,1
phone::number:8005478367,number:8005478367,8005478367,phone,,0,8005478367,Yes,No,,,1,1-800-547-8367,1,1,1,0,1
phone::number:8005552231,number:8005552231,8005552231,phone,,0,8005552231,Yes,No,,,1,1-800-555-2231,1,1,0,1,1
phone::number:8005658603,number:8005658603,8005658603,phone,,0,8005658603,Yes,No,,,1,1-800-565-8603,1,1,1,0,1
phone::number:8005755437,number:8005755437,8005755437,phone,,0,8005755437,Yes,No,,,1,1-800-575-KIDS,1,1,1,0,1
phone::number:8006222255,number:8006222255,8006222255,phone,,0,8006222255,Yes,No,,,1,1-800-622-2255 | 1-800-NCA-CALL,2,1,1,0,1
phone::number:8006722296,number:8006722296,8006722296,phone,,0,8006722296,Yes,No,,,1,1-800-672-2296,1,1,0,1,1
phone::number:8006874717,number:8006874717,8006874717,phone,,0,8006874717,Yes,No,,,1,1-800-687-4717,1,1,1,0,1
phone::number:8006975283,number:8006975283,8006975283,phone,,0,8006975283,Yes,No,,,1,1-800-MY-PLATE,1,1,1,0,1
phone::number:8008222387,number:8008222387,8008222387,phone,,0,8008222387,Yes,No,,,1,1-800-822-2387,1,1,1,0,1
phone::number:8008437274,number:8008437274,8008437274,phone,,0,8008437274,Yes,No,,,1,1-800-843-7274,1,1,1,0,1
phone::number:800852833,number:800852833,800852833,phone,,0,800852833,Yes,No,,,1,800-852-833,1,1,0,1,1
phone::number:8009312750,number:8009312750,8009312750,phone,,0,8009312750,Yes,No,,,1,1-800-931-2750,1,1,1,0,1
phone::number:8009328893,number:8009328893,8009328893,phone,,0,8009328893,Yes,No,,,1,1-800-932-8893,1,1,1,0,1
phone::number:8009422391,number:8009422391,8009422391,phone,,0,8009422391,Yes,No,,,1,1-800-942-2391,1,1,1,0,1
phone::number:8009444773,number:8009444773,8009444773,phone,,0,8009444773,Yes,No,,,1,1-800-944-4773,1,1,1,0,1
phone::number:8009459155,number:8009459155,8009459155,phone,,0,8009459155,Yes,No,,,1,1-800-945-9155,1,1,1,0,1
phone::number:8009865837,number:8009865837,8009865837,phone,,0,8009865837,Yes,No,,,1,1-800-986-5837,1,1,1,0,1
phone::number:8108554673,number:8108554673,8108554673,phone,,0,8108554673,Yes,No,,,1,810-855-4673,1,1,1,0,1
phone::number:8332354048,number:8332354048,8332354048,phone,,0,8332354048,Yes,No,,,1,1-833-235-4048,1,1,1,0,1
phone::number:8332382122,number:8332382122,8332382122,phone,,0,8332382122,Yes,No,,,1,+1-833-238-2122,1,1,1,0,1
phone::number:8334222445,number:8334222445,8334222445,phone,,0,8334222445,Yes,No,,,1,1-833-422-2445,1,1,1,0,1
phone::number:8339374366,number:8339374366,8339374366,phone,,0,8339374366,Yes,No,,,1,1-833-937-4366,1,1,1,0,1
phone::number:8443113008,number:8443113008,8443113008,phone,,0,8443113008,Yes,No,,,1,1-844-311-3008,1,1,1,0,1
phone::number:8444372627,number:8444372627,8444372627,phone,,0,8444372627,Yes,No,,,1,844-437-2627,1,1,1,0,1
phone::number:8444372677,number:8444372677,8444372677,phone,,0,8444372677,Yes,No,,,1,1-844-437-COPS,1,1,1,0,1
phone::number:8444875629,number:8444875629,8444875629,phone,,0,8444875629,Yes,No,,,1,844-487-5629,1,1,1,0,1
phone::number:8446666669,number:8446666669,8446666669,phone,,0,8446666669,Yes,No,,,1,1-844-666-6669,1,1,1,0,1
phone::number:8449675731,number:8449675731,8449675731,phone,,0,8449675731,Yes,No,,,1,844-967-5731,1,1,1,0,1
phone::number:8508336546,number:8508336546,8508336546,phone,,0,8508336546,Yes,No,,,1,850-833-6546,1,1,1,0,1
phone::number:8528338436,number:8528338436,8528338436,phone,,0,8528338436,Yes,No,,,1,852-833-8436,1,1,1,0,1
phone::number:8528338437,number:8528338437,8528338437,phone,,0,8528338437,Yes,No,,,1,852-833-8437,1,1,1,0,1
phone::number:8528338533,number:8528338533,8528338533,phone,,0,8528338533,Yes,No,,,1,852-833-8533,1,1,1,0,1
phone::number:8552231053,number:8552231053,8552231053,phone,,0,8552231053,Yes,No,,,1,1-855-223-1053,1,1,1,0,1
phone::number:8552423310,number:8552423310,8552423310,phone,,0,8552423310,Yes,No,,,1,1-855-242-3310,1,1,1,0,1
phone::number:8554112372,number:8554112372,8554112372,phone,,0,8554112372,Yes,No,,,1,1-855-411-2372,1,1,1,0,1
phone::number:8554484848,number:8554484848,8554484848,phone,,0,8554484848,Yes,No,,,1,1-855-448-4848,1,1,1,0,1
phone::number:8554842831,number:8554842831,8554842831,phone,,0,8554842831,Yes,No,,,1,1-855-484-2831,1,1,1,0,1
phone::number:8555532005,number:8555532005,8555532005,phone,,0,8555532005,Yes,No,,,1,855-553-2005,1,1,1,0,1
phone::number:8558334673,number:8558334673,8558334673,phone,,0,8558334673,Yes,No,,,1,855-833-4673,1,1,1,0,1
phone::number:85583364673,number:85583364673,85583364673,phone,,0,85583364673,Yes,No,,,1,855-TEEN-HOPE,1,1,1,0,1
phone::number:8558554213,number:8558554213,8558554213,phone,,0,8558554213,Yes,No,,,1,1-855-855-4213,1,1,1,0,1
phone::number:8558561247,number:8558561247,8558561247,phone,,0,8558561247,Yes,No,,,1,1-855-856-1247,1,1,1,0,1
phone::number:8654887386,number:8654887386,8654887386,phone,,0,8654887386,Yes,No,,,1,1-865-488-7386,1,1,1,0,1
phone::number:8662426276,number:8662426276,8662426276,phone,,0,8662426276,Yes,No,,,1,1-866-242-6276,1,1,1,0,1
phone::number:8663034222,number:8663034222,8663034222,phone,,0,8663034222,Yes,No,,,1,1-866-303-4222,1,1,0,1,1
phone::number:8664822537,number:8664822537,8664822537,phone,,0,8664822537,Yes,No,,,1,1-866-482-2537,1,1,1,0,1
phone::number:8665589008,number:8665589008,8665589008,phone,,0,8665589008,Yes,No,,,1,1-866-558-9008,1,1,1,0,1
phone::number:8665802233,number:8665802233,8665802233,phone,,0,8665802233,Yes,No,,,1,1-866-580-2233,1,1,1,0,1
phone::number:8665803333,number:8665803333,8665803333,phone,,0,8665803333,Yes,No,,,1,1-866-580-3333,1,1,1,0,1
phone::number:8665832758,number:8665832758,8665832758,phone,,0,8665832758,Yes,No,,,1,1-866-583-2758,1,1,1,0,1
phone::number:8666224357,number:8666224357,8666224357,phone,,0,8666224357,Yes,No,,,1,1-866-622-HELP,1,1,1,0,1
phone::number:8666334224,number:8666334224,8666334224,phone,,0,8666334224,Yes,No,,,1,1-866-633-4224,1,1,1,0,1
phone::number:8666589022,number:8666589022,8666589022,phone,,0,8666589022,Yes,No,,,1,1-866-658-9022,1,1,1,0,1
phone::number:8668336546,number:8668336546,8668336546,phone,,0,8668336546,Yes,No,,,1,1-866-833-6546,1,1,1,0,1
phone::number:8668844584,number:8668844584,8668844584,phone,,0,8668844584,Yes,No,,,1,1-866-884-4584,1,1,1,0,1
phone::number:8669334789,number:8669334789,8669334789,phone,,0,8669334789,Yes,No,,,1,1-866-933-4789,1,1,1,0,1
phone::number:8772185267,number:8772185267,8772185267,phone,,0,8772185267,Yes,No,,,1,1-877-218-5267,1,1,1,0,1
phone::number:8775427233,number:8775427233,8775427233,phone,,0,8775427233,Yes,No,,,1,1-877-542-7233,1,1,1,0,1
phone::number:8777393895,number:8777393895,8777393895,phone,,0,8777393895,Yes,No,,,1,1-877-739-3895,1,1,1,0,1
phone::number:8777894558,number:8777894558,8777894558,phone,,0,8777894558,Yes,No,,,1,1-877-789-4558,1,1,1,0,1
phone::number:8778426367,number:8778426367,8778426367,phone,,0,8778426367,Yes,No,,,1,1-877-842-6367,1,1,1,0,1
phone::number:8778447847,number:8778447847,8778447847,phone,,0,8778447847,Yes,No,,,1,1-877-844-7847,1,1,1,0,1
phone::number:8778472247,number:8778472247,8778472247,phone,,0,8778472247,Yes,No,,,1,1-877-847-2247,1,1,1,0,1
phone::number:8778704673,number:8778704673,8778704673,phone,,0,8778704673,Yes,No,,,1,1-877-870-4673,1,1,1,0,1
phone::number:8778884673,number:8778884673,8778884673,phone,,0,8778884673,Yes,No,,,1,1-877-888-4673,1,1,1,0,1
phone::number:8779182103,number:8779182103,8779182103,phone,,0,8779182103,Yes,No,,,1,1-877-918-2103,1,1,1,0,1
phone::number:8883757769,number:8883757769,8883757769,phone,,0,8883757769,Yes,No,,,1,1-888-375-7769,1,1,1,0,1
phone::number:8884489776,number:8884489776,8884489776,phone,,0,8884489776,Yes,No,,,1,1-888-448-9776,1,1,1,0,1
phone::number:8885542627,number:8885542627,8885542627,phone,,0,8885542627,Yes,No,,,1,1-888-554-2627,1,1,1,0,1
phone::number:8886746854,number:8886746854,8886746854,phone,,0,8886746854,Yes,No,,,1,1-888-674-6854,1,1,1,0,1
phone::number:8886886677,number:8886886677,8886886677,phone,,0,8886886677,Yes,No,,,1,1-888-688-6677,1,1,1,0,1
phone::number:8887233366,number:8887233366,8887233366,phone,,0,8887233366,Yes,No,,,1,1-888-723-3366,1,1,1,0,1
phone::number:8888783256,number:8888783256,8888783256,phone,,0,8888783256,Yes,No,,,1,1-888-878-3256,1,1,1,0,1
phone::number:8888791736,number:8888791736,8888791736,phone,,0,8888791736,Yes,No,,,1,888-879-1736,1,1,1,0,1
phone::number:9001000,number:9001000,9001000,phone,,0,9001000,Yes,No,,,1,900-1000,1,1,1,0,1
phone::number:9152987821,number:9152987821,9152987821,phone,,0,9152987821,Yes,No,,,1,9152987821,1,1,0,1,1
phone::number:9495153277,number:9495153277,9495153277,phone,,0,9495153277,Yes,No,,,1,949-515-3277,1,1,1,0,1
shortcode::need-to-talk-nz::1737,need-to-talk-nz,1737 Need to Talk,shortcode,Helpline,0,1737,Yes,Yes,NZ,https://1737.org.nz,1,1737,1,1,1,0,1
shortcode::number:00015,number:00015,00015,shortcode,,0,00015,Yes,No,,,1,000-15,1,1,1,0,1
shortcode::number:005,number:005,005,shortcode,,0,005,Yes,No,,,1,00 - 5,1,1,0,1,1
shortcode::number:015,number:015,015,shortcode,,0,015,Yes,No,,,1,0–15,1,1,1,0,1
shortcode::number:030,number:030,030,shortcode,,0,030,Yes,No,,,1,0–30,1,1,1,0,1
shortcode::number:0336,number:0336,0336,shortcode,,0,0336,Yes,No,,,1,0336,1,1,1,0,1
shortcode::number:040,number:040,040,shortcode,,0,040,Yes,No,,,1,040,1,1,0,1,1
shortcode::number:060,number:060,060,shortcode,,0,060,Yes,No,,,1,0–60,1,1,1,0,1
shortcode::number:1000,number:1000,1000,shortcode,,0,1000,Yes,No,,,1,1000,1,1,0,1,1
shortcode::number:101010,number:101010,101010,shortcode,,0,101010,Yes,No,,,1,10-10-10,1,1,1,0,1
shortcode::number:1030,number:1030,1030,shortcode,,0,1030,Yes,No,,,1,10–30,1,1,1,0,1
shortcode::number:1077,number:1077,1077,shortcode,,0,1077,Yes,No,,,1,1077,1,1,0,1,1
shortcode::number:1099,number:1099,1099,shortcode,,0,1099,Yes,No,,,1,1099,1,1,1,0,1
shortcode::number:1111,number:1111,1111,shortcode,,0,1111,Yes,No,,,1,1111,1,1,0,1,1
shortcode::number:111111,number:111111,111111,shortcode,,0,111111,Yes,No,,,1,111 111,1,1,1,0,1
shortcode::number:116113,number:116113,116113,shortcode,,0,116113,Yes,No,,,1,116 113,1,1,0,1,1
shortcode::number:121,number:121,121,shortcode,,0,121,Yes,No,,,1,1-2-1,1,1,1,0,1
shortcode::number:1210,number:1210,1210,shortcode,,0,1210,Yes,No,,,1,1–2 10,1,1,1,0,1
shortcode::number:1216,number:1216,1216,shortcode,,0,1216,Yes,No,,,1,12–16,1,1,1,0,1
shortcode::number:1218,number:1218,1218,shortcode,,0,1218,Yes,No,,,1,12-18,1,1,1,0,1
shortcode::number:1219,number:1219,1219,shortcode,,0,1219,Yes,No,,,1,12–19,1,1,1,0,1
shortcode::number:1220,number:1220,1220,shortcode,,0,1220,Yes,No,,,1,12–20,1,1,1,0,1
shortcode::number:123,number:123,123,shortcode,,0,123,Yes,No,,,1,123,1,1,0,1,1
shortcode::number:125,number:125,125,shortcode,,0,125,Yes,No,,,1,12-5,1,1,1,0,1
shortcode::number:1317,number:1317,1317,shortcode,,0,1317,Yes,No,,,1,13–17,1,1,0,1,1
shortcode::number:1400,number:1400,1400,shortcode,,0,1400,Yes,No,,,1,1400,1,1,1,0,1
shortcode::number:140165,number:140165,140165,shortcode,,0,140165,Yes,No,,,1,140–165,1,1,1,0,1
shortcode::number:1416,number:1416,1416,shortcode,,0,1416,Yes,No,,,1,14–16,1,1,1,0,1
shortcode::number:1492,number:1492,1492,shortcode,,0,1492,Yes,No,,,1,1492,1,1,1,0,1
shortcode::number:151,number:151,151,shortcode,,0,151,Yes,No,,,1,15 - 1,1,1,0,1,1
shortcode::number:1519,number:1519,1519,shortcode,,0,1519,Yes,No,,,1,15–19,1,1,0,1,1
shortcode::number:1530,number:1530,1530,shortcode,,0,1530,Yes,No,,,1,15–30,1,1,1,0,1
shortcode::number:1621,number:1621,1621,shortcode,,0,1621,Yes,No,,,1,16-21,1,1,1,0,1
shortcode::number:180,number:180,180,shortcode,,0,180,Yes,No,,,1,180,1,1,0,1,1
shortcode::number:181,number:181,181,shortcode,,0,181,Yes,No,,,1,181,1,1,1,0,1
shortcode::number:1819,number:1819,1819,shortcode,,0,1819,Yes,No,,,1,18-19,1,1,0,1,1
shortcode::number:1825,number:1825,1825,shortcode,,0,1825,Yes,No,,,1,18-25,1,1,1,0,1
shortcode::number:1844,number:1844,1844,shortcode,,0,1844,Yes,No,,,1,1‑844,1,1,0,1,1
shortcode::number:1866,number:1866,1866,shortcode,,0,1866,Yes,No,,,1,1-866,1,1,1,0,1
shortcode::number:1900,number:1900,1900,shortcode,,0,1900,Yes,No,,,1,1-900,1,1,1,0,1
shortcode::number:2030,number:2030,2030,shortcode,,0,2030,Yes,No,,,1,20–30,1,1,1,0,1
shortcode::number:2050,number:2050,2050,shortcode,,0,2050,Yes,No,,,1,20–50,1,1,0,1,1
shortcode::number:2100,number:2100,2100,shortcode,,0,2100,Yes,No,,,1,2100,1,1,1,0,1
shortcode::number:2123,number:2123,2123,shortcode,,0,2123,Yes,No,,,1,21-23,1,1,1,0,1
shortcode::number:2125,number:2125,2125,shortcode,,0,2125,Yes,No,,,1,21–25,1,1,1,0,1
shortcode::number:22222,number:22222,22222,shortcode,,0,22222,Yes,No,,,1,22222,1,1,1,0,1
shortcode::number:2527,number:2527,2527,shortcode,,0,2527,Yes,No,,,1,25-27,1,1,1,0,1
shortcode::number:2530,number:2530,2530,shortcode,,0,2530,Yes,No,,,1,25-30,1,1,1,0,1
shortcode::number:256,number:256,256,shortcode,,0,256,Yes,No,,,1,256,1,1,1,0,1
shortcode::number:275,number:275,275,shortcode,,0,275,Yes,No,,,1,275,1,1,0,1,1
shortcode::number:2831,number:2831,2831,shortcode,,0,2831,Yes,No,,,1,28–31,1,1,0,1,1
shortcode::number:293,number:293,293,shortcode,,0,293,Yes,No,,,1,293,1,1,1,0,1
shortcode::number:300500,number:300500,300500,shortcode,,0,300500,Yes,No,,,1,300–500,1,1,1,0,1
shortcode::number:303,number:303,303,shortcode,,0,303,Yes,No,,,1,303,1,1,1,0,1
shortcode::number:3032,number:3032,3032,shortcode,,0,3032,Yes,No,,,1,30-32,1,1,1,0,1
shortcode::number:304304,number:304304,304304,shortcode,,0,304304,Yes,No,,,1,304-304,1,1,0,1,1
shortcode::number:307,number:307,307,shortcode,,0,307,Yes,No,,,1,307,1,1,1,0,1
shortcode::number:314,number:314,314,shortcode,,0,314,Yes,No,,,1,314,2,1,1,0,1
shortcode::number:317,number:317,317,shortcode,,0,317,Yes,No,,,1,317,2,1,1,0,1
shortcode::number:333,number:333,333,shortcode,,0,333,Yes,No,,,1,3-3-3,1,1,1,0,1
shortcode::number:350,number:350,350,shortcode,,0,350,Yes,No,,,1,35 - 0,1,1,1,0,1
shortcode::number:3949,number:3949,3949,shortcode,,0,3949,Yes,No,,,1,3949,1,1,1,0,1
shortcode::number:400800,number:400800,400800,shortcode,,0,400800,Yes,No,,,1,400-800,1,1,1,0,1
shortcode::number:40125,number:40125,40125,shortcode,,0,40125,Yes,No,,,1,40–125,1,1,0,1,1
shortcode::number:404,number:404,404,shortcode,,0,404,Yes,No,,,1,404,1,1,1,0,1
shortcode::number:411,number:411,411,shortcode,,0,411,Yes,No,,,1,411,1,1,1,0,1
shortcode::number:412,number:412,412,shortcode,,0,412,Yes,No,,,1,4–12,1,1,1,0,1
shortcode::number:424,number:424,424,shortcode,,0,424,Yes,No,,,1,4–24,1,1,1,0,1
shortcode::number:4325,number:4325,4325,shortcode,,0,4325,Yes,No,,,1,4325,1,1,1,0,1
shortcode::number:444,number:444,444,shortcode,,0,444,Yes,No,,,1,4-4-4,1,1,1,0,1
shortcode::number:451,number:451,451,shortcode,,0,451,Yes,No,,,1,451,1,1,1,0,1
shortcode::number:501,number:501,501,shortcode,,0,501,Yes,No,,,1,50 - 1,1,1,1,0,1
shortcode::number:5060,number:5060,5060,shortcode,,0,5060,Yes,No,,,1,50–60,1,1,0,1,1
shortcode::number:511,number:511,511,shortcode,,0,511,Yes,No,,,1,511,1,1,1,0,1
shortcode::number:512,number:512,512,shortcode,,0,512,Yes,No,,,1,512,1,1,1,0,1
shortcode::number:5210,number:5210,5210,shortcode,,0,5210,Yes,No,,,1,5-2-1-0,1,1,1,0,1
shortcode::number:52886,number:52886,52886,shortcode,,0,52886,Yes,No,,,1,52886,1,1,1,0,1
shortcode::number:540,number:540,540,shortcode,,0,540,Yes,No,,,1,540,1,1,1,0,1
shortcode::number:6074,number:6074,6074,shortcode,,0,6074,Yes,No,,,1,60–74,1,1,1,0,1
shortcode::number:710,number:710,710,shortcode,,0,710,Yes,No,,,1,7–10,1,1,1,0,1
shortcode::number:711,number:711,711,shortcode,,0,711,Yes,No,,,1,7–11,1,1,0,1,1
shortcode::number:760,number:760,760,shortcode,,0,760,Yes,No,,,1,760,2,1,0,1,1
shortcode::number:774636,number:774636,774636,shortcode,,0,774636,Yes,No,,,1,774636,1,1,1,0,1
shortcode::number:797979,number:797979,797979,shortcode,,0,797979,Yes,No,,,1,797979,1,1,1,0,1
shortcode::number:800799,number:800799,800799,shortcode,,0,800799,Yes,No,,,1,800‑799,1,1,1,0,1
shortcode::number:800950,number:800950,800950,shortcode,,0,800950,Yes,No,,,1,(800) 950,1,1,1,0,1
shortcode::number:813,number:813,813,shortcode,,0,813,Yes,No,,,1,8–13,1,1,1,0,1
shortcode::number:820,number:820,820,shortcode,,0,820,Yes,No,,,1,8–20,1,1,1,0,1
shortcode::number:8336,number:8336,8336,shortcode,,0,8336,Yes,No,,,1,8336,1,1,1,0,1
shortcode::number:847,number:847,847,shortcode,,0,847,Yes,No,,,1,847,1,1,0,1,1
shortcode::number:8508,number:8508,8508,shortcode,,0,8508,Yes,No,,,1,8508,1,1,1,0,1
shortcode::number:850985,number:850985,850985,shortcode,,0,850985,Yes,No,,,1,850-985,1,1,1,0,1
shortcode::number:877877,number:877877,877877,shortcode,,0,877877,Yes,No,,,1,877877,1,1,0,1,1
shortcode::number:910,number:910,910,shortcode,,0,910,Yes,No,,,1,9–10,1,1,0,1,1
shortcode::number:960,number:960,960,shortcode,,0,960,Yes,No,,,1,960,1,1,1,0,1
generic::generic-emergency,generic-emergency,Unnamed Emergency Services,generic,Other,0,generic-emergency,No,Yes,INT,,1,CALL EMERGENCY | Call Emergency | Call emergency | EMERGENCY SERVICES | Emergency Number | Emergency Room | Emergency Services | Emergency room,12975,9753,7939,1814,6
generic::generic-helpline,generic-helpline,Unnamed Helpline,generic,Other,0,generic-helpline,No,Yes,INT,,1,A Crisis Line | A HELPLINE | A Helpline | A Hotline | A crisis line | A helpline | A hotline | A warmline,5084,4526,3727,799,6
generic::generic-service,generic-service,Unnamed Service,generic,Other,0,generic-service,No,Yes,INT,,1,A Support Group | A support group | Local Services | Local Support | Local services | Local support | Support Groups | Support Organization,1595,1402,1261,141,6
